INSERT INTO SystemRep (System_id, distance_to_galaxy_centre, ucoordinate, vcoordinate) VALUES ('U2013V2039', 3.4108003382535308E16, 2013.0, 2039.0);


INSERT INTO SystemRep (System_id, distance_to_galaxy_centre, ucoordinate, vcoordinate) VALUES ('U2013V2038', 3.409953317242639E16, 2013.0, 2038.0);


INSERT INTO SystemRep (System_id, distance_to_galaxy_centre, ucoordinate, vcoordinate) VALUES ('U2013V2037', 3.409106501449035E16, 2013.0, 2037.0);


INSERT INTO SystemRep (System_id, distance_to_galaxy_centre, ucoordinate, vcoordinate) VALUES ('U2013V2036', 3.408259891025683E16, 2013.0, 2036.0);


INSERT INTO SystemRep (System_id, distance_to_galaxy_centre, ucoordinate, vcoordinate) VALUES ('U2013V2035', 3.4074134861256624E16, 2013.0, 2035.0);


INSERT INTO SystemRep (System_id, distance_to_galaxy_centre, ucoordinate, vcoordinate) VALUES ('U2013V2034', 3.4065672869021684E16, 2013.0, 2034.0);


INSERT INTO SystemRep (System_id, distance_to_galaxy_centre, ucoordinate, vcoordinate) VALUES ('U2013V2033', 3.4057212935085104E16, 2013.0, 2033.0);


INSERT INTO SystemRep (System_id, distance_to_galaxy_centre, ucoordinate, vcoordinate) VALUES ('U2013V2032', 3.404875506098113E16, 2013.0, 2032.0);


INSERT INTO SystemRep (System_id, distance_to_galaxy_centre, ucoordinate, vcoordinate) VALUES ('U2013V2031', 3.404029924824516E16, 2013.0, 2031.0);


INSERT INTO SystemRep (System_id, distance_to_galaxy_centre, ucoordinate, vcoordinate) VALUES ('U2013V2030', 3.4031845498413748E16, 2013.0, 2030.0);


INSERT INTO SystemRep (System_id, distance_to_galaxy_centre, ucoordinate, vcoordinate) VALUES ('U2007V2039', 3.4057862013536904E16, 2007.0, 2039.0);


INSERT INTO SystemRep (System_id, distance_to_galaxy_centre, ucoordinate, vcoordinate) VALUES ('U2007V2038', 3.4049379330135932E16, 2007.0, 2038.0);


INSERT INTO SystemRep (System_id, distance_to_galaxy_centre, ucoordinate, vcoordinate) VALUES ('U2007V2037', 3.404089869572024E16, 2007.0, 2037.0);


INSERT INTO SystemRep (System_id, distance_to_galaxy_centre, ucoordinate, vcoordinate) VALUES ('U2007V2036', 3.403242011182161E16, 2007.0, 2036.0);


INSERT INTO SystemRep (System_id, distance_to_galaxy_centre, ucoordinate, vcoordinate) VALUES ('U2007V2035', 3.4023943579972972E16, 2007.0, 2035.0);


INSERT INTO SystemRep (System_id, distance_to_galaxy_centre, ucoordinate, vcoordinate) VALUES ('U2007V2034', 3.4015469101708416E16, 2007.0, 2034.0);


INSERT INTO SystemRep (System_id, distance_to_galaxy_centre, ucoordinate, vcoordinate) VALUES ('U2007V2033', 3.400699667856319E16, 2007.0, 2033.0);


INSERT INTO SystemRep (System_id, distance_to_galaxy_centre, ucoordinate, vcoordinate) VALUES ('U2007V2032', 3.3998526312073704E16, 2007.0, 2032.0);


INSERT INTO SystemRep (System_id, distance_to_galaxy_centre, ucoordinate, vcoordinate) VALUES ('U2007V2031', 3.3990058003777516E16, 2007.0, 2031.0);


INSERT INTO SystemRep (System_id, distance_to_galaxy_centre, ucoordinate, vcoordinate) VALUES ('U2007V2030', 3.398159175521335E16, 2007.0, 2030.0);


INSERT INTO SystemRep (System_id, distance_to_galaxy_centre, ucoordinate, vcoordinate) VALUES ('U2001V2039', 3.400779672220404E16, 2001.0, 2039.0);


INSERT INTO SystemRep (System_id, distance_to_galaxy_centre, ucoordinate, vcoordinate) VALUES ('U2001V2038', 3.3999301547724772E16, 2001.0, 2038.0);


INSERT INTO StarRep (System_id,cluster_id,distance_clust_virt_centre,luminosity,no_planets_allowed,angle_in_radians_s,star_color,star_type,star_size)  VALUES ('U2001V2038', 'U2001V2038_0', 6.920930232558139E10, 3.748860314627566E-5, 'F', 6.0, 'orng.dwarf', 'dk', 0.5633333333333334);


INSERT INTO ClusterRep (System_id,distance_sys_virt_centre,planetsAllowed,cluster_id,angle_in_radians,cluster_description,number_stars_in_cluster)  VALUES ('U2001V2038', 6.4E10, 'T', 'U2001V2038_0', 5.6199601914217405, 'Cluster Number: 0 SINGLESTAR', 1);


INSERT INTO SystemRep (System_id, distance_to_galaxy_centre, ucoordinate, vcoordinate) VALUES ('U2001V2037', 3.399080841901116E16, 2001.0, 2037.0);


INSERT INTO SystemRep (System_id, distance_to_galaxy_centre, ucoordinate, vcoordinate) VALUES ('U2001V2036', 3.3982317337597092E16, 2001.0, 2036.0);


INSERT INTO SystemRep (System_id, distance_to_galaxy_centre, ucoordinate, vcoordinate) VALUES ('U2001V2035', 3.3973828305017612E16, 2001.0, 2035.0);


INSERT INTO SystemRep (System_id, distance_to_galaxy_centre, ucoordinate, vcoordinate) VALUES ('U2001V2034', 3.396534132280893E16, 2001.0, 2034.0);


INSERT INTO SystemRep (System_id, distance_to_galaxy_centre, ucoordinate, vcoordinate) VALUES ('U2001V2033', 3.395685639250842E16, 2001.0, 2033.0);


INSERT INTO SystemRep (System_id, distance_to_galaxy_centre, ucoordinate, vcoordinate) VALUES ('U2001V2032', 3.3948373515654616E16, 2001.0, 2032.0);


INSERT INTO StarRep (System_id,cluster_id,distance_clust_virt_centre,luminosity,no_planets_allowed,angle_in_radians_s,star_color,star_type,star_size)  VALUES ('U2001V2032', 'U2001V2032_0', 2.7054545454545456E11, 126000.0, 'F', 140.0, 'blue.subgi', 'o8', 27.333333333333336);


INSERT INTO ClusterRep (System_id,distance_sys_virt_centre,planetsAllowed,cluster_id,angle_in_radians,cluster_description,number_stars_in_cluster)  VALUES ('U2001V2032', 1.1446153846153847E11, 'T', 'U2001V2032_0', 5.323254218582705, 'Cluster Number: 0 SINGLESTAR', 1);


INSERT INTO SystemRep (System_id, distance_to_galaxy_centre, ucoordinate, vcoordinate) VALUES ('U2001V2031', 3.393989269378723E16, 2001.0, 2031.0);


INSERT INTO SystemRep (System_id, distance_to_galaxy_centre, ucoordinate, vcoordinate) VALUES ('U2001V2030', 3.3931413928447132E16, 2001.0, 2030.0);


INSERT INTO SystemRep (System_id, distance_to_galaxy_centre, ucoordinate, vcoordinate) VALUES ('U2014V2039', 3.411636765026242E16, 2014.0, 2039.0);


INSERT INTO SystemRep (System_id, distance_to_galaxy_centre, ucoordinate, vcoordinate) VALUES ('U2014V2038', 3.4107899517300092E16, 2014.0, 2038.0);


INSERT INTO SystemRep (System_id, distance_to_galaxy_centre, ucoordinate, vcoordinate) VALUES ('U2014V2037', 3.4099433437038804E16, 2014.0, 2037.0);


INSERT INTO SystemRep (System_id, distance_to_galaxy_centre, ucoordinate, vcoordinate) VALUES ('U2014V2036', 3.4090969411007836E16, 2014.0, 2036.0);


INSERT INTO SystemRep (System_id, distance_to_galaxy_centre, ucoordinate, vcoordinate) VALUES ('U2009V2029', 3.3989874566422748E16, 2009.0, 2029.0);


INSERT INTO StarRep (System_id,cluster_id,distance_clust_virt_centre,luminosity,no_planets_allowed,angle_in_radians_s,star_color,star_type,star_size)  VALUES ('U2009V2029', 'U2009V2029_0', 3.864935064935065E10, 232.5377916925421, 'F', 3.0, 'orng.gi.i ', 'k3', 7.053333333333334);


INSERT INTO ClusterRep (System_id,distance_sys_virt_centre,planetsAllowed,cluster_id,angle_in_radians,cluster_description,number_stars_in_cluster)  VALUES ('U2009V2029', 3.306666666666667E11, 'T', 'U2009V2029_0', 2.9146998508305306, 'Cluster Number: 0 SINGLESTAR', 1);


INSERT INTO SystemRep (System_id, distance_to_galaxy_centre, ucoordinate, vcoordinate) VALUES ('U2014V2035', 3.408250744073763E16, 2014.0, 2035.0);


INSERT INTO SystemRep (System_id, distance_to_galaxy_centre, ucoordinate, vcoordinate) VALUES ('U2009V2028', 3.3981416612316796E16, 2009.0, 2028.0);


INSERT INTO SystemRep (System_id, distance_to_galaxy_centre, ucoordinate, vcoordinate) VALUES ('U2014V2034', 3.4074047527759776E16, 2014.0, 2034.0);


INSERT INTO SystemRep (System_id, distance_to_galaxy_centre, ucoordinate, vcoordinate) VALUES ('U2009V2027', 3.39729607236249E16, 2009.0, 2027.0);


INSERT INTO SystemRep (System_id, distance_to_galaxy_centre, ucoordinate, vcoordinate) VALUES ('U2014V2033', 3.4065589673607004E16, 2014.0, 2033.0);


INSERT INTO SystemRep (System_id, distance_to_galaxy_centre, ucoordinate, vcoordinate) VALUES ('U2009V2026', 3.3964506901889684E16, 2009.0, 2026.0);


INSERT INTO StarRep (System_id,cluster_id,distance_clust_virt_centre,luminosity,no_planets_allowed,angle_in_radians_s,star_color,star_type,star_size)  VALUES ('U2009V2026', 'U2009V2026_0', 2.976E11, 2.9E-5, 'F', 230.0, 'red_.dwarf', 'dm', 0.624);


INSERT INTO ClusterRep (System_id,distance_sys_virt_centre,planetsAllowed,cluster_id,angle_in_radians,cluster_description,number_stars_in_cluster)  VALUES ('U2009V2026', 9.92E10, 'T', 'U2009V2026_0', 3.211405823669566, 'Cluster Number: 0 SINGLESTAR', 1);


INSERT INTO SystemRep (System_id, distance_to_galaxy_centre, ucoordinate, vcoordinate) VALUES ('U2014V2032', 3.40571338798132E16, 2014.0, 2032.0);


INSERT INTO SystemRep (System_id, distance_to_galaxy_centre, ucoordinate, vcoordinate) VALUES ('U2009V2025', 3.3956055148654944E16, 2009.0, 2025.0);


INSERT INTO StarRep (System_id,cluster_id,distance_clust_virt_centre,luminosity,no_planets_allowed,angle_in_radians_s,star_color,star_type,star_size)  VALUES ('U2009V2025', 'U2009V2025_0', 4.0767123287671234E10, 710000.0, 'F', 284.0, 'blue.gi.i ', 'o8', 41.66666666666667);


INSERT INTO ClusterRep (System_id,distance_sys_virt_centre,planetsAllowed,cluster_id,angle_in_radians,cluster_description,number_stars_in_cluster)  VALUES ('U2009V2025', 8.502857142857143E10, 'T', 'U2009V2025_0', 4.60766922526503, 'Cluster Number: 0 SINGLESTAR', 1);


INSERT INTO SystemRep (System_id, distance_to_galaxy_centre, ucoordinate, vcoordinate) VALUES ('U2014V2031', 3.40486801479134E16, 2014.0, 2031.0);


INSERT INTO SystemRep (System_id, distance_to_galaxy_centre, ucoordinate, vcoordinate) VALUES ('U2009V2024', 3.394760546546563E16, 2009.0, 2024.0);


INSERT INTO SystemRep (System_id, distance_to_galaxy_centre, ucoordinate, vcoordinate) VALUES ('U2014V2030', 3.404022847944379E16, 2014.0, 2030.0);


INSERT INTO SystemRep (System_id, distance_to_galaxy_centre, ucoordinate, vcoordinate) VALUES ('U2009V2023', 3.3939157853867852E16, 2009.0, 2023.0);


INSERT INTO SystemRep (System_id, distance_to_galaxy_centre, ucoordinate, vcoordinate) VALUES ('U2009V2022', 3.3930712315408884E16, 2009.0, 2022.0);


INSERT INTO SystemRep (System_id, distance_to_galaxy_centre, ucoordinate, vcoordinate) VALUES ('U2009V2021', 3.3922268851637148E16, 2009.0, 2021.0);


INSERT INTO SystemRep (System_id, distance_to_galaxy_centre, ucoordinate, vcoordinate) VALUES ('U2009V2020', 3.3913827464102252E16, 2009.0, 2020.0);


INSERT INTO StarRep (System_id,cluster_id,distance_clust_virt_centre,luminosity,no_planets_allowed,angle_in_radians_s,star_color,star_type,star_size)  VALUES ('U2009V2020', 'U2009V2020_0', 4.96E11, 3.5438665111715935E-5, 'F', 150.0, 'orng.dwarf', 'dk', 0.598);


INSERT INTO ClusterRep (System_id,distance_sys_virt_centre,planetsAllowed,cluster_id,angle_in_radians,cluster_description,number_stars_in_cluster)  VALUES ('U2009V2020', 4.578461538461539E11, 'T', 'U2009V2020_0', 4.9043751981040655, 'Cluster Number: 0 SINGLESTAR', 1);


INSERT INTO SystemRep (System_id, distance_to_galaxy_centre, ucoordinate, vcoordinate) VALUES ('U2005V2029', 3.395638900255821E16, 2005.0, 2029.0);


INSERT INTO SystemRep (System_id, distance_to_galaxy_centre, ucoordinate, vcoordinate) VALUES ('U2005V2028', 3.394792270569355E16, 2005.0, 2028.0);


INSERT INTO StarRep (System_id,cluster_id,distance_clust_virt_centre,luminosity,no_planets_allowed,angle_in_radians_s,star_color,star_type,star_size)  VALUES ('U2005V2028', 'U2005V2028_0', 4.8E10, 1791976.6316168318, 'F', 45.0, 'blue.sg.i ', 'o8', 116.66666666666667);


INSERT INTO ClusterRep (System_id,distance_sys_virt_centre,planetsAllowed,cluster_id,angle_in_radians,cluster_description,number_stars_in_cluster)  VALUES ('U2005V2028', 2.0524137931034482E11, 'T', 'U2005V2028_0', 3.420845333908886, 'Cluster Number: 0 SINGLESTAR', 1);


INSERT INTO SystemRep (System_id, distance_to_galaxy_centre, ucoordinate, vcoordinate) VALUES ('U2005V2027', 3.393945847212156E16, 2005.0, 2027.0);


INSERT INTO SystemRep (System_id, distance_to_galaxy_centre, ucoordinate, vcoordinate) VALUES ('U2005V2026', 3.393099630338632E16, 2005.0, 2026.0);


INSERT INTO SystemRep (System_id, distance_to_galaxy_centre, ucoordinate, vcoordinate) VALUES ('U2005V2025', 3.392253620103308E16, 2005.0, 2025.0);


INSERT INTO SystemRep (System_id, distance_to_galaxy_centre, ucoordinate, vcoordinate) VALUES ('U2005V2024', 3.391407816660827E16, 2005.0, 2024.0);


INSERT INTO SystemRep (System_id, distance_to_galaxy_centre, ucoordinate, vcoordinate) VALUES ('U2008V2039', 3.4066213634264668E16, 2008.0, 2039.0);


INSERT INTO StarRep (System_id,cluster_id,distance_clust_virt_centre,luminosity,no_planets_allowed,angle_in_radians_s,star_color,star_type,star_size)  VALUES ('U2008V2039', 'U2008V2039_0', 7.258536585365854E10, 2.301097694939699, 'F', 57.0, 'pyel.mains', 'f6', 39.6);


INSERT INTO ClusterRep (System_id,distance_sys_virt_centre,planetsAllowed,cluster_id,angle_in_radians,cluster_description,number_stars_in_cluster)  VALUES ('U2008V2039', 2.0524137931034482E11, 'T', 'U2008V2039_0', 4.328416544945937, 'Cluster Number: 0 SINGLESTAR', 1);


INSERT INTO SystemRep (System_id, distance_to_galaxy_centre, ucoordinate, vcoordinate) VALUES ('U2005V2023', 3.3905622201659476E16, 2005.0, 2023.0);


INSERT INTO SystemRep (System_id, distance_to_galaxy_centre, ucoordinate, vcoordinate) VALUES ('U2008V2038', 3.4057733030983256E16, 2008.0, 2038.0);


INSERT INTO SystemRep (System_id, distance_to_galaxy_centre, ucoordinate, vcoordinate) VALUES ('U2005V2022', 3.389716830773544E16, 2005.0, 2022.0);


INSERT INTO SystemRep (System_id, distance_to_galaxy_centre, ucoordinate, vcoordinate) VALUES ('U2008V2037', 3.4049254477220612E16, 2008.0, 2037.0);


INSERT INTO SystemRep (System_id, distance_to_galaxy_centre, ucoordinate, vcoordinate) VALUES ('U2005V2021', 3.3888716486386084E16, 2005.0, 2021.0);


INSERT INTO SystemRep (System_id, distance_to_galaxy_centre, ucoordinate, vcoordinate) VALUES ('U2008V2036', 3.4040777974508164E16, 2008.0, 2036.0);


INSERT INTO SystemRep (System_id, distance_to_galaxy_centre, ucoordinate, vcoordinate) VALUES ('U2005V2020', 3.388026673916249E16, 2005.0, 2020.0);


INSERT INTO SystemRep (System_id, distance_to_galaxy_centre, ucoordinate, vcoordinate) VALUES ('U2001V2029', 3.392293722117635E16, 2001.0, 2029.0);


INSERT INTO StarRep (System_id,cluster_id,distance_clust_virt_centre,luminosity,no_planets_allowed,angle_in_radians_s,star_color,star_type,star_size)  VALUES ('U2001V2029', 'U2001V2029_0', 4.021621621621622E10, 1.1983662300484519, 'F', 193.0, 'yelo.mains', 'g0', 42.0);


INSERT INTO ClusterRep (System_id,distance_sys_virt_centre,planetsAllowed,cluster_id,angle_in_radians,cluster_description,number_stars_in_cluster)  VALUES ('U2001V2029', 9.6E10, 'T', 'U2001V2029_0', 0.4537856055185257, 'Cluster Number: 0 SINGLESTAR', 1);


INSERT INTO SystemRep (System_id, distance_to_galaxy_centre, ucoordinate, vcoordinate) VALUES ('U2008V2035', 3.403230352437848E16, 2008.0, 2035.0);


INSERT INTO SystemRep (System_id, distance_to_galaxy_centre, ucoordinate, vcoordinate) VALUES ('U2001V2028', 3.39144625735181E16, 2001.0, 2028.0);


INSERT INTO SystemRep (System_id, distance_to_galaxy_centre, ucoordinate, vcoordinate) VALUES ('U2008V2034', 3.4023831128365308E16, 2008.0, 2034.0);


INSERT INTO SystemRep (System_id, distance_to_galaxy_centre, ucoordinate, vcoordinate) VALUES ('U2001V2027', 3.3905989987016748E16, 2001.0, 2027.0);


INSERT INTO SystemRep (System_id, distance_to_galaxy_centre, ucoordinate, vcoordinate) VALUES ('U2008V2033', 3.401536078800353E16, 2008.0, 2033.0);


INSERT INTO SystemRep (System_id, distance_to_galaxy_centre, ucoordinate, vcoordinate) VALUES ('U2001V2026', 3.3897519463217836E16, 2001.0, 2026.0);


INSERT INTO SystemRep (System_id, distance_to_galaxy_centre, ucoordinate, vcoordinate) VALUES ('U2008V2032', 3.4006892504829196E16, 2008.0, 2032.0);


INSERT INTO SystemRep (System_id, distance_to_galaxy_centre, ucoordinate, vcoordinate) VALUES ('U2001V2025', 3.388905100366807E16, 2001.0, 2025.0);


INSERT INTO SystemRep (System_id, distance_to_galaxy_centre, ucoordinate, vcoordinate) VALUES ('U2008V2031', 3.3998426280379508E16, 2008.0, 2031.0);


INSERT INTO SystemRep (System_id, distance_to_galaxy_centre, ucoordinate, vcoordinate) VALUES ('U2001V2024', 3.3880584609915336E16, 2001.0, 2024.0);


INSERT INTO SystemRep (System_id, distance_to_galaxy_centre, ucoordinate, vcoordinate) VALUES ('U2008V2030', 3.3989962116192836E16, 2008.0, 2030.0);


INSERT INTO StarRep (System_id,cluster_id,distance_clust_virt_centre,luminosity,no_planets_allowed,angle_in_radians_s,star_color,star_type,star_size)  VALUES ('U2008V2030', 'U2008V2030_0', 8.043243243243243E10, 2.32, 'F', 337.0, 'pyel.mains', 'f6', 39.6);


INSERT INTO ClusterRep (System_id,distance_sys_virt_centre,planetsAllowed,cluster_id,angle_in_radians,cluster_description,number_stars_in_cluster)  VALUES ('U2008V2030', 7.348148148148148E10, 'T', 'U2008V2030_0', 6.021385919380437, 'Cluster Number: 0 SINGLESTAR', 1);


INSERT INTO SystemRep (System_id, distance_to_galaxy_centre, ucoordinate, vcoordinate) VALUES ('U2001V2023', 3.387212028350868E16, 2001.0, 2023.0);


INSERT INTO SystemRep (System_id, distance_to_galaxy_centre, ucoordinate, vcoordinate) VALUES ('U2001V2022', 3.386365802599831E16, 2001.0, 2022.0);


INSERT INTO SystemRep (System_id, distance_to_galaxy_centre, ucoordinate, vcoordinate) VALUES ('U2001V2021', 3.3855197838935636E16, 2001.0, 2021.0);


INSERT INTO SystemRep (System_id, distance_to_galaxy_centre, ucoordinate, vcoordinate) VALUES ('U2001V2020', 3.38467397238732E16, 2001.0, 2020.0);


INSERT INTO StarRep (System_id,cluster_id,distance_clust_virt_centre,luminosity,no_planets_allowed,angle_in_radians_s,star_color,star_type,star_size)  VALUES ('U2001V2020', 'U2001V2020_0', 3.306666666666667E11, 0.09040673048464996, 'F', 100.0, 'red_.mains', 'm0', 1.255);


INSERT INTO ClusterRep (System_id,distance_sys_virt_centre,planetsAllowed,cluster_id,angle_in_radians,cluster_description,number_stars_in_cluster)  VALUES ('U2001V2020', 7.63076923076923E10, 'T', 'U2001V2020_0', 6.178465552059927, 'Cluster Number: 0 SINGLESTAR', 1);


INSERT INTO SystemRep (System_id, distance_to_galaxy_centre, ucoordinate, vcoordinate) VALUES ('U2018V2029', 3.4065340086143864E16, 2018.0, 2029.0);


INSERT INTO SystemRep (System_id, distance_to_galaxy_centre, ucoordinate, vcoordinate) VALUES ('U2018V2028', 3.405690087373377E16, 2018.0, 2028.0);


INSERT INTO SystemRep (System_id, distance_to_galaxy_centre, ucoordinate, vcoordinate) VALUES ('U2018V2027', 3.4048463731458544E16, 2018.0, 2027.0);


INSERT INTO SystemRep (System_id, distance_to_galaxy_centre, ucoordinate, vcoordinate) VALUES ('U2018V2026', 3.40400286608575E16, 2018.0, 2026.0);


INSERT INTO SystemRep (System_id, distance_to_galaxy_centre, ucoordinate, vcoordinate) VALUES ('U2018V2025', 3.403159566347109E16, 2018.0, 2025.0);


INSERT INTO SystemRep (System_id, distance_to_galaxy_centre, ucoordinate, vcoordinate) VALUES ('U2018V2024', 3.4023164740840908E16, 2018.0, 2024.0);


INSERT INTO SystemRep (System_id, distance_to_galaxy_centre, ucoordinate, vcoordinate) VALUES ('U2018V2023', 3.401473589450972E16, 2018.0, 2023.0);


INSERT INTO SystemRep (System_id, distance_to_galaxy_centre, ucoordinate, vcoordinate) VALUES ('U2018V2022', 3.4006309126021424E16, 2018.0, 2022.0);


INSERT INTO SystemRep (System_id, distance_to_galaxy_centre, ucoordinate, vcoordinate) VALUES ('U2018V2021', 3.399788443692107E16, 2018.0, 2021.0);


INSERT INTO SystemRep (System_id, distance_to_galaxy_centre, ucoordinate, vcoordinate) VALUES ('U2018V2020', 3.3989461828754864E16, 2018.0, 2020.0);


INSERT INTO SystemRep (System_id, distance_to_galaxy_centre, ucoordinate, vcoordinate) VALUES ('U2014V2029', 3.4031778875941704E16, 2014.0, 2029.0);


INSERT INTO SystemRep (System_id, distance_to_galaxy_centre, ucoordinate, vcoordinate) VALUES ('U2014V2028', 3.402333133894563E16, 2014.0, 2028.0);


INSERT INTO StarRep (System_id,cluster_id,distance_clust_virt_centre,luminosity,no_planets_allowed,angle_in_radians_s,star_color,star_type,star_size)  VALUES ('U2014V2028', 'U2014V2028_0', 5.2210526315789474E10, 0.0096, 'F', 55.0, 'red_.mains', 'm9', 0.13616666666666666);


INSERT INTO ClusterRep (System_id,distance_sys_virt_centre,planetsAllowed,cluster_id,angle_in_radians,cluster_description,number_stars_in_cluster)  VALUES ('U2014V2028', 6.6133333333333336E10, 'T', 'U2014V2028_0', 2.9845130209103035, 'Cluster Number: 0 SINGLESTAR', 1);


INSERT INTO SystemRep (System_id, distance_to_galaxy_centre, ucoordinate, vcoordinate) VALUES ('U2014V2027', 3.4014885869995212E16, 2014.0, 2027.0);


INSERT INTO SystemRep (System_id, distance_to_galaxy_centre, ucoordinate, vcoordinate) VALUES ('U2014V2026', 3.400644247063124E16, 2014.0, 2026.0);


INSERT INTO SystemRep (System_id, distance_to_galaxy_centre, ucoordinate, vcoordinate) VALUES ('U2002V2039', 3.4016135639992972E16, 2002.0, 2039.0);


INSERT INTO SystemRep (System_id, distance_to_galaxy_centre, ucoordinate, vcoordinate) VALUES ('U2014V2025', 3.3998001142395652E16, 2014.0, 2025.0);


INSERT INTO SystemRep (System_id, distance_to_galaxy_centre, ucoordinate, vcoordinate) VALUES ('U2002V2038', 3.4007642548591456E16, 2002.0, 2038.0);


INSERT INTO SystemRep (System_id, distance_to_galaxy_centre, ucoordinate, vcoordinate) VALUES ('U2014V2024', 3.398956188683155E16, 2014.0, 2024.0);


INSERT INTO SystemRep (System_id, distance_to_galaxy_centre, ucoordinate, vcoordinate) VALUES ('U2002V2037', 3.3999151503494436E16, 2002.0, 2037.0);


INSERT INTO SystemRep (System_id, distance_to_galaxy_centre, ucoordinate, vcoordinate) VALUES ('U2014V2023', 3.3981124705483188E16, 2014.0, 2023.0);


INSERT INTO StarRep (System_id,cluster_id,distance_clust_virt_centre,luminosity,no_planets_allowed,angle_in_radians_s,star_color,star_type,star_size)  VALUES ('U2014V2023', 'U2014V2023_0', 3.3066666666666668E10, 0.21579699673881206, 'F', 282.0, 'orng.mains', 'k4', 1.126);


INSERT INTO ClusterRep (System_id,distance_sys_virt_centre,planetsAllowed,cluster_id,angle_in_radians,cluster_description,number_stars_in_cluster)  VALUES ('U2014V2023', 1.8036363636363635E11, 'T', 'U2014V2023_0', 3.2637657012293966, 'Cluster Number: 0 SINGLESTAR', 1);


INSERT INTO SystemRep (System_id, distance_to_galaxy_centre, ucoordinate, vcoordinate) VALUES ('U2002V2036', 3.3990662506235444E16, 2002.0, 2036.0);


INSERT INTO SystemRep (System_id, distance_to_galaxy_centre, ucoordinate, vcoordinate) VALUES ('U2014V2022', 3.3972689599895972E16, 2014.0, 2022.0);


INSERT INTO StarRep (System_id,cluster_id,distance_clust_virt_centre,luminosity,no_planets_allowed,angle_in_radians_s,star_color,star_type,star_size)  VALUES ('U2014V2022', 'U2014V2022_0', 3.234782608695652E10, 9.4, 'F', 322.0, 'whit.mains', 'a9', 35.4);


INSERT INTO ClusterRep (System_id,distance_sys_virt_centre,planetsAllowed,cluster_id,angle_in_radians,cluster_description,number_stars_in_cluster)  VALUES ('U2014V2022', 8.502857142857142E11, 'T', 'U2014V2022_0', 2.426007660272118, 'Cluster Number: 0 SINGLESTAR', 1);


INSERT INTO SystemRep (System_id, distance_to_galaxy_centre, ucoordinate, vcoordinate) VALUES ('U2002V2035', 3.3982175558349176E16, 2002.0, 2035.0);


INSERT INTO SystemRep (System_id, distance_to_galaxy_centre, ucoordinate, vcoordinate) VALUES ('U2014V2021', 3.396425657161646E16, 2014.0, 2021.0);


INSERT INTO StarRep (System_id,cluster_id,distance_clust_virt_centre,luminosity,no_planets_allowed,angle_in_radians_s,star_color,star_type,star_size)  VALUES ('U2014V2021', 'U2014V2021_0', 1.1904E11, 2.5982714071874374E-5, 'F', 189.0, 'red_.dwarf', 'dm', 0.676);


INSERT INTO ClusterRep (System_id,distance_sys_virt_centre,planetsAllowed,cluster_id,angle_in_radians,cluster_description,number_stars_in_cluster)  VALUES ('U2014V2021', 1.24E11, 'T', 'U2014V2021_0', 2.705260340591211, 'Cluster Number: 0 SINGLESTAR', 1);


INSERT INTO SystemRep (System_id, distance_to_galaxy_centre, ucoordinate, vcoordinate) VALUES ('U2002V2034', 3.3973690661371484E16, 2002.0, 2034.0);


INSERT INTO StarRep (System_id,cluster_id,distance_clust_virt_centre,luminosity,no_planets_allowed,angle_in_radians_s,star_color,star_type,star_size)  VALUES ('U2002V2034', 'U2002V2034_0', 0.0, 750.0, 'F', 261.0, 'whit.gi.ii', 'a6', 18.9);


INSERT INTO ClusterRep (System_id,distance_sys_virt_centre,planetsAllowed,cluster_id,angle_in_radians,cluster_description,number_stars_in_cluster)  VALUES ('U2002V2034', 5.410909090909091E11, 'T', 'U2002V2034_0', 4.136430327226561, 'Cluster Number: 0 SINGLESTAR', 1);


INSERT INTO SystemRep (System_id, distance_to_galaxy_centre, ucoordinate, vcoordinate) VALUES ('U2014V2020', 3.3955825622192372E16, 2014.0, 2020.0);


INSERT INTO SystemRep (System_id, distance_to_galaxy_centre, ucoordinate, vcoordinate) VALUES ('U2010V2029', 3.399825122420646E16, 2010.0, 2029.0);


INSERT INTO SystemRep (System_id, distance_to_galaxy_centre, ucoordinate, vcoordinate) VALUES ('U2002V2033', 3.3965207816839396E16, 2002.0, 2033.0);


INSERT INTO SystemRep (System_id, distance_to_galaxy_centre, ucoordinate, vcoordinate) VALUES ('U2010V2028', 3.398979535453169E16, 2010.0, 2028.0);


INSERT INTO SystemRep (System_id, distance_to_galaxy_centre, ucoordinate, vcoordinate) VALUES ('U2002V2032', 3.3956727026291092E16, 2002.0, 2032.0);


INSERT INTO SystemRep (System_id, distance_to_galaxy_centre, ucoordinate, vcoordinate) VALUES ('U2010V2027', 3.398134155079908E16, 2010.0, 2027.0);


INSERT INTO SystemRep (System_id, distance_to_galaxy_centre, ucoordinate, vcoordinate) VALUES ('U2002V2031', 3.394824829126593E16, 2002.0, 2031.0);


INSERT INTO SystemRep (System_id, distance_to_galaxy_centre, ucoordinate, vcoordinate) VALUES ('U2010V2026', 3.3972889814550896E16, 2010.0, 2026.0);


INSERT INTO SystemRep (System_id, distance_to_galaxy_centre, ucoordinate, vcoordinate) VALUES ('U2002V2030', 3.3939771613304412E16, 2002.0, 2030.0);


INSERT INTO SystemRep (System_id, distance_to_galaxy_centre, ucoordinate, vcoordinate) VALUES ('U2010V2025', 3.396444014733056E16, 2010.0, 2025.0);


INSERT INTO SystemRep (System_id, distance_to_galaxy_centre, ucoordinate, vcoordinate) VALUES ('U2010V2024', 3.3955992550682656E16, 2010.0, 2024.0);


INSERT INTO SystemRep (System_id, distance_to_galaxy_centre, ucoordinate, vcoordinate) VALUES ('U2010V2023', 3.394754702615292E16, 2010.0, 2023.0);


INSERT INTO SystemRep (System_id, distance_to_galaxy_centre, ucoordinate, vcoordinate) VALUES ('U2010V2022', 3.3939103575288252E16, 2010.0, 2022.0);


INSERT INTO StarRep (System_id,cluster_id,distance_clust_virt_centre,luminosity,no_planets_allowed,angle_in_radians_s,star_color,star_type,star_size)  VALUES ('U2010V2022', 'U2010V2022_0', 2.48E11, 2.313674648544031, 'F', 270.0, 'pyel.mains', 'f6', 39.6);


INSERT INTO ClusterRep (System_id,distance_sys_virt_centre,planetsAllowed,cluster_id,angle_in_radians,cluster_description,number_stars_in_cluster)  VALUES ('U2010V2022', 1.7505882352941177E11, 'T', 'U2010V2022_0', 2.356194490192345, 'Cluster Number: 0 SINGLESTAR', 1);


INSERT INTO SystemRep (System_id, distance_to_galaxy_centre, ucoordinate, vcoordinate) VALUES ('U2010V2021', 3.3930662199636716E16, 2010.0, 2021.0);


INSERT INTO SystemRep (System_id, distance_to_galaxy_centre, ucoordinate, vcoordinate) VALUES ('U2010V2020', 3.392222290074753E16, 2010.0, 2020.0);


INSERT INTO SystemRep (System_id, distance_to_galaxy_centre, ucoordinate, vcoordinate) VALUES ('U2015V2039', 3.4124734020401332E16, 2015.0, 2039.0);


INSERT INTO SystemRep (System_id, distance_to_galaxy_centre, ucoordinate, vcoordinate) VALUES ('U2015V2038', 3.411626796408869E16, 2015.0, 2038.0);


INSERT INTO SystemRep (System_id, distance_to_galaxy_centre, ucoordinate, vcoordinate) VALUES ('U2015V2037', 3.4107803961004348E16, 2015.0, 2037.0);


INSERT INTO SystemRep (System_id, distance_to_galaxy_centre, ucoordinate, vcoordinate) VALUES ('U2015V2036', 3.4099342012677256E16, 2015.0, 2036.0);


INSERT INTO StarRep (System_id,cluster_id,distance_clust_virt_centre,luminosity,no_planets_allowed,angle_in_radians_s,star_color,star_type,star_size)  VALUES ('U2015V2036', 'U2015V2036_0', 3.2E10, 0.33194779602136215, 'F', 281.0, 'orng.mains', 'k1', 1.0615);


INSERT INTO ClusterRep (System_id,distance_sys_virt_centre,planetsAllowed,cluster_id,angle_in_radians,cluster_description,number_stars_in_cluster)  VALUES ('U2015V2036', 0.0, 'T', 'U2015V2036_0', 5.497787143782138, 'Cluster Number: 0 SINGLESTAR', 1);


INSERT INTO SystemRep (System_id, distance_to_galaxy_centre, ucoordinate, vcoordinate) VALUES ('U2015V2035', 3.4090882120637476E16, 2015.0, 2035.0);


INSERT INTO SystemRep (System_id, distance_to_galaxy_centre, ucoordinate, vcoordinate) VALUES ('U2015V2034', 3.408242428641625E16, 2015.0, 2034.0);


INSERT INTO SystemRep (System_id, distance_to_galaxy_centre, ucoordinate, vcoordinate) VALUES ('U2015V2033', 3.4073968511545936E16, 2015.0, 2033.0);


INSERT INTO SystemRep (System_id, distance_to_galaxy_centre, ucoordinate, vcoordinate) VALUES ('U2015V2032', 3.4065514797560068E16, 2015.0, 2032.0);


INSERT INTO SystemRep (System_id, distance_to_galaxy_centre, ucoordinate, vcoordinate) VALUES ('U2015V2031', 3.405706314599331E16, 2015.0, 2031.0);


INSERT INTO SystemRep (System_id, distance_to_galaxy_centre, ucoordinate, vcoordinate) VALUES ('U2015V2030', 3.4048613558381492E16, 2015.0, 2030.0);


INSERT INTO SystemRep (System_id, distance_to_galaxy_centre, ucoordinate, vcoordinate) VALUES ('U2009V2039', 3.4074567366703748E16, 2009.0, 2039.0);


INSERT INTO SystemRep (System_id, distance_to_galaxy_centre, ucoordinate, vcoordinate) VALUES ('U2009V2038', 3.406608884304742E16, 2009.0, 2038.0);


INSERT INTO SystemRep (System_id, distance_to_galaxy_centre, ucoordinate, vcoordinate) VALUES ('U2009V2037', 3.405761236944246E16, 2009.0, 2037.0);


INSERT INTO SystemRep (System_id, distance_to_galaxy_centre, ucoordinate, vcoordinate) VALUES ('U2009V2036', 3.4049137947419932E16, 2009.0, 2036.0);


INSERT INTO SystemRep (System_id, distance_to_galaxy_centre, ucoordinate, vcoordinate) VALUES ('U2009V2035', 3.404066557851206E16, 2009.0, 2035.0);


INSERT INTO SystemRep (System_id, distance_to_galaxy_centre, ucoordinate, vcoordinate) VALUES ('U2009V2034', 3.403219526425223E16, 2009.0, 2034.0);


INSERT INTO StarRep (System_id,cluster_id,distance_clust_virt_centre,luminosity,no_planets_allowed,angle_in_radians_s,star_color,star_type,star_size)  VALUES ('U2009V2034', 'U2009V2034_0', 7.085714285714285E10, 0.0466, 'F', 97.0, 'red_.mains', 'm3', 0.09316666666666662);


INSERT INTO ClusterRep (System_id,distance_sys_virt_centre,planetsAllowed,cluster_id,angle_in_radians,cluster_description,number_stars_in_cluster)  VALUES ('U2009V2034', 2.976E12, 'T', 'U2009V2034_0', 3.490658503988659, 'Cluster Number: 0 SINGLESTAR', 1);


INSERT INTO SystemRep (System_id, distance_to_galaxy_centre, ucoordinate, vcoordinate) VALUES ('U2009V2033', 3.4023727006174972E16, 2009.0, 2033.0);


INSERT INTO SystemRep (System_id, distance_to_galaxy_centre, ucoordinate, vcoordinate) VALUES ('U2009V2032', 3.401526080581597E16, 2009.0, 2032.0);


INSERT INTO SystemRep (System_id, distance_to_galaxy_centre, ucoordinate, vcoordinate) VALUES ('U2009V2031', 3.4006796664712068E16, 2009.0, 2031.0);


INSERT INTO SystemRep (System_id, distance_to_galaxy_centre, ucoordinate, vcoordinate) VALUES ('U2009V2030', 3.3998334584401276E16, 2009.0, 2030.0);


INSERT INTO SystemRep (System_id, distance_to_galaxy_centre, ucoordinate, vcoordinate) VALUES ('U2003V2039', 3.4024476678833428E16, 2003.0, 2039.0);


INSERT INTO SystemRep (System_id, distance_to_galaxy_centre, ucoordinate, vcoordinate) VALUES ('U2003V2038', 3.401598567001768E16, 2003.0, 2038.0);


INSERT INTO SystemRep (System_id, distance_to_galaxy_centre, ucoordinate, vcoordinate) VALUES ('U2003V2037', 3.400749670804436E16, 2003.0, 2037.0);


INSERT INTO StarRep (System_id,cluster_id,distance_clust_virt_centre,luminosity,no_planets_allowed,angle_in_radians_s,star_color,star_type,star_size)  VALUES ('U2003V2037', 'U2003V2037_0', 4.376470588235294E10, 0.0276, 'F', 74.0, 'red_.mains', 'm5', 0.10750000000000004);


INSERT INTO ClusterRep (System_id,distance_sys_virt_centre,planetsAllowed,cluster_id,angle_in_radians,cluster_description,number_stars_in_cluster)  VALUES ('U2003V2037', 1.417142857142857E11, 'T', 'U2003V2037_0', 3.0019663134302466, 'Cluster Number: 0 SINGLESTAR', 1);


INSERT INTO SystemRep (System_id, distance_to_galaxy_centre, ucoordinate, vcoordinate) VALUES ('U2003V2036', 3.399900979444666E16, 2003.0, 2036.0);


INSERT INTO StarRep (System_id,cluster_id,distance_clust_virt_centre,luminosity,no_planets_allowed,angle_in_radians_s,star_color,star_type,star_size)  VALUES ('U2003V2036', 'U2003V2036_0', 4.251428571428571E10, 2.32, 'F', 114.0, 'pyel.mains', 'f6', 39.6);


INSERT INTO ClusterRep (System_id,distance_sys_virt_centre,planetsAllowed,cluster_id,angle_in_radians,cluster_description,number_stars_in_cluster)  VALUES ('U2003V2036', 3.72E11, 'T', 'U2003V2036_0', 2.1642082724729685, 'Cluster Number: 0 SINGLESTAR', 1);


INSERT INTO SystemRep (System_id, distance_to_galaxy_centre, ucoordinate, vcoordinate) VALUES ('U2003V2035', 3.3990524930758924E16, 2003.0, 2035.0);


INSERT INTO SystemRep (System_id, distance_to_galaxy_centre, ucoordinate, vcoordinate) VALUES ('U2003V2034', 3.3982042118516656E16, 2003.0, 2034.0);


INSERT INTO SystemRep (System_id, distance_to_galaxy_centre, ucoordinate, vcoordinate) VALUES ('U2003V2033', 3.3973561359256524E16, 2003.0, 2033.0);


INSERT INTO SystemRep (System_id, distance_to_galaxy_centre, ucoordinate, vcoordinate) VALUES ('U2003V2032', 3.3965082654516356E16, 2003.0, 2032.0);


INSERT INTO SystemRep (System_id, distance_to_galaxy_centre, ucoordinate, vcoordinate) VALUES ('U2003V2031', 3.395660600583515E16, 2003.0, 2031.0);


INSERT INTO SystemRep (System_id, distance_to_galaxy_centre, ucoordinate, vcoordinate) VALUES ('U2003V2030', 3.3948131414753064E16, 2003.0, 2030.0);


INSERT INTO SystemRep (System_id, distance_to_galaxy_centre, ucoordinate, vcoordinate) VALUES ('U2008V2029', 3.398150001380869E16, 2008.0, 2029.0);


INSERT INTO SystemRep (System_id, distance_to_galaxy_centre, ucoordinate, vcoordinate) VALUES ('U2008V2028', 3.3973039974767756E16, 2008.0, 2028.0);


INSERT INTO SystemRep (System_id, distance_to_galaxy_centre, ucoordinate, vcoordinate) VALUES ('U2008V2027', 3.396458200061187E16, 2008.0, 2027.0);


INSERT INTO SystemRep (System_id, distance_to_galaxy_centre, ucoordinate, vcoordinate) VALUES ('U2008V2026', 3.3956126092884036E16, 2008.0, 2026.0);


INSERT INTO SystemRep (System_id, distance_to_galaxy_centre, ucoordinate, vcoordinate) VALUES ('U2008V2025', 3.39476722531284E16, 2008.0, 2025.0);


INSERT INTO SystemRep (System_id, distance_to_galaxy_centre, ucoordinate, vcoordinate) VALUES ('U2008V2024', 3.3939220482890292E16, 2008.0, 2024.0);


INSERT INTO SystemRep (System_id, distance_to_galaxy_centre, ucoordinate, vcoordinate) VALUES ('U2008V2023', 3.3930770783716184E16, 2008.0, 2023.0);


INSERT INTO StarRep (System_id,cluster_id,distance_clust_virt_centre,luminosity,no_planets_allowed,angle_in_radians_s,star_color,star_type,star_size)  VALUES ('U2008V2023', 'U2008V2023_0', 7.63076923076923E10, 0.0276, 'F', 17.0, 'red_.mains', 'm5', 0.10750000000000004);


INSERT INTO ClusterRep (System_id,distance_sys_virt_centre,planetsAllowed,cluster_id,angle_in_radians,cluster_description,number_stars_in_cluster)  VALUES ('U2008V2023', 1.0821818181818182E11, 'T', 'U2008V2023_0', 5.183627878423159, 'Cluster Number: 0 SINGLESTAR', 1);


INSERT INTO SystemRep (System_id, distance_to_galaxy_centre, ucoordinate, vcoordinate) VALUES ('U2008V2022', 3.392232315715373E16, 2008.0, 2022.0);


INSERT INTO SystemRep (System_id, distance_to_galaxy_centre, ucoordinate, vcoordinate) VALUES ('U2008V2021', 3.3913877604751716E16, 2008.0, 2021.0);


INSERT INTO SystemRep (System_id, distance_to_galaxy_centre, ucoordinate, vcoordinate) VALUES ('U2008V2020', 3.390543412806012E16, 2008.0, 2020.0);


INSERT INTO SystemRep (System_id, distance_to_galaxy_centre, ucoordinate, vcoordinate) VALUES ('U2004V2029', 3.3948022886202252E16, 2004.0, 2029.0);


INSERT INTO StarRep (System_id,cluster_id,distance_clust_virt_centre,luminosity,no_planets_allowed,angle_in_radians_s,star_color,star_type,star_size)  VALUES ('U2004V2029', 'U2004V2029_0', 5.952E11, 0.123, 'F', 20.0, 'orng.mains', 'k8', 1.2120000000000002);


INSERT INTO ClusterRep (System_id,distance_sys_virt_centre,planetsAllowed,cluster_id,angle_in_radians,cluster_description,number_stars_in_cluster)  VALUES ('U2004V2029', 1.92E11, 'T', 'U2004V2029_0', 1.5882496193148399, 'Cluster Number: 0 SINGLESTAR', 1);


INSERT INTO SystemRep (System_id, distance_to_galaxy_centre, ucoordinate, vcoordinate) VALUES ('U2004V2028', 3.3939554502391452E16, 2004.0, 2028.0);


INSERT INTO StarRep (System_id,cluster_id,distance_clust_virt_centre,luminosity,no_planets_allowed,angle_in_radians_s,star_color,star_type,star_size)  VALUES ('U2004V2028', 'U2004V2028_0', 7.83157894736842E10, 0.2814808077553689, 'F', 247.0, 'orng.mains', 'k2', 1.0830000000000002);


INSERT INTO ClusterRep (System_id,distance_sys_virt_centre,planetsAllowed,cluster_id,angle_in_radians,cluster_description,number_stars_in_cluster)  VALUES ('U2004V2028', 8.153424657534247E10, 'T', 'U2004V2028_0', 1.8675022996339325, 'Cluster Number: 0 SINGLESTAR', 1);


INSERT INTO SystemRep (System_id, distance_to_galaxy_centre, ucoordinate, vcoordinate) VALUES ('U2004V2027', 3.3931088181340724E16, 2004.0, 2027.0);


INSERT INTO SystemRep (System_id, distance_to_galaxy_centre, ucoordinate, vcoordinate) VALUES ('U2004V2026', 3.392262392459451E16, 2004.0, 2026.0);


INSERT INTO SystemRep (System_id, distance_to_galaxy_centre, ucoordinate, vcoordinate) VALUES ('U2004V2025', 3.3914161733698444E16, 2004.0, 2025.0);


INSERT INTO SystemRep (System_id, distance_to_galaxy_centre, ucoordinate, vcoordinate) VALUES ('U2004V2024', 3.3905701610199308E16, 2004.0, 2024.0);


INSERT INTO SystemRep (System_id, distance_to_galaxy_centre, ucoordinate, vcoordinate) VALUES ('U2004V2023', 3.3897243555645052E16, 2004.0, 2023.0);


INSERT INTO StarRep (System_id,cluster_id,distance_clust_virt_centre,luminosity,no_planets_allowed,angle_in_radians_s,star_color,star_type,star_size)  VALUES ('U2004V2023', 'U2004V2023_0', 4.1333333333333336E10, 0.045869964157546836, 'F', 154.0, 'red_.mains', 'm3', 0.09316666666666662);


INSERT INTO ClusterRep (System_id,distance_sys_virt_centre,planetsAllowed,cluster_id,angle_in_radians,cluster_description,number_stars_in_cluster)  VALUES ('U2004V2023', 6.763636363636364E10, 'T', 'U2004V2023_0', 1.3089969389957472, 'Cluster Number: 0 SINGLESTAR', 1);


INSERT INTO SystemRep (System_id, distance_to_galaxy_centre, ucoordinate, vcoordinate) VALUES ('U2004V2022', 3.388878757158479E16, 2004.0, 2022.0);


INSERT INTO SystemRep (System_id, distance_to_galaxy_centre, ucoordinate, vcoordinate) VALUES ('U2004V2021', 3.388033365956882E16, 2004.0, 2021.0);


INSERT INTO SystemRep (System_id, distance_to_galaxy_centre, ucoordinate, vcoordinate) VALUES ('U2004V2020', 3.3871881821148584E16, 2004.0, 2020.0);


INSERT INTO StarRep (System_id,cluster_id,distance_clust_virt_centre,luminosity,no_planets_allowed,angle_in_radians_s,star_color,star_type,star_size)  VALUES ('U2004V2020', 'U2004V2020_0', 8.266666666666667E10, 3.548115873583225E-5, 'F', 207.0, 'orng.dwarf', 'dk', 0.598);


INSERT INTO ClusterRep (System_id,distance_sys_virt_centre,planetsAllowed,cluster_id,angle_in_radians,cluster_description,number_stars_in_cluster)  VALUES ('U2004V2020', 0.0, 'T', 'U2004V2020_0', 2.722713633111154, 'Cluster Number: 0 SINGLESTAR', 1);


INSERT INTO SystemRep (System_id, distance_to_galaxy_centre, ucoordinate, vcoordinate) VALUES ('U2000V2029', 3.3914579566060612E16, 2000.0, 2029.0);


INSERT INTO SystemRep (System_id, distance_to_galaxy_centre, ucoordinate, vcoordinate) VALUES ('U2000V2028', 3.3906102829451572E16, 2000.0, 2028.0);


INSERT INTO StarRep (System_id,cluster_id,distance_clust_virt_centre,luminosity,no_planets_allowed,angle_in_radians_s,star_color,star_type,star_size)  VALUES ('U2000V2028', 'U2000V2028_0', 7.085714285714285E10, 2.32, 'F', 327.0, 'pyel.mains', 'f6', 39.6);


INSERT INTO ClusterRep (System_id,distance_sys_virt_centre,planetsAllowed,cluster_id,angle_in_radians,cluster_description,number_stars_in_cluster)  VALUES ('U2000V2028', 2.976E11, 'T', 'U2000V2028_0', 0.17453292519943295, 'Cluster Number: 0 SINGLESTAR', 1);


INSERT INTO SystemRep (System_id, distance_to_galaxy_centre, ucoordinate, vcoordinate) VALUES ('U2000V2027', 3.3897628153463244E16, 2000.0, 2027.0);


INSERT INTO SystemRep (System_id, distance_to_galaxy_centre, ucoordinate, vcoordinate) VALUES ('U2000V2026', 3.388915553964153E16, 2000.0, 2026.0);


INSERT INTO SystemRep (System_id, distance_to_galaxy_centre, ucoordinate, vcoordinate) VALUES ('U2000V2025', 3.3880684989533492E16, 2000.0, 2025.0);


INSERT INTO SystemRep (System_id, distance_to_galaxy_centre, ucoordinate, vcoordinate) VALUES ('U2000V2024', 3.3872216504687376E16, 2000.0, 2024.0);


INSERT INTO SystemRep (System_id, distance_to_galaxy_centre, ucoordinate, vcoordinate) VALUES ('U2000V2023', 3.38637500866526E16, 2000.0, 2023.0);


INSERT INTO StarRep (System_id,cluster_id,distance_clust_virt_centre,luminosity,no_planets_allowed,angle_in_radians_s,star_color,star_type,star_size)  VALUES ('U2000V2023', 'U2000V2023_0', 7.44E11, 0.40741787557542075, 'F', 61.0, 'yelo.mains', 'g9', 47.4);


INSERT INTO ClusterRep (System_id,distance_sys_virt_centre,planetsAllowed,cluster_id,angle_in_radians,cluster_description,number_stars_in_cluster)  VALUES ('U2000V2023', 1.566315789473684E11, 'T', 'U2000V2023_0', 4.799655442984406, 'Cluster Number: 0 SINGLESTAR', 1);


INSERT INTO SystemRep (System_id, distance_to_galaxy_centre, ucoordinate, vcoordinate) VALUES ('U2000V2022', 3.385528573697974E16, 2000.0, 2022.0);


INSERT INTO SystemRep (System_id, distance_to_galaxy_centre, ucoordinate, vcoordinate) VALUES ('U2000V2021', 3.384682345722056E16, 2000.0, 2021.0);


INSERT INTO SystemRep (System_id, distance_to_galaxy_centre, ucoordinate, vcoordinate) VALUES ('U2000V2020', 3.3838363248927984E16, 2000.0, 2020.0);


INSERT INTO SystemRep (System_id, distance_to_galaxy_centre, ucoordinate, vcoordinate) VALUES ('U2017V2029', 3.40569466429109E16, 2017.0, 2029.0);


INSERT INTO StarRep (System_id,cluster_id,distance_clust_virt_centre,luminosity,no_planets_allowed,angle_in_radians_s,star_color,star_type,star_size)  VALUES ('U2017V2029', 'U2017V2029_0', 8.502857142857143E10, 0.1229611995806704, 'F', 77.0, 'orng.mains', 'k8', 1.2120000000000002);


INSERT INTO ClusterRep (System_id,distance_sys_virt_centre,planetsAllowed,cluster_id,angle_in_radians,cluster_description,number_stars_in_cluster)  VALUES ('U2017V2029', 3.306666666666667E11, 'T', 'U2017V2029_0', 5.707226654021458, 'Cluster Number: 0 SINGLESTAR', 1);


INSERT INTO SystemRep (System_id, distance_to_galaxy_centre, ucoordinate, vcoordinate) VALUES ('U2017V2028', 3.4048505350114388E16, 2017.0, 2028.0);


INSERT INTO SystemRep (System_id, distance_to_galaxy_centre, ucoordinate, vcoordinate) VALUES ('U2017V2027', 3.4040066126931776E16, 2017.0, 2027.0);


INSERT INTO StarRep (System_id,cluster_id,distance_clust_virt_centre,luminosity,no_planets_allowed,angle_in_radians_s,star_color,star_type,star_size)  VALUES ('U2017V2027', 'U2017V2027_0', 6.6133333333333336E10, 0.945, 'F', 186.0, 'yelo.mains', 'g3', 43.8);


INSERT INTO ClusterRep (System_id,distance_sys_virt_centre,planetsAllowed,cluster_id,angle_in_radians,cluster_description,number_stars_in_cluster)  VALUES ('U2017V2027', 7.72987012987013E10, 'T', 'U2017V2027_0', 3.5953782591083185, 'Cluster Number: 0 SINGLESTAR', 1);


INSERT INTO SystemRep (System_id, distance_to_galaxy_centre, ucoordinate, vcoordinate) VALUES ('U2017V2026', 3.4031628974902744E16, 2017.0, 2026.0);


INSERT INTO SystemRep (System_id, distance_to_galaxy_centre, ucoordinate, vcoordinate) VALUES ('U2017V2025', 3.4023193895568124E16, 2017.0, 2025.0);


INSERT INTO StarRep (System_id,cluster_id,distance_clust_virt_centre,luminosity,no_planets_allowed,angle_in_radians_s,star_color,star_type,star_size)  VALUES ('U2017V2025', 'U2017V2025_0', 3.767088607594936E10, 0.2149387036324786, 'F', 92.0, 'orng.mains', 'k4', 1.126);


INSERT INTO ClusterRep (System_id,distance_sys_virt_centre,planetsAllowed,cluster_id,angle_in_radians,cluster_description,number_stars_in_cluster)  VALUES ('U2017V2025', 6.469565217391304E10, 'T', 'U2017V2025_0', 3.01941960595019, 'Cluster Number: 0 SINGLESTAR', 1);


INSERT INTO SystemRep (System_id, distance_to_galaxy_centre, ucoordinate, vcoordinate) VALUES ('U2017V2024', 3.401476089046989E16, 2017.0, 2024.0);


INSERT INTO SystemRep (System_id, distance_to_galaxy_centre, ucoordinate, vcoordinate) VALUES ('U2017V2023', 3.4006329961151172E16, 2017.0, 2023.0);


INSERT INTO StarRep (System_id,cluster_id,distance_clust_virt_centre,luminosity,no_planets_allowed,angle_in_radians_s,star_color,star_type,star_size)  VALUES ('U2017V2023', 'U2017V2023_0', 2.2892307692307693E11, 0.216, 'F', 319.0, 'orng.mains', 'k4', 1.126);


INSERT INTO ClusterRep (System_id,distance_sys_virt_centre,planetsAllowed,cluster_id,angle_in_radians,cluster_description,number_stars_in_cluster)  VALUES ('U2017V2023', 1.7005714285714285E11, 'T', 'U2017V2023_0', 3.2986722862692828, 'Cluster Number: 0 SINGLESTAR', 1);


INSERT INTO SystemRep (System_id, distance_to_galaxy_centre, ucoordinate, vcoordinate) VALUES ('U2017V2022', 3.3997901109156252E16, 2017.0, 2022.0);


INSERT INTO SystemRep (System_id, distance_to_galaxy_centre, ucoordinate, vcoordinate) VALUES ('U2017V2021', 3.398947433603056E16, 2017.0, 2021.0);


INSERT INTO StarRep (System_id,cluster_id,distance_clust_virt_centre,luminosity,no_planets_allowed,angle_in_radians_s,star_color,star_type,star_size)  VALUES ('U2017V2021', 'U2017V2021_0', 3.91578947368421E10, 0.0734, 'F', 13.0, 'red_.mains', 'm1', 0.07883333333333331);


INSERT INTO ClusterRep (System_id,distance_sys_virt_centre,planetsAllowed,cluster_id,angle_in_radians,cluster_description,number_stars_in_cluster)  VALUES ('U2017V2021', 1.2939130434782608E11, 'T', 'U2017V2021_0', 4.71238898038469, 'Cluster Number: 0 SINGLESTAR', 1);


INSERT INTO SystemRep (System_id, distance_to_galaxy_centre, ucoordinate, vcoordinate) VALUES ('U2017V2020', 3.398104964332067E16, 2017.0, 2020.0);


INSERT INTO SystemRep (System_id, distance_to_galaxy_centre, ucoordinate, vcoordinate) VALUES ('U2013V2029', 3.402339381302459E16, 2013.0, 2029.0);


INSERT INTO SystemRep (System_id, distance_to_galaxy_centre, ucoordinate, vcoordinate) VALUES ('U2013V2028', 3.4014944193616544E16, 2013.0, 2028.0);


INSERT INTO SystemRep (System_id, distance_to_galaxy_centre, ucoordinate, vcoordinate) VALUES ('U2016V2039', 3.413310249140608E16, 2016.0, 2039.0);


INSERT INTO StarRep (System_id,cluster_id,distance_clust_virt_centre,luminosity,no_planets_allowed,angle_in_radians_s,star_color,star_type,star_size)  VALUES ('U2016V2039', 'U2016V2039_0', 3.306666666666667E11, 0.21570024008269836, 'F', 239.0, 'orng.mains', 'k4', 1.126);


INSERT INTO ClusterRep (System_id,distance_sys_virt_centre,planetsAllowed,cluster_id,angle_in_radians,cluster_description,number_stars_in_cluster)  VALUES ('U2016V2039', 6.763636363636364E10, 'T', 'U2016V2039_0', 5.009094953223726, 'Cluster Number: 0 SINGLESTAR', 1);


INSERT INTO SystemRep (System_id, distance_to_galaxy_centre, ucoordinate, vcoordinate) VALUES ('U2013V2027', 3.4006496641729624E16, 2013.0, 2027.0);


INSERT INTO SystemRep (System_id, distance_to_galaxy_centre, ucoordinate, vcoordinate) VALUES ('U2016V2038', 3.41246385112458E16, 2016.0, 2038.0);


INSERT INTO SystemRep (System_id, distance_to_galaxy_centre, ucoordinate, vcoordinate) VALUES ('U2013V2026', 3.3998051158904976E16, 2013.0, 2026.0);


INSERT INTO SystemRep (System_id, distance_to_galaxy_centre, ucoordinate, vcoordinate) VALUES ('U2016V2037', 3.411617658484022E16, 2016.0, 2037.0);


INSERT INTO StarRep (System_id,cluster_id,distance_clust_virt_centre,luminosity,no_planets_allowed,angle_in_radians_s,star_color,star_type,star_size)  VALUES ('U2016V2037', 'U2016V2037_0', 2.7054545454545456E11, 2.8E-5, 'F', 279.0, 'red_.dwarf', 'dm', 0.6413333333333334);


INSERT INTO ClusterRep (System_id,distance_sys_virt_centre,planetsAllowed,cluster_id,angle_in_radians,cluster_description,number_stars_in_cluster)  VALUES ('U2016V2037', 9.757377049180328E10, 'T', 'U2016V2037_0', 4.153883619746504, 'Cluster Number: 0 SINGLESTAR', 1);


INSERT INTO SystemRep (System_id, distance_to_galaxy_centre, ucoordinate, vcoordinate) VALUES ('U2013V2025', 3.398960774668493E16, 2013.0, 2025.0);


INSERT INTO StarRep (System_id,cluster_id,distance_clust_virt_centre,luminosity,no_planets_allowed,angle_in_radians_s,star_color,star_type,star_size)  VALUES ('U2013V2025', 'U2013V2025_0', 4.021621621621622E10, 0.3329216688343228, 'F', 54.0, 'orng.mains', 'k1', 1.0615);


INSERT INTO ClusterRep (System_id,distance_sys_virt_centre,planetsAllowed,cluster_id,angle_in_radians,cluster_description,number_stars_in_cluster)  VALUES ('U2013V2025', 1.1446153846153847E11, 'T', 'U2013V2025_0', 1.6406094968746698, 'Cluster Number: 0 SINGLESTAR', 1);


INSERT INTO SystemRep (System_id, distance_to_galaxy_centre, ucoordinate, vcoordinate) VALUES ('U2016V2036', 3.4107716713717908E16, 2016.0, 2036.0);


INSERT INTO SystemRep (System_id, distance_to_galaxy_centre, ucoordinate, vcoordinate) VALUES ('U2013V2024', 3.3981166406612944E16, 2013.0, 2024.0);


INSERT INTO SystemRep (System_id, distance_to_galaxy_centre, ucoordinate, vcoordinate) VALUES ('U2016V2035', 3.409925889940859E16, 2016.0, 2035.0);


INSERT INTO StarRep (System_id,cluster_id,distance_clust_virt_centre,luminosity,no_planets_allowed,angle_in_radians_s,star_color,star_type,star_size)  VALUES ('U2016V2035', 'U2016V2035_0', 6.920930232558139E10, 0.01331353034767758, 'F', 146.0, 'red_.mains', 'm7', 0.12183333333333335);


INSERT INTO ClusterRep (System_id,distance_sys_virt_centre,planetsAllowed,cluster_id,angle_in_radians,cluster_description,number_stars_in_cluster)  VALUES ('U2016V2035', 1.488E12, 'T', 'U2016V2035_0', 4.4331363000655974, 'Cluster Number: 0 SINGLESTAR', 1);


INSERT INTO SystemRep (System_id, distance_to_galaxy_centre, ucoordinate, vcoordinate) VALUES ('U2013V2023', 3.397272714023365E16, 2013.0, 2023.0);


INSERT INTO SystemRep (System_id, distance_to_galaxy_centre, ucoordinate, vcoordinate) VALUES ('U2016V2034', 3.409080314344313E16, 2016.0, 2034.0);


INSERT INTO StarRep (System_id,cluster_id,distance_clust_virt_centre,luminosity,no_planets_allowed,angle_in_radians_s,star_color,star_type,star_size)  VALUES ('U2016V2034', 'U2016V2034_0', 4.251428571428571E11, 2.7978987254360245E-5, 'F', 200.0, 'red_.dwarf', 'dm', 0.6413333333333334);


INSERT INTO ClusterRep (System_id,distance_sys_virt_centre,planetsAllowed,cluster_id,angle_in_radians,cluster_description,number_stars_in_cluster)  VALUES ('U2016V2034', 3.968E11, 'T', 'U2016V2034_0', 5.8468529941810035, 'Cluster Number: 0 SINGLESTAR', 1);


INSERT INTO SystemRep (System_id, distance_to_galaxy_centre, ucoordinate, vcoordinate) VALUES ('U2013V2022', 3.3964289949092828E16, 2013.0, 2022.0);


INSERT INTO SystemRep (System_id, distance_to_galaxy_centre, ucoordinate, vcoordinate) VALUES ('U2016V2033', 3.408234944735354E16, 2016.0, 2033.0);


INSERT INTO SystemRep (System_id, distance_to_galaxy_centre, ucoordinate, vcoordinate) VALUES ('U2013V2021', 3.3955854834737412E16, 2013.0, 2021.0);


INSERT INTO StarRep (System_id,cluster_id,distance_clust_virt_centre,luminosity,no_planets_allowed,angle_in_radians_s,star_color,star_type,star_size)  VALUES ('U2013V2021', 'U2013V2021_0', 4.1333333333333336E10, 3.7482903050090874E-5, 'F', 14.0, 'orng.dwarf', 'dk', 0.5633333333333334);


INSERT INTO ClusterRep (System_id,distance_sys_virt_centre,planetsAllowed,cluster_id,angle_in_radians,cluster_description,number_stars_in_cluster)  VALUES ('U2013V2021', 7.534177215189873E10, 'T', 'U2013V2021_0', 2.4958208303518914, 'Cluster Number: 0 SINGLESTAR', 1);


INSERT INTO SystemRep (System_id, distance_to_galaxy_centre, ucoordinate, vcoordinate) VALUES ('U2016V2032', 3.4073897812672972E16, 2016.0, 2032.0);


INSERT INTO StarRep (System_id,cluster_id,distance_clust_virt_centre,luminosity,no_planets_allowed,angle_in_radians_s,star_color,star_type,star_size)  VALUES ('U2016V2032', 'U2016V2032_0', 7.085714285714285E10, 1.0, 'F', 106.0, 'yelo.mains', 'g2', 43.199999999999996);


INSERT INTO ClusterRep (System_id,distance_sys_virt_centre,planetsAllowed,cluster_id,angle_in_radians,cluster_description,number_stars_in_cluster)  VALUES ('U2016V2032', 1.984E11, 'T', 'U2016V2032_0', 5.288347633542818, 'Cluster Number: 0 SINGLESTAR', 1);


INSERT INTO SystemRep (System_id, distance_to_galaxy_centre, ucoordinate, vcoordinate) VALUES ('U2013V2020', 3.3947421798715496E16, 2013.0, 2020.0);


INSERT INTO SystemRep (System_id, distance_to_galaxy_centre, ucoordinate, vcoordinate) VALUES ('U2016V2031', 3.406544824093574E16, 2016.0, 2031.0);


INSERT INTO SystemRep (System_id, distance_to_galaxy_centre, ucoordinate, vcoordinate) VALUES ('U2016V2030', 3.40570007336773E16, 2016.0, 2030.0);


INSERT INTO StarRep (System_id,cluster_id,distance_clust_virt_centre,luminosity,no_planets_allowed,angle_in_radians_s,star_color,star_type,star_size)  VALUES ('U2016V2030', 'U2016V2030_0', 4.021621621621622E10, 30.5, 'F', 333.0, 'whit.subgi', 'a7', 44.66666666666667);


INSERT INTO ClusterRep (System_id,distance_sys_virt_centre,planetsAllowed,cluster_id,angle_in_radians,cluster_description,number_stars_in_cluster)  VALUES ('U2016V2030', 8.266666666666667E10, 'T', 'U2016V2030_0', 5.567600313861911, 'Cluster Number: 0 SINGLESTAR', 1);


INSERT INTO SystemRep (System_id, distance_to_galaxy_centre, ucoordinate, vcoordinate) VALUES ('U2010V2039', 3.40829232093014E16, 2010.0, 2039.0);


INSERT INTO SystemRep (System_id, distance_to_galaxy_centre, ucoordinate, vcoordinate) VALUES ('U2010V2038', 3.407444676477527E16, 2010.0, 2038.0);


INSERT INTO SystemRep (System_id, distance_to_galaxy_centre, ucoordinate, vcoordinate) VALUES ('U2010V2037', 3.4065972370832216E16, 2010.0, 2037.0);


INSERT INTO StarRep (System_id,cluster_id,distance_clust_virt_centre,luminosity,no_planets_allowed,angle_in_radians_s,star_color,star_type,star_size)  VALUES ('U2010V2037', 'U2010V2037_0', 4.441791044776119E10, 0.40655244526950585, 'F', 255.0, 'yelo.mains', 'g9', 47.4);


INSERT INTO ClusterRep (System_id,distance_sys_virt_centre,planetsAllowed,cluster_id,angle_in_radians,cluster_description,number_stars_in_cluster)  VALUES ('U2010V2037', 1.0262068965517241E11, 'T', 'U2010V2037_0', 5.026548245743669, 'Cluster Number: 0 SINGLESTAR', 1);


INSERT INTO SystemRep (System_id, distance_to_galaxy_centre, ucoordinate, vcoordinate) VALUES ('U2010V2036', 3.405750002900295E16, 2010.0, 2036.0);


INSERT INTO StarRep (System_id,cluster_id,distance_clust_virt_centre,luminosity,no_planets_allowed,angle_in_radians_s,star_color,star_type,star_size)  VALUES ('U2010V2036', 'U2010V2036_0', 4.376470588235294E10, 1.32E-4, 'F', 294.0, 'pyel.dwarf', 'df', 0.4073333333333333);


INSERT INTO ClusterRep (System_id,distance_sys_virt_centre,planetsAllowed,cluster_id,angle_in_radians,cluster_description,number_stars_in_cluster)  VALUES ('U2010V2036', 1.86E11, 'T', 'U2010V2036_0', 4.1887902047863905, 'Cluster Number: 0 SINGLESTAR', 1);


INSERT INTO SystemRep (System_id, distance_to_galaxy_centre, ucoordinate, vcoordinate) VALUES ('U2010V2035', 3.4049029740819344E16, 2010.0, 2035.0);


INSERT INTO SystemRep (System_id, distance_to_galaxy_centre, ucoordinate, vcoordinate) VALUES ('U2010V2034', 3.404056150781441E16, 2010.0, 2034.0);


INSERT INTO SystemRep (System_id, distance_to_galaxy_centre, ucoordinate, vcoordinate) VALUES ('U2010V2033', 3.4032095331522332E16, 2010.0, 2033.0);


INSERT INTO SystemRep (System_id, distance_to_galaxy_centre, ucoordinate, vcoordinate) VALUES ('U2010V2032', 3.4023631213478436E16, 2010.0, 2032.0);


INSERT INTO SystemRep (System_id, distance_to_galaxy_centre, ucoordinate, vcoordinate) VALUES ('U2010V2031', 3.401516915521921E16, 2010.0, 2031.0);


INSERT INTO SystemRep (System_id, distance_to_galaxy_centre, ucoordinate, vcoordinate) VALUES ('U2010V2030', 3.4006709158282284E16, 2010.0, 2030.0);


INSERT INTO SystemRep (System_id, distance_to_galaxy_centre, ucoordinate, vcoordinate) VALUES ('U2004V2039', 3.403281983716589E16, 2004.0, 2039.0);


INSERT INTO SystemRep (System_id, distance_to_galaxy_centre, ucoordinate, vcoordinate) VALUES ('U2004V2038', 3.4024330910443484E16, 2004.0, 2038.0);


INSERT INTO SystemRep (System_id, distance_to_galaxy_centre, ucoordinate, vcoordinate) VALUES ('U2004V2037', 3.4015844031100564E16, 2004.0, 2037.0);


INSERT INTO SystemRep (System_id, distance_to_galaxy_centre, ucoordinate, vcoordinate) VALUES ('U2004V2036', 3.4007359200669964E16, 2004.0, 2036.0);


INSERT INTO SystemRep (System_id, distance_to_galaxy_centre, ucoordinate, vcoordinate) VALUES ('U2004V2035', 3.3998876420685668E16, 2004.0, 2035.0);


INSERT INTO SystemRep (System_id, distance_to_galaxy_centre, ucoordinate, vcoordinate) VALUES ('U2004V2034', 3.399039569268284E16, 2004.0, 2034.0);


INSERT INTO SystemRep (System_id, distance_to_galaxy_centre, ucoordinate, vcoordinate) VALUES ('U2004V2033', 3.3981917018197784E16, 2004.0, 2033.0);


INSERT INTO SystemRep (System_id, distance_to_galaxy_centre, ucoordinate, vcoordinate) VALUES ('U2004V2032', 3.3973440398767976E16, 2004.0, 2032.0);


INSERT INTO SystemRep (System_id, distance_to_galaxy_centre, ucoordinate, vcoordinate) VALUES ('U2004V2031', 3.396496583593206E16, 2004.0, 2031.0);


INSERT INTO SystemRep (System_id, distance_to_galaxy_centre, ucoordinate, vcoordinate) VALUES ('U2004V2030', 3.395649333122983E16, 2004.0, 2030.0);


INSERT INTO SystemRep (System_id, distance_to_galaxy_centre, ucoordinate, vcoordinate) VALUES ('U2017V2039', 3.4141473061731828E16, 2017.0, 2039.0);


INSERT INTO SystemRep (System_id, distance_to_galaxy_centre, ucoordinate, vcoordinate) VALUES ('U2017V2038', 3.4133011157226196E16, 2017.0, 2038.0);


INSERT INTO SystemRep (System_id, distance_to_galaxy_centre, ucoordinate, vcoordinate) VALUES ('U2017V2037', 3.4124551307000772E16, 2017.0, 2037.0);


INSERT INTO StarRep (System_id,cluster_id,distance_clust_virt_centre,luminosity,no_planets_allowed,angle_in_radians_s,star_color,star_type,star_size)  VALUES ('U2017V2037', 'U2017V2037_0', 9.92E11, 0.0466, 'F', 210.0, 'red_.mains', 'm3', 0.09316666666666662);


INSERT INTO ClusterRep (System_id,distance_sys_virt_centre,planetsAllowed,cluster_id,angle_in_radians,cluster_description,number_stars_in_cluster)  VALUES ('U2017V2037', 7.936E10, 'T', 'U2017V2037_0', 5.410520681182422, 'Cluster Number: 0 SINGLESTAR', 1);


INSERT INTO SystemRep (System_id, distance_to_galaxy_centre, ucoordinate, vcoordinate) VALUES ('U2017V2036', 3.4116093512583764E16, 2017.0, 2036.0);


INSERT INTO SystemRep (System_id, distance_to_galaxy_centre, ucoordinate, vcoordinate) VALUES ('U2017V2035', 3.4107637775504536E16, 2017.0, 2035.0);


INSERT INTO SystemRep (System_id, distance_to_galaxy_centre, ucoordinate, vcoordinate) VALUES ('U2017V2034', 3.4099184097293588E16, 2017.0, 2034.0);


INSERT INTO SystemRep (System_id, distance_to_galaxy_centre, ucoordinate, vcoordinate) VALUES ('U2017V2033', 3.4090732479482572E16, 2017.0, 2033.0);


INSERT INTO SystemRep (System_id, distance_to_galaxy_centre, ucoordinate, vcoordinate) VALUES ('U2017V2032', 3.408228292360428E16, 2017.0, 2032.0);


INSERT INTO SystemRep (System_id, distance_to_galaxy_centre, ucoordinate, vcoordinate) VALUES ('U2017V2031', 3.4073835431192656E16, 2017.0, 2031.0);


INSERT INTO SystemRep (System_id, distance_to_galaxy_centre, ucoordinate, vcoordinate) VALUES ('U2017V2030', 3.4065390003782784E16, 2017.0, 2030.0);


INSERT INTO SystemRep (System_id, distance_to_galaxy_centre, ucoordinate, vcoordinate) VALUES ('U2007V2029', 3.3973127567921092E16, 2007.0, 2029.0);


INSERT INTO StarRep (System_id,cluster_id,distance_clust_virt_centre,luminosity,no_planets_allowed,angle_in_radians_s,star_color,star_type,star_size)  VALUES ('U2007V2029', 'U2007V2029_0', 3.381818181818182E10, 59.41497231336064, 'F', 242.0, 'whit.mains', 'a2', 31.200000000000003);


INSERT INTO ClusterRep (System_id,distance_sys_virt_centre,planetsAllowed,cluster_id,angle_in_radians,cluster_description,number_stars_in_cluster)  VALUES ('U2007V2029', 1.0088135593220338E11, 'T', 'U2007V2029_0', 4.118977034706617, 'Cluster Number: 0 SINGLESTAR', 1);


INSERT INTO SystemRep (System_id, distance_to_galaxy_centre, ucoordinate, vcoordinate) VALUES ('U2007V2028', 3.3964665443441776E16, 2007.0, 2028.0);


INSERT INTO SystemRep (System_id, distance_to_galaxy_centre, ucoordinate, vcoordinate) VALUES ('U2007V2027', 3.3956205383317612E16, 2007.0, 2027.0);


INSERT INTO SystemRep (System_id, distance_to_galaxy_centre, ucoordinate, vcoordinate) VALUES ('U2007V2026', 3.394774738909196E16, 2007.0, 2026.0);


INSERT INTO SystemRep (System_id, distance_to_galaxy_centre, ucoordinate, vcoordinate) VALUES ('U2007V2025', 3.3939291462309348E16, 2007.0, 2025.0);


INSERT INTO SystemRep (System_id, distance_to_galaxy_centre, ucoordinate, vcoordinate) VALUES ('U2007V2024', 3.3930837604515452E16, 2007.0, 2024.0);


INSERT INTO SystemRep (System_id, distance_to_galaxy_centre, ucoordinate, vcoordinate) VALUES ('U2007V2023', 3.3922385817257136E16, 2007.0, 2023.0);


INSERT INTO SystemRep (System_id, distance_to_galaxy_centre, ucoordinate, vcoordinate) VALUES ('U2007V2022', 3.39139361020824E16, 2007.0, 2022.0);


INSERT INTO SystemRep (System_id, distance_to_galaxy_centre, ucoordinate, vcoordinate) VALUES ('U2007V2021', 3.3905488460540428E16, 2007.0, 2021.0);


INSERT INTO SystemRep (System_id, distance_to_galaxy_centre, ucoordinate, vcoordinate) VALUES ('U2007V2020', 3.389704289418155E16, 2007.0, 2020.0);


INSERT INTO SystemRep (System_id, distance_to_galaxy_centre, ucoordinate, vcoordinate) VALUES ('U2003V2029', 3.393965888281142E16, 2003.0, 2029.0);


INSERT INTO SystemRep (System_id, distance_to_galaxy_centre, ucoordinate, vcoordinate) VALUES ('U2011V2039', 3.4091281160506012E16, 2011.0, 2039.0);


INSERT INTO SystemRep (System_id, distance_to_galaxy_centre, ucoordinate, vcoordinate) VALUES ('U2003V2028', 3.3931188411552696E16, 2003.0, 2028.0);


INSERT INTO SystemRep (System_id, distance_to_galaxy_centre, ucoordinate, vcoordinate) VALUES ('U2011V2038', 3.4082806794614788E16, 2011.0, 2038.0);


INSERT INTO SystemRep (System_id, distance_to_galaxy_centre, ucoordinate, vcoordinate) VALUES ('U2003V2027', 3.392272000252055E16, 2003.0, 2027.0);


INSERT INTO SystemRep (System_id, distance_to_galaxy_centre, ucoordinate, vcoordinate) VALUES ('U2011V2037', 3.407433447983746E16, 2011.0, 2037.0);


INSERT INTO SystemRep (System_id, distance_to_galaxy_centre, ucoordinate, vcoordinate) VALUES ('U2003V2026', 3.3914253657259804E16, 2003.0, 2026.0);


INSERT INTO StarRep (System_id,cluster_id,distance_clust_virt_centre,luminosity,no_planets_allowed,angle_in_radians_s,star_color,star_type,star_size)  VALUES ('U2003V2026', 'U2003V2026_0', 4.441791044776119E10, 2.297454555298751, 'F', 34.0, 'pyel.mains', 'f6', 39.6);


INSERT INTO ClusterRep (System_id,distance_sys_virt_centre,planetsAllowed,cluster_id,angle_in_radians,cluster_description,number_stars_in_cluster)  VALUES ('U2003V2026', 8.752941176470589E10, 'T', 'U2003V2026_0', 3.8571776469074686, 'Cluster Number: 0 SINGLESTAR', 1);


INSERT INTO SystemRep (System_id, distance_to_galaxy_centre, ucoordinate, vcoordinate) VALUES ('U2011V2036', 3.4065864217704388E16, 2011.0, 2036.0);


INSERT INTO SystemRep (System_id, distance_to_galaxy_centre, ucoordinate, vcoordinate) VALUES ('U2003V2025', 3.3905789377316436E16, 2003.0, 2025.0);


INSERT INTO SystemRep (System_id, distance_to_galaxy_centre, ucoordinate, vcoordinate) VALUES ('U2011V2035', 3.4057396009747076E16, 2011.0, 2035.0);


INSERT INTO SystemRep (System_id, distance_to_galaxy_centre, ucoordinate, vcoordinate) VALUES ('U2003V2024', 3.3897327164237596E16, 2003.0, 2024.0);


INSERT INTO SystemRep (System_id, distance_to_galaxy_centre, ucoordinate, vcoordinate) VALUES ('U2011V2034', 3.4048929857498196E16, 2011.0, 2034.0);


INSERT INTO SystemRep (System_id, distance_to_galaxy_centre, ucoordinate, vcoordinate) VALUES ('U2003V2023', 3.3888867019571604E16, 2003.0, 2023.0);


INSERT INTO SystemRep (System_id, distance_to_galaxy_centre, ucoordinate, vcoordinate) VALUES ('U2011V2033', 3.404046576249156E16, 2011.0, 2033.0);


INSERT INTO SystemRep (System_id, distance_to_galaxy_centre, ucoordinate, vcoordinate) VALUES ('U2003V2022', 3.3880408944867948E16, 2003.0, 2022.0);


INSERT INTO SystemRep (System_id, distance_to_galaxy_centre, ucoordinate, vcoordinate) VALUES ('U2011V2032', 3.403200372626214E16, 2011.0, 2032.0);


INSERT INTO StarRep (System_id,cluster_id,distance_clust_virt_centre,luminosity,no_planets_allowed,angle_in_radians_s,star_color,star_type,star_size)  VALUES ('U2011V2032', 'U2011V2032_0', 7.44E10, 2900.0, 'F', 147.0, 'orng.gi.ii', 'k6', 21.599999999999998);


INSERT INTO ClusterRep (System_id,distance_sys_virt_centre,planetsAllowed,cluster_id,angle_in_radians,cluster_description,number_stars_in_cluster)  VALUES ('U2011V2032', 1.6086486486486487E11, 'T', 'U2011V2032_0', 2.199114857512855, 'Cluster Number: 0 SINGLESTAR', 1);


INSERT INTO SystemRep (System_id, distance_to_galaxy_centre, ucoordinate, vcoordinate) VALUES ('U2003V2021', 3.387195294167728E16, 2003.0, 2021.0);


INSERT INTO SystemRep (System_id, distance_to_galaxy_centre, ucoordinate, vcoordinate) VALUES ('U2011V2031', 3.4023543750346052E16, 2011.0, 2031.0);


INSERT INTO SystemRep (System_id, distance_to_galaxy_centre, ucoordinate, vcoordinate) VALUES ('U2003V2020', 3.386349901155142E16, 2003.0, 2020.0);


INSERT INTO SystemRep (System_id, distance_to_galaxy_centre, ucoordinate, vcoordinate) VALUES ('U2011V2030', 3.4015085836280584E16, 2011.0, 2030.0);


INSERT INTO SystemRep (System_id, distance_to_galaxy_centre, ucoordinate, vcoordinate) VALUES ('U2005V2039', 3.4041165113431944E16, 2005.0, 2039.0);


INSERT INTO StarRep (System_id,cluster_id,distance_clust_virt_centre,luminosity,no_planets_allowed,angle_in_radians_s,star_color,star_type,star_size)  VALUES ('U2005V2039', 'U2005V2039_0', 9.92E10, 4.37, 'F', 178.0, 'pyel.mains', 'f3', 37.800000000000004);


INSERT INTO ClusterRep (System_id,distance_sys_virt_centre,planetsAllowed,cluster_id,angle_in_radians,cluster_description,number_stars_in_cluster)  VALUES ('U2005V2039', 6.841379310344827E10, 'T', 'U2005V2039_0', 3.141592653589793, 'Cluster Number: 0 SINGLESTAR', 1);


INSERT INTO SystemRep (System_id, distance_to_galaxy_centre, ucoordinate, vcoordinate) VALUES ('U2005V2038', 3.403267826831006E16, 2005.0, 2038.0);


INSERT INTO StarRep (System_id,cluster_id,distance_clust_virt_centre,luminosity,no_planets_allowed,angle_in_radians_s,star_color,star_type,star_size)  VALUES ('U2005V2038', 'U2005V2038_0', 4.65E10, 0.21556621534476306, 'F', 85.0, 'orng.mains', 'k4', 1.126);


INSERT INTO ClusterRep (System_id,distance_sys_virt_centre,planetsAllowed,cluster_id,angle_in_radians,cluster_description,number_stars_in_cluster)  VALUES ('U2005V2038', 1.984E12, 'T', 'U2005V2038_0', 2.5656340004316647, 'Cluster Number: 0 SINGLESTAR', 1);


INSERT INTO SystemRep (System_id, distance_to_galaxy_centre, ucoordinate, vcoordinate) VALUES ('U2005V2037', 3.402419347110382E16, 2005.0, 2037.0);


INSERT INTO SystemRep (System_id, distance_to_galaxy_centre, ucoordinate, vcoordinate) VALUES ('U2005V2036', 3.4015710723345708E16, 2005.0, 2036.0);


INSERT INTO SystemRep (System_id, distance_to_galaxy_centre, ucoordinate, vcoordinate) VALUES ('U2005V2035', 3.4007230026569348E16, 2005.0, 2035.0);


INSERT INTO SystemRep (System_id, distance_to_galaxy_centre, ucoordinate, vcoordinate) VALUES ('U2005V2034', 3.3998751382309556E16, 2005.0, 2034.0);


INSERT INTO StarRep (System_id,cluster_id,distance_clust_virt_centre,luminosity,no_planets_allowed,angle_in_radians_s,star_color,star_type,star_size)  VALUES ('U2005V2034', 'U2005V2034_0', 4.96E10, 0.162, 'F', 5.0, 'orng.mains', 'k6', 1.169);


INSERT INTO ClusterRep (System_id,distance_sys_virt_centre,planetsAllowed,cluster_id,angle_in_radians,cluster_description,number_stars_in_cluster)  VALUES ('U2005V2034', 1.0628571428571428E11, 'T', 'U2005V2034_0', 4.276056667386107, 'Cluster Number: 0 SINGLESTAR', 1);


INSERT INTO SystemRep (System_id, distance_to_galaxy_centre, ucoordinate, vcoordinate) VALUES ('U2005V2033', 3.3990274792102284E16, 2005.0, 2033.0);


INSERT INTO SystemRep (System_id, distance_to_galaxy_centre, ucoordinate, vcoordinate) VALUES ('U2005V2032', 3.3981800257484652E16, 2005.0, 2032.0);


INSERT INTO SystemRep (System_id, distance_to_galaxy_centre, ucoordinate, vcoordinate) VALUES ('U2005V2031', 3.397332777999494E16, 2005.0, 2031.0);


INSERT INTO SystemRep (System_id, distance_to_galaxy_centre, ucoordinate, vcoordinate) VALUES ('U2016V2029', 3.4048555292434244E16, 2016.0, 2029.0);


INSERT INTO SystemRep (System_id, distance_to_galaxy_centre, ucoordinate, vcoordinate) VALUES ('U2005V2030', 3.396485736117259E16, 2005.0, 2030.0);


INSERT INTO SystemRep (System_id, distance_to_galaxy_centre, ucoordinate, vcoordinate) VALUES ('U2016V2028', 3.4040111918744332E16, 2016.0, 2028.0);


INSERT INTO StarRep (System_id,cluster_id,distance_clust_virt_centre,luminosity,no_planets_allowed,angle_in_radians_s,star_color,star_type,star_size)  VALUES ('U2016V2028', 'U2016V2028_0', 7.83157894736842E10, 1.1964430515908633, 'F', 26.0, 'yelo.mains', 'g0', 42.0);


INSERT INTO ClusterRep (System_id,distance_sys_virt_centre,planetsAllowed,cluster_id,angle_in_radians,cluster_description,number_stars_in_cluster)  VALUES ('U2016V2028', 7.171084337349397E10, 'T', 'U2016V2028_0', 0.6981317007977318, 'Cluster Number: 0 SINGLESTAR', 1);


INSERT INTO SystemRep (System_id, distance_to_galaxy_centre, ucoordinate, vcoordinate) VALUES ('U2016V2027', 3.4031670614146464E16, 2016.0, 2027.0);


INSERT INTO SystemRep (System_id, distance_to_galaxy_centre, ucoordinate, vcoordinate) VALUES ('U2016V2026', 3.402323138018069E16, 2016.0, 2026.0);


INSERT INTO StarRep (System_id,cluster_id,distance_clust_virt_centre,luminosity,no_planets_allowed,angle_in_radians_s,star_color,star_type,star_size)  VALUES ('U2016V2026', 'U2016V2026_0', 4.251428571428571E10, 2370.0, 'F', 253.0, 'red_.gi.i ', 'm6', 11.04);


INSERT INTO ClusterRep (System_id,distance_sys_virt_centre,planetsAllowed,cluster_id,angle_in_radians,cluster_description,number_stars_in_cluster)  VALUES ('U2016V2026', 2.3808E11, 'T', 'U2016V2026_0', 0.9773843811168246, 'Cluster Number: 0 SINGLESTAR', 1);


INSERT INTO SystemRep (System_id, distance_to_galaxy_centre, ucoordinate, vcoordinate) VALUES ('U2016V2025', 3.4014794218388212E16, 2016.0, 2025.0);


INSERT INTO SystemRep (System_id, distance_to_galaxy_centre, ucoordinate, vcoordinate) VALUES ('U2016V2024', 3.400635913031138E16, 2016.0, 2024.0);


INSERT INTO StarRep (System_id,cluster_id,distance_clust_virt_centre,luminosity,no_planets_allowed,angle_in_radians_s,star_color,star_type,star_size)  VALUES ('U2016V2024', 'U2016V2024_0', 1.488E11, 0.16179870702003757, 'F', 118.0, 'orng.mains', 'k6', 1.169);


INSERT INTO ClusterRep (System_id,distance_sys_virt_centre,planetsAllowed,cluster_id,angle_in_radians,cluster_description,number_stars_in_cluster)  VALUES ('U2016V2024', 2.0524137931034482E11, 'T', 'U2016V2024_0', 6.19591884457987, 'Cluster Number: 0 SINGLESTAR', 1);


INSERT INTO SystemRep (System_id, distance_to_galaxy_centre, ucoordinate, vcoordinate) VALUES ('U2016V2023', 3.3997926117493696E16, 2016.0, 2023.0);


INSERT INTO SystemRep (System_id, distance_to_galaxy_centre, ucoordinate, vcoordinate) VALUES ('U2016V2022', 3.3989495181479824E16, 2016.0, 2022.0);


INSERT INTO StarRep (System_id,cluster_id,distance_clust_virt_centre,luminosity,no_planets_allowed,angle_in_radians_s,star_color,star_type,star_size)  VALUES ('U2016V2022', 'U2016V2022_0', 3.585542168674699E10, 0.216, 'F', 172.0, 'orng.mains', 'k4', 1.126);


INSERT INTO ClusterRep (System_id,distance_sys_virt_centre,planetsAllowed,cluster_id,angle_in_radians,cluster_description,number_stars_in_cluster)  VALUES ('U2016V2022', 1.488E11, 'T', 'U2016V2022_0', 1.3264502315156903, 'Cluster Number: 0 SINGLESTAR', 1);


INSERT INTO SystemRep (System_id, distance_to_galaxy_centre, ucoordinate, vcoordinate) VALUES ('U2016V2021', 3.398106632381556E16, 2016.0, 2021.0);


INSERT INTO SystemRep (System_id, distance_to_galaxy_centre, ucoordinate, vcoordinate) VALUES ('U2016V2020', 3.3972639546047876E16, 2016.0, 2020.0);


INSERT INTO StarRep (System_id,cluster_id,distance_clust_virt_centre,luminosity,no_planets_allowed,angle_in_radians_s,star_color,star_type,star_size)  VALUES ('U2016V2020', 'U2016V2020_0', 1.6533333333333334E11, 1.69E8, 'F', 79.0, 'blue.sg.ii', 'o8', 12.0);


INSERT INTO ClusterRep (System_id,distance_sys_virt_centre,planetsAllowed,cluster_id,angle_in_radians,cluster_description,number_stars_in_cluster)  VALUES ('U2016V2020', 1.0628571428571428E11, 'T', 'U2016V2020_0', 0.767944870877505, 'Cluster Number: 0 SINGLESTAR', 1);


INSERT INTO SystemRep (System_id, distance_to_galaxy_centre, ucoordinate, vcoordinate) VALUES ('U2012V2029', 3.4015010849061332E16, 2012.0, 2029.0);


INSERT INTO SystemRep (System_id, distance_to_galaxy_centre, ucoordinate, vcoordinate) VALUES ('U2012V2028', 3.400655914673591E16, 2012.0, 2028.0);


INSERT INTO SystemRep (System_id, distance_to_galaxy_centre, ucoordinate, vcoordinate) VALUES ('U2012V2027', 3.3998109511406188E16, 2012.0, 2027.0);


INSERT INTO SystemRep (System_id, distance_to_galaxy_centre, ucoordinate, vcoordinate) VALUES ('U2012V2026', 3.398966194461369E16, 2012.0, 2026.0);


INSERT INTO SystemRep (System_id, distance_to_galaxy_centre, ucoordinate, vcoordinate) VALUES ('U2012V2025', 3.3981216447901096E16, 2012.0, 2025.0);


INSERT INTO SystemRep (System_id, distance_to_galaxy_centre, ucoordinate, vcoordinate) VALUES ('U2012V2024', 3.3972773022812252E16, 2012.0, 2024.0);


INSERT INTO SystemRep (System_id, distance_to_galaxy_centre, ucoordinate, vcoordinate) VALUES ('U2012V2023', 3.3964331670892156E16, 2012.0, 2023.0);


INSERT INTO SystemRep (System_id, distance_to_galaxy_centre, ucoordinate, vcoordinate) VALUES ('U2012V2022', 3.395589239368696E16, 2012.0, 2022.0);


INSERT INTO SystemRep (System_id, distance_to_galaxy_centre, ucoordinate, vcoordinate) VALUES ('U2012V2021', 3.3947455192743976E16, 2012.0, 2021.0);


INSERT INTO SystemRep (System_id, distance_to_galaxy_centre, ucoordinate, vcoordinate) VALUES ('U2012V2020', 3.393902006961167E16, 2012.0, 2020.0);


INSERT INTO SystemRep (System_id, distance_to_galaxy_centre, ucoordinate, vcoordinate) VALUES ('U2018V2039', 3.4149845729834856E16, 2018.0, 2039.0);


INSERT INTO SystemRep (System_id, distance_to_galaxy_centre, ucoordinate, vcoordinate) VALUES ('U2018V2038', 3.4141385900485764E16, 2018.0, 2038.0);


INSERT INTO SystemRep (System_id, distance_to_galaxy_centre, ucoordinate, vcoordinate) VALUES ('U2018V2037', 3.4132928125941496E16, 2018.0, 2037.0);


INSERT INTO SystemRep (System_id, distance_to_galaxy_centre, ucoordinate, vcoordinate) VALUES ('U2018V2036', 3.412447240772991E16, 2018.0, 2036.0);


INSERT INTO SystemRep (System_id, distance_to_galaxy_centre, ucoordinate, vcoordinate) VALUES ('U2018V2035', 3.411601874738001E16, 2018.0, 2035.0);


INSERT INTO StarRep (System_id,cluster_id,distance_clust_virt_centre,luminosity,no_planets_allowed,angle_in_radians_s,star_color,star_type,star_size)  VALUES ('U2018V2035', 'U2018V2035_0', 5.952E11, 1.199138841470527, 'F', 250.0, 'yelo.mains', 'g0', 42.0);


INSERT INTO ClusterRep (System_id,distance_sys_virt_centre,planetsAllowed,cluster_id,angle_in_radians,cluster_description,number_stars_in_cluster)  VALUES ('U2018V2035', 1.2146938775510204E11, 'T', 'U2018V2035_0', 4.572762640225144, 'Cluster Number: 0 SINGLESTAR', 1);


INSERT INTO SystemRep (System_id, distance_to_galaxy_centre, ucoordinate, vcoordinate) VALUES ('U2018V2034', 3.410756714642192E16, 2018.0, 2034.0);


INSERT INTO StarRep (System_id,cluster_id,distance_clust_virt_centre,luminosity,no_planets_allowed,angle_in_radians_s,star_color,star_type,star_size)  VALUES ('U2018V2034', 'U2018V2034_0', 4.441791044776119E10, 0.282, 'F', 304.0, 'orng.mains', 'k2', 1.0830000000000002);


INSERT INTO ClusterRep (System_id,distance_sys_virt_centre,planetsAllowed,cluster_id,angle_in_radians,cluster_description,number_stars_in_cluster)  VALUES ('U2018V2034', 9.92E10, 'T', 'U2018V2034_0', 5.986479334340551, 'Cluster Number: 0 SINGLESTAR', 1);


INSERT INTO SystemRep (System_id, distance_to_galaxy_centre, ucoordinate, vcoordinate) VALUES ('U2018V2033', 3.4099117606386944E16, 2018.0, 2033.0);


INSERT INTO SystemRep (System_id, distance_to_galaxy_centre, ucoordinate, vcoordinate) VALUES ('U2018V2032', 3.40906701288075E16, 2018.0, 2032.0);


INSERT INTO SystemRep (System_id, distance_to_galaxy_centre, ucoordinate, vcoordinate) VALUES ('U2018V2031', 3.408222471521717E16, 2018.0, 2031.0);


INSERT INTO SystemRep (System_id, distance_to_galaxy_centre, ucoordinate, vcoordinate) VALUES ('U2018V2030', 3.4073781367150668E16, 2018.0, 2030.0);


INSERT INTO SystemRep (System_id, distance_to_galaxy_centre, ucoordinate, vcoordinate) VALUES ('U2012V2039', 3.4099641218767096E16, 2012.0, 2039.0);


INSERT INTO SystemRep (System_id, distance_to_galaxy_centre, ucoordinate, vcoordinate) VALUES ('U2012V2038', 3.409116893101508E16, 2012.0, 2038.0);


INSERT INTO SystemRep (System_id, distance_to_galaxy_centre, ucoordinate, vcoordinate) VALUES ('U2012V2037', 3.4082698694906892E16, 2012.0, 2037.0);


INSERT INTO SystemRep (System_id, distance_to_galaxy_centre, ucoordinate, vcoordinate) VALUES ('U2012V2036', 3.4074230511972536E16, 2012.0, 2036.0);


INSERT INTO SystemRep (System_id, distance_to_galaxy_centre, ucoordinate, vcoordinate) VALUES ('U2012V2035', 3.406576438374316E16, 2012.0, 2035.0);


INSERT INTO SystemRep (System_id, distance_to_galaxy_centre, ucoordinate, vcoordinate) VALUES ('U2012V2034', 3.4057300311751076E16, 2012.0, 2034.0);


INSERT INTO SystemRep (System_id, distance_to_galaxy_centre, ucoordinate, vcoordinate) VALUES ('U2012V2033', 3.404883829752974E16, 2012.0, 2033.0);


INSERT INTO SystemRep (System_id, distance_to_galaxy_centre, ucoordinate, vcoordinate) VALUES ('U2012V2032', 3.404037834261376E16, 2012.0, 2032.0);


INSERT INTO SystemRep (System_id, distance_to_galaxy_centre, ucoordinate, vcoordinate) VALUES ('U2012V2031', 3.40319204485389E16, 2012.0, 2031.0);


INSERT INTO StarRep (System_id,cluster_id,distance_clust_virt_centre,luminosity,no_planets_allowed,angle_in_radians_s,star_color,star_type,star_size)  VALUES ('U2012V2031', 'U2012V2031_0', 5.952E11, 0.0276, 'F', 241.0, 'red_.mains', 'm5', 0.10750000000000004);


INSERT INTO ClusterRep (System_id,distance_sys_virt_centre,planetsAllowed,cluster_id,angle_in_radians,cluster_description,number_stars_in_cluster)  VALUES ('U2012V2031', 2.834285714285714E11, 'T', 'U2012V2031_0', 2.775073510670984, 'Cluster Number: 0 SINGLESTAR', 1);


INSERT INTO SystemRep (System_id, distance_to_galaxy_centre, ucoordinate, vcoordinate) VALUES ('U2012V2030', 3.4023464616842068E16, 2012.0, 2030.0);


INSERT INTO SystemRep (System_id, distance_to_galaxy_centre, ucoordinate, vcoordinate) VALUES ('U2006V2039', 3.4049512506074324E16, 2006.0, 2039.0);


INSERT INTO SystemRep (System_id, distance_to_galaxy_centre, ucoordinate, vcoordinate) VALUES ('U2006V2038', 3.404102774205973E16, 2006.0, 2038.0);


INSERT INTO SystemRep (System_id, distance_to_galaxy_centre, ucoordinate, vcoordinate) VALUES ('U2006V2037', 3.4032545026496036E16, 2006.0, 2037.0);


INSERT INTO StarRep (System_id,cluster_id,distance_clust_virt_centre,luminosity,no_planets_allowed,angle_in_radians_s,star_color,star_type,star_size)  VALUES ('U2006V2037', 'U2006V2037_0', 1.417142857142857E11, 2.7E-5, 'F', 109.0, 'red_.dwarf', 'dm', 0.6586666666666666);


INSERT INTO ClusterRep (System_id,distance_sys_virt_centre,planetsAllowed,cluster_id,angle_in_radians,cluster_description,number_stars_in_cluster)  VALUES ('U2006V2037', 2.976E12, 'T', 'U2006V2037_0', 4.39822971502571, 'Cluster Number: 0 SINGLESTAR', 1);


INSERT INTO SystemRep (System_id, distance_to_galaxy_centre, ucoordinate, vcoordinate) VALUES ('U2006V2036', 3.4024064360915376E16, 2006.0, 2036.0);


INSERT INTO SystemRep (System_id, distance_to_galaxy_centre, ucoordinate, vcoordinate) VALUES ('U2006V2035', 3.4015585746851044E16, 2006.0, 2035.0);


INSERT INTO SystemRep (System_id, distance_to_galaxy_centre, ucoordinate, vcoordinate) VALUES ('U2006V2034', 3.400710918583748E16, 2006.0, 2034.0);


INSERT INTO SystemRep (System_id, distance_to_galaxy_centre, ucoordinate, vcoordinate) VALUES ('U2006V2033', 3.399863467941029E16, 2006.0, 2033.0);


INSERT INTO StarRep (System_id,cluster_id,distance_clust_virt_centre,luminosity,no_planets_allowed,angle_in_radians_s,star_color,star_type,star_size)  VALUES ('U2006V2033', 'U2006V2033_0', 1.566315789473684E11, 0.2149585331890318, 'F', 69.0, 'orng.mains', 'k4', 1.126);


INSERT INTO ClusterRep (System_id,distance_sys_virt_centre,planetsAllowed,cluster_id,angle_in_radians,cluster_description,number_stars_in_cluster)  VALUES ('U2006V2033', 2.1257142857142856E11, 'T', 'U2006V2033_0', 5.253441048502932, 'Cluster Number: 0 SINGLESTAR', 1);


INSERT INTO SystemRep (System_id, distance_to_galaxy_centre, ucoordinate, vcoordinate) VALUES ('U2006V2032', 3.399016222910623E16, 2006.0, 2032.0);


INSERT INTO SystemRep (System_id, distance_to_galaxy_centre, ucoordinate, vcoordinate) VALUES ('U2006V2031', 3.398169183646323E16, 2006.0, 2031.0);


INSERT INTO SystemRep (System_id, distance_to_galaxy_centre, ucoordinate, vcoordinate) VALUES ('U2006V2030', 3.3973223503020372E16, 2006.0, 2030.0);


INSERT INTO SystemRep (System_id, distance_to_galaxy_centre, ucoordinate, vcoordinate) VALUES ('U2000V2039', 3.399945992702731E16, 2000.0, 2039.0);


INSERT INTO SystemRep (System_id, distance_to_galaxy_centre, ucoordinate, vcoordinate) VALUES ('U2000V2038', 3.3990962668978704E16, 2000.0, 2038.0);


INSERT INTO SystemRep (System_id, distance_to_galaxy_centre, ucoordinate, vcoordinate) VALUES ('U2000V2037', 3.3982467456156036E16, 2000.0, 2037.0);


INSERT INTO SystemRep (System_id, distance_to_galaxy_centre, ucoordinate, vcoordinate) VALUES ('U2000V2036', 3.397397429009353E16, 2000.0, 2036.0);


INSERT INTO SystemRep (System_id, distance_to_galaxy_centre, ucoordinate, vcoordinate) VALUES ('U2000V2035', 3.396548317232658E16, 2000.0, 2035.0);


INSERT INTO SystemRep (System_id, distance_to_galaxy_centre, ucoordinate, vcoordinate) VALUES ('U2000V2034', 3.3956994104391748E16, 2000.0, 2034.0);


INSERT INTO SystemRep (System_id, distance_to_galaxy_centre, ucoordinate, vcoordinate) VALUES ('U2000V2033', 3.3948507087826764E16, 2000.0, 2033.0);


INSERT INTO SystemRep (System_id, distance_to_galaxy_centre, ucoordinate, vcoordinate) VALUES ('U2000V2032', 3.394002212417051E16, 2000.0, 2032.0);


INSERT INTO SystemRep (System_id, distance_to_galaxy_centre, ucoordinate, vcoordinate) VALUES ('U2000V2031', 3.393153921496306E16, 2000.0, 2031.0);


INSERT INTO SystemRep (System_id, distance_to_galaxy_centre, ucoordinate, vcoordinate) VALUES ('U2000V2030', 3.3923058361745628E16, 2000.0, 2030.0);


INSERT INTO SystemRep (System_id, distance_to_galaxy_centre, ucoordinate, vcoordinate) VALUES ('U2006V2029', 3.39647572303179E16, 2006.0, 2029.0);


INSERT INTO SystemRep (System_id, distance_to_galaxy_centre, ucoordinate, vcoordinate) VALUES ('U2006V2028', 3.3956293019897212E16, 2006.0, 2028.0);


INSERT INTO SystemRep (System_id, distance_to_galaxy_centre, ucoordinate, vcoordinate) VALUES ('U2006V2027', 3.394783087330087E16, 2006.0, 2027.0);


INSERT INTO StarRep (System_id,cluster_id,distance_clust_virt_centre,luminosity,no_planets_allowed,angle_in_radians_s,star_color,star_type,star_size)  VALUES ('U2006V2027', 'U2006V2027_0', 5.723076923076923E10, 0.9976112490174854, 'F', 296.0, 'yelo.mains', 'g2', 43.199999999999996);


INSERT INTO ClusterRep (System_id,distance_sys_virt_centre,planetsAllowed,cluster_id,angle_in_radians,cluster_description,number_stars_in_cluster)  VALUES ('U2006V2027', 8.502857142857143E10, 'T', 'U2006V2027_0', 5.532693728822025, 'Cluster Number: 0 SINGLESTAR', 1);


INSERT INTO SystemRep (System_id, distance_to_galaxy_centre, ucoordinate, vcoordinate) VALUES ('U2006V2026', 3.3939370792072616E16, 2006.0, 2026.0);


INSERT INTO SystemRep (System_id, distance_to_galaxy_centre, ucoordinate, vcoordinate) VALUES ('U2006V2025', 3.3930912777757336E16, 2006.0, 2025.0);


INSERT INTO SystemRep (System_id, distance_to_galaxy_centre, ucoordinate, vcoordinate) VALUES ('U2006V2024', 3.3922456831901076E16, 2006.0, 2024.0);


INSERT INTO SystemRep (System_id, distance_to_galaxy_centre, ucoordinate, vcoordinate) VALUES ('U2006V2023', 3.391400295605106E16, 2006.0, 2023.0);


INSERT INTO SystemRep (System_id, distance_to_galaxy_centre, ucoordinate, vcoordinate) VALUES ('U2006V2022', 3.3905551151755664E16, 2006.0, 2022.0);


INSERT INTO SystemRep (System_id, distance_to_galaxy_centre, ucoordinate, vcoordinate) VALUES ('U2006V2021', 3.3897101420564444E16, 2006.0, 2021.0);


INSERT INTO SystemRep (System_id, distance_to_galaxy_centre, ucoordinate, vcoordinate) VALUES ('U2006V2020', 3.38886537640281E16, 2006.0, 2020.0);


INSERT INTO SystemRep (System_id, distance_to_galaxy_centre, ucoordinate, vcoordinate) VALUES ('U2002V2029', 3.3931296993948228E16, 2002.0, 2029.0);


INSERT INTO StarRep (System_id,cluster_id,distance_clust_virt_centre,luminosity,no_planets_allowed,angle_in_radians_s,star_color,star_type,star_size)  VALUES ('U2002V2029', 'U2002V2029_0', 1.984E11, 4.476738579545891, 'F', 219.0, 'orng.subgi', 'k3', 2.166666666666667);


INSERT INTO ClusterRep (System_id,distance_sys_virt_centre,planetsAllowed,cluster_id,angle_in_radians,cluster_description,number_stars_in_cluster)  VALUES ('U2002V2029', 6.073469387755102E10, 'T', 'U2002V2029_0', 3.6302848441482056, 'Cluster Number: 0 SINGLESTAR', 1);


INSERT INTO SystemRep (System_id, distance_to_galaxy_centre, ucoordinate, vcoordinate) VALUES ('U2002V2028', 3.3922824434740216E16, 2002.0, 2028.0);


INSERT INTO SystemRep (System_id, distance_to_galaxy_centre, ucoordinate, vcoordinate) VALUES ('U2002V2027', 3.3914353937224396E16, 2002.0, 2027.0);


INSERT INTO SystemRep (System_id, distance_to_galaxy_centre, ucoordinate, vcoordinate) VALUES ('U2002V2026', 3.3905885502945944E16, 2002.0, 2026.0);


INSERT INTO SystemRep (System_id, distance_to_galaxy_centre, ucoordinate, vcoordinate) VALUES ('U2002V2025', 3.389741913345121E16, 2002.0, 2025.0);


INSERT INTO StarRep (System_id,cluster_id,distance_clust_virt_centre,luminosity,no_planets_allowed,angle_in_radians_s,star_color,star_type,star_size)  VALUES ('U2002V2025', 'U2002V2025_0', 6.073469387755102E10, 0.215205768820254, 'F', 126.0, 'orng.mains', 'k4', 1.126);


INSERT INTO ClusterRep (System_id,distance_sys_virt_centre,planetsAllowed,cluster_id,angle_in_radians,cluster_description,number_stars_in_cluster)  VALUES ('U2002V2025', 3.968E11, 'T', 'U2002V2025_0', 3.07177948351002, 'Cluster Number: 0 SINGLESTAR', 1);


INSERT INTO SystemRep (System_id, distance_to_galaxy_centre, ucoordinate, vcoordinate) VALUES ('U2002V2024', 3.38889548302877E16, 2002.0, 2024.0);


INSERT INTO StarRep (System_id,cluster_id,distance_clust_virt_centre,luminosity,no_planets_allowed,angle_in_radians_s,star_color,star_type,star_size)  VALUES ('U2002V2024', 'U2002V2024_0', 2.2892307692307693E11, 0.0734, 'F', 180.0, 'red_.mains', 'm1', 0.07883333333333331);


INSERT INTO ClusterRep (System_id,distance_sys_virt_centre,planetsAllowed,cluster_id,angle_in_radians,cluster_description,number_stars_in_cluster)  VALUES ('U2002V2024', 2.3808E11, 'T', 'U2002V2024_0', 4.485496177625427, 'Cluster Number: 0 SINGLESTAR', 1);


INSERT INTO SystemRep (System_id, distance_to_galaxy_centre, ucoordinate, vcoordinate) VALUES ('U2002V2023', 3.3880492595004104E16, 2002.0, 2023.0);


INSERT INTO StarRep (System_id,cluster_id,distance_clust_virt_centre,luminosity,no_planets_allowed,angle_in_radians_s,star_color,star_type,star_size)  VALUES ('U2002V2023', 'U2002V2023_0', 6.331914893617021E10, 2.8E-5, 'F', 86.0, 'red_.dwarf', 'dm', 0.6413333333333334);


INSERT INTO ClusterRep (System_id,distance_sys_virt_centre,planetsAllowed,cluster_id,angle_in_radians,cluster_description,number_stars_in_cluster)  VALUES ('U2002V2023', 1.4517073170731708E11, 'T', 'U2002V2023_0', 3.9269908169872414, 'Cluster Number: 0 SINGLESTAR', 1);


INSERT INTO SystemRep (System_id, distance_to_galaxy_centre, ucoordinate, vcoordinate) VALUES ('U2002V2022', 3.3872032429150276E16, 2002.0, 2022.0);


INSERT INTO StarRep (System_id,cluster_id,distance_clust_virt_centre,luminosity,no_planets_allowed,angle_in_radians_s,star_color,star_type,star_size)  VALUES ('U2002V2022', 'U2002V2022_0', 3.767088607594936E10, 0.013357763450488485, 'F', 313.0, 'red_.mains', 'm7', 0.12183333333333335);


INSERT INTO ClusterRep (System_id,distance_sys_virt_centre,planetsAllowed,cluster_id,angle_in_radians,cluster_description,number_stars_in_cluster)  VALUES ('U2002V2022', 7.171084337349397E10, 'T', 'U2002V2022_0', 4.2062434973063345, 'Cluster Number: 0 SINGLESTAR', 1);


INSERT INTO SystemRep (System_id, distance_to_galaxy_centre, ucoordinate, vcoordinate) VALUES ('U2002V2021', 3.3863574334277236E16, 2002.0, 2021.0);


INSERT INTO SystemRep (System_id, distance_to_galaxy_centre, ucoordinate, vcoordinate) VALUES ('U2002V2020', 3.3855118311937176E16, 2002.0, 2020.0);


INSERT INTO SystemRep (System_id, distance_to_galaxy_centre, ucoordinate, vcoordinate) VALUES ('U2019V2039', 3.4158220494172584E16, 2019.0, 2039.0);


INSERT INTO SystemRep (System_id, distance_to_galaxy_centre, ucoordinate, vcoordinate) VALUES ('U2019V2038', 3.4149762739481516E16, 2019.0, 2038.0);


INSERT INTO SystemRep (System_id, distance_to_galaxy_centre, ucoordinate, vcoordinate) VALUES ('U2019V2037', 3.4141307040119012E16, 2019.0, 2037.0);


INSERT INTO SystemRep (System_id, distance_to_galaxy_centre, ucoordinate, vcoordinate) VALUES ('U2019V2029', 3.40737356205866E16, 2019.0, 2029.0);


INSERT INTO SystemRep (System_id, distance_to_galaxy_centre, ucoordinate, vcoordinate) VALUES ('U2019V2036', 3.413285339761257E16, 2019.0, 2036.0);


INSERT INTO SystemRep (System_id, distance_to_galaxy_centre, ucoordinate, vcoordinate) VALUES ('U2019V2028', 3.4065298488055556E16, 2019.0, 2028.0);


INSERT INTO SystemRep (System_id, distance_to_galaxy_centre, ucoordinate, vcoordinate) VALUES ('U2019V2035', 3.4124401813490824E16, 2019.0, 2035.0);


INSERT INTO SystemRep (System_id, distance_to_galaxy_centre, ucoordinate, vcoordinate) VALUES ('U2019V2027', 3.4056863426179456E16, 2019.0, 2027.0);


INSERT INTO SystemRep (System_id, distance_to_galaxy_centre, ucoordinate, vcoordinate) VALUES ('U2019V2034', 3.4115952289283556E16, 2019.0, 2034.0);


INSERT INTO StarRep (System_id,cluster_id,distance_clust_virt_centre,luminosity,no_planets_allowed,angle_in_radians_s,star_color,star_type,star_size)  VALUES ('U2019V2034', 'U2019V2034_0', 4.0767123287671234E10, 3.75E-5, 'F', 63.0, 'orng.dwarf', 'dk', 0.5633333333333334);


INSERT INTO ClusterRep (System_id,distance_sys_virt_centre,planetsAllowed,cluster_id,angle_in_radians,cluster_description,number_stars_in_cluster)  VALUES ('U2019V2034', 7.44E10, 'T', 'U2019V2034_0', 3.438298626428829, 'Cluster Number: 0 SINGLESTAR', 1);


INSERT INTO SystemRep (System_id, distance_to_galaxy_centre, ucoordinate, vcoordinate) VALUES ('U2019V2026', 3.4048430436497244E16, 2019.0, 2026.0);


INSERT INTO SystemRep (System_id, distance_to_galaxy_centre, ucoordinate, vcoordinate) VALUES ('U2019V2033', 3.4107504826521684E16, 2019.0, 2033.0);


INSERT INTO SystemRep (System_id, distance_to_galaxy_centre, ucoordinate, vcoordinate) VALUES ('U2019V2025', 3.4039999520549E16, 2019.0, 2025.0);


INSERT INTO StarRep (System_id,cluster_id,distance_clust_virt_centre,luminosity,no_planets_allowed,angle_in_radians_s,star_color,star_type,star_size)  VALUES ('U2019V2025', 'U2019V2025_0', 4.3130434782608696E10, 2.948480820914967E-5, 'F', 344.0, 'red_.dwarf', 'dm', 0.6153333333333334);


INSERT INTO ClusterRep (System_id,distance_sys_virt_centre,planetsAllowed,cluster_id,angle_in_radians,cluster_description,number_stars_in_cluster)  VALUES ('U2019V2025', 1.7505882352941177E11, 'T', 'U2019V2025_0', 5.131268000863329, 'Cluster Number: 0 SINGLESTAR', 1);


INSERT INTO SystemRep (System_id, distance_to_galaxy_centre, ucoordinate, vcoordinate) VALUES ('U2019V2032', 3.4099059426737268E16, 2019.0, 2032.0);


INSERT INTO SystemRep (System_id, distance_to_galaxy_centre, ucoordinate, vcoordinate) VALUES ('U2019V2024', 3.4031570679875944E16, 2019.0, 2024.0);


INSERT INTO SystemRep (System_id, distance_to_galaxy_centre, ucoordinate, vcoordinate) VALUES ('U2019V2031', 3.409061609146353E16, 2019.0, 2031.0);


INSERT INTO SystemRep (System_id, distance_to_galaxy_centre, ucoordinate, vcoordinate) VALUES ('U2019V2023', 3.402314391602046E16, 2019.0, 2023.0);


INSERT INTO SystemRep (System_id, distance_to_galaxy_centre, ucoordinate, vcoordinate) VALUES ('U2019V2030', 3.4082174822234804E16, 2019.0, 2030.0);


INSERT INTO SystemRep (System_id, distance_to_galaxy_centre, ucoordinate, vcoordinate) VALUES ('U2019V2022', 3.4014719230526068E16, 2019.0, 2022.0);


INSERT INTO StarRep (System_id,cluster_id,distance_clust_virt_centre,luminosity,no_planets_allowed,angle_in_radians_s,star_color,star_type,star_size)  VALUES ('U2019V2022', 'U2019V2022_0', 4.1915492957746475E10, 0.282, 'F', 23.0, 'orng.mains', 'k2', 1.0830000000000002);


INSERT INTO ClusterRep (System_id,distance_sys_virt_centre,planetsAllowed,cluster_id,angle_in_radians,cluster_description,number_stars_in_cluster)  VALUES ('U2019V2022', 8.502857142857142E11, 'T', 'U2019V2022_0', 4.293509959906051, 'Cluster Number: 0 SINGLESTAR', 1);


INSERT INTO SystemRep (System_id, distance_to_galaxy_centre, ucoordinate, vcoordinate) VALUES ('U2019V2021', 3.400629662493745E16, 2019.0, 2021.0);


INSERT INTO SystemRep (System_id, distance_to_galaxy_centre, ucoordinate, vcoordinate) VALUES ('U2019V2020', 3.3997876100800416E16, 2019.0, 2020.0);


INSERT INTO SystemRep (System_id, distance_to_galaxy_centre, ucoordinate, vcoordinate) VALUES ('U2015V2029', 3.4040166036261576E16, 2015.0, 2029.0);


INSERT INTO SystemRep (System_id, distance_to_galaxy_centre, ucoordinate, vcoordinate) VALUES ('U2015V2028', 3.403172058117168E16, 2015.0, 2028.0);


INSERT INTO SystemRep (System_id, distance_to_galaxy_centre, ucoordinate, vcoordinate) VALUES ('U2015V2027', 3.4023277194651076E16, 2015.0, 2027.0);


INSERT INTO StarRep (System_id,cluster_id,distance_clust_virt_centre,luminosity,no_planets_allowed,angle_in_radians_s,star_color,star_type,star_size)  VALUES ('U2015V2027', 'U2015V2027_0', 3.1326315789473682E10, 3.748101327127862E-5, 'F', 321.0, 'orng.dwarf', 'dk', 0.5633333333333334);


INSERT INTO ClusterRep (System_id,distance_sys_virt_centre,planetsAllowed,cluster_id,angle_in_radians,cluster_description,number_stars_in_cluster)  VALUES ('U2015V2027', 8.153424657534247E10, 'T', 'U2015V2027_0', 4.6600291028248595, 'Cluster Number: 0 SINGLESTAR', 1);


INSERT INTO SystemRep (System_id, distance_to_galaxy_centre, ucoordinate, vcoordinate) VALUES ('U2015V2026', 3.4014835878240188E16, 2015.0, 2026.0);


INSERT INTO StarRep (System_id,cluster_id,distance_clust_virt_centre,luminosity,no_planets_allowed,angle_in_radians_s,star_color,star_type,star_size)  VALUES ('U2015V2026', 'U2015V2026_0', 5.044067796610169E10, 2.313856067631872, 'F', 95.0, 'pyel.mains', 'f6', 39.6);


INSERT INTO ClusterRep (System_id,distance_sys_virt_centre,planetsAllowed,cluster_id,angle_in_radians,cluster_description,number_stars_in_cluster)  VALUES ('U2015V2026', 9.3E10, 'T', 'U2015V2026_0', 2.1467549799530254, 'Cluster Number: 0 SINGLESTAR', 1);


INSERT INTO SystemRep (System_id, distance_to_galaxy_centre, ucoordinate, vcoordinate) VALUES ('U2015V2025', 3.400639663348059E16, 2015.0, 2025.0);


INSERT INTO SystemRep (System_id, distance_to_galaxy_centre, ucoordinate, vcoordinate) VALUES ('U2015V2024', 3.399795946191501E16, 2015.0, 2024.0);


INSERT INTO SystemRep (System_id, distance_to_galaxy_centre, ucoordinate, vcoordinate) VALUES ('U2015V2023', 3.398952436508731E16, 2015.0, 2023.0);


INSERT INTO SystemRep (System_id, distance_to_galaxy_centre, ucoordinate, vcoordinate) VALUES ('U2015V2022', 3.3981091344542544E16, 2015.0, 2022.0);


INSERT INTO SystemRep (System_id, distance_to_galaxy_centre, ucoordinate, vcoordinate) VALUES ('U2015V2021', 3.397266040182688E16, 2015.0, 2021.0);


INSERT INTO SystemRep (System_id, distance_to_galaxy_centre, ucoordinate, vcoordinate) VALUES ('U2015V2020', 3.3964231538487664E16, 2015.0, 2020.0);


INSERT INTO SystemRep (System_id, distance_to_galaxy_centre, ucoordinate, vcoordinate) VALUES ('U2011V2029', 3.400662998560416E16, 2011.0, 2029.0);


INSERT INTO SystemRep (System_id, distance_to_galaxy_centre, ucoordinate, vcoordinate) VALUES ('U2011V2028', 3.399817619985637E16, 2011.0, 2028.0);


INSERT INTO StarRep (System_id,cluster_id,distance_clust_virt_centre,luminosity,no_planets_allowed,angle_in_radians_s,star_color,star_type,star_size)  VALUES ('U2011V2028', 'U2011V2028_0', 7.44E11, 140916.78632434487, 'F', 201.0, 'blue.mains', 'o8', 5.166666666666667);


INSERT INTO ClusterRep (System_id,distance_sys_virt_centre,planetsAllowed,cluster_id,angle_in_radians,cluster_description,number_stars_in_cluster)  VALUES ('U2011V2028', 1.2663829787234042E11, 'T', 'U2011V2028_0', 3.6128315516282616, 'Cluster Number: 0 SINGLESTAR', 1);


INSERT INTO SystemRep (System_id, distance_to_galaxy_centre, ucoordinate, vcoordinate) VALUES ('U2011V2027', 3.398972448057795E16, 2011.0, 2027.0);


INSERT INTO SystemRep (System_id, distance_to_galaxy_centre, ucoordinate, vcoordinate) VALUES ('U2011V2026', 3.3981274829310804E16, 2011.0, 2026.0);


INSERT INTO SystemRep (System_id, distance_to_galaxy_centre, ucoordinate, vcoordinate) VALUES ('U2011V2025', 3.3972827247597984E16, 2011.0, 2025.0);


INSERT INTO SystemRep (System_id, distance_to_galaxy_centre, ucoordinate, vcoordinate) VALUES ('U2011V2024', 3.39643817369837E16, 2011.0, 2024.0);


INSERT INTO SystemRep (System_id, distance_to_galaxy_centre, ucoordinate, vcoordinate) VALUES ('U2011V2023', 3.3955938299013324E16, 2011.0, 2023.0);


INSERT INTO SystemRep (System_id, distance_to_galaxy_centre, ucoordinate, vcoordinate) VALUES ('U2011V2022', 3.3947496935233384E16, 2011.0, 2022.0);


INSERT INTO StarRep (System_id,cluster_id,distance_clust_virt_centre,luminosity,no_planets_allowed,angle_in_radians_s,star_color,star_type,star_size)  VALUES ('U2011V2022', 'U2011V2022_0', 7.83157894736842E10, 0.12289261386796478, 'F', 108.0, 'orng.mains', 'k8', 1.2120000000000002);


INSERT INTO ClusterRep (System_id,distance_sys_virt_centre,planetsAllowed,cluster_id,angle_in_radians,cluster_description,number_stars_in_cluster)  VALUES ('U2011V2022', 9.447619047619048E10, 'T', 'U2011V2022_0', 3.0543261909900763, 'Cluster Number: 0 SINGLESTAR', 1);


INSERT INTO SystemRep (System_id, distance_to_galaxy_centre, ucoordinate, vcoordinate) VALUES ('U2011V2021', 3.393905764719156E16, 2011.0, 2021.0);


INSERT INTO StarRep (System_id,cluster_id,distance_clust_virt_centre,luminosity,no_planets_allowed,angle_in_radians_s,star_color,star_type,star_size)  VALUES ('U2011V2021', 'U2011V2021_0', 8.752941176470589E10, 0.216, 'F', 28.0, 'orng.mains', 'k4', 1.126);


INSERT INTO ClusterRep (System_id,distance_sys_virt_centre,planetsAllowed,cluster_id,angle_in_radians,cluster_description,number_stars_in_cluster)  VALUES ('U2011V2021', 3.72E11, 'T', 'U2011V2021_0', 4.747295565424577, 'Cluster Number: 0 SINGLESTAR', 1);


INSERT INTO SystemRep (System_id, distance_to_galaxy_centre, ucoordinate, vcoordinate) VALUES ('U2011V2020', 3.3930620436436704E16, 2011.0, 2020.0);


