INSERT INTO SystemRep (System_id, distance_to_galaxy_centre, ucoordinate, vcoordinate) VALUES ('U2013V2019', 3.3938990842576332E16, 2013.0, 2019.0);


INSERT INTO SystemRep (System_id, distance_to_galaxy_centre, ucoordinate, vcoordinate) VALUES ('U2013V2018', 3.3930561967870324E16, 2013.0, 2018.0);


INSERT INTO StarRep (System_id,cluster_id,distance_clust_virt_centre,luminosity,no_planets_allowed,angle_in_radians_s,star_color,star_type,star_size)  VALUES ('U2013V2018', 'U2013V2018_0', 4.021621621621622E10, 0.0912, 'F', 71.0, 'red_.mains', 'm0', 1.255);


INSERT INTO ClusterRep (System_id,distance_sys_virt_centre,planetsAllowed,cluster_id,angle_in_radians,cluster_description,number_stars_in_cluster)  VALUES ('U2013V2018', 1.488E11, 'T', 'U2013V2018_0', 4.97418836818384, 'Cluster Number: 0 SINGLESTAR', 1);


INSERT INTO SystemRep (System_id, distance_to_galaxy_centre, ucoordinate, vcoordinate) VALUES ('U2013V2017', 3.392213517614904E16, 2013.0, 2017.0);


INSERT INTO SystemRep (System_id, distance_to_galaxy_centre, ucoordinate, vcoordinate) VALUES ('U2013V2016', 3.3913710468965204E16, 2013.0, 2016.0);


INSERT INTO SystemRep (System_id, distance_to_galaxy_centre, ucoordinate, vcoordinate) VALUES ('U2013V2015', 3.3905287847872696E16, 2013.0, 2015.0);


INSERT INTO StarRep (System_id,cluster_id,distance_clust_virt_centre,luminosity,no_planets_allowed,angle_in_radians_s,star_color,star_type,star_size)  VALUES ('U2013V2015', 'U2013V2015_0', 3.306666666666667E11, 2.9E-5, 'F', 338.0, 'red_.dwarf', 'dm', 0.624);


INSERT INTO ClusterRep (System_id,distance_sys_virt_centre,planetsAllowed,cluster_id,angle_in_radians,cluster_description,number_stars_in_cluster)  VALUES ('U2013V2015', 1.0628571428571428E11, 'T', 'U2013V2015_0', 4.4156830075456535, 'Cluster Number: 0 SINGLESTAR', 1);


INSERT INTO SystemRep (System_id, distance_to_galaxy_centre, ucoordinate, vcoordinate) VALUES ('U2013V2014', 3.3896867314426564E16, 2013.0, 2014.0);


INSERT INTO SystemRep (System_id, distance_to_galaxy_centre, ucoordinate, vcoordinate) VALUES ('U2013V2013', 3.388844887018301E16, 2013.0, 2013.0);


INSERT INTO SystemRep (System_id, distance_to_galaxy_centre, ucoordinate, vcoordinate) VALUES ('U2013V2012', 3.388003251669939E16, 2013.0, 2012.0);


INSERT INTO StarRep (System_id,cluster_id,distance_clust_virt_centre,luminosity,no_planets_allowed,angle_in_radians_s,star_color,star_type,star_size)  VALUES ('U2013V2012', 'U2013V2012_0', 7.085714285714285E10, 0.046402284959767455, 'F', 204.0, 'red_.mains', 'm3', 0.09316666666666662);


INSERT INTO ClusterRep (System_id,distance_sys_virt_centre,planetsAllowed,cluster_id,angle_in_radians,cluster_description,number_stars_in_cluster)  VALUES ('U2013V2012', 6.073469387755102E10, 'T', 'U2013V2012_0', 4.694935687864747, 'Cluster Number: 0 SINGLESTAR', 1);


INSERT INTO SystemRep (System_id, distance_to_galaxy_centre, ucoordinate, vcoordinate) VALUES ('U2013V2011', 3.3871618255534236E16, 2013.0, 2011.0);


INSERT INTO StarRep (System_id,cluster_id,distance_clust_virt_centre,luminosity,no_planets_allowed,angle_in_radians_s,star_color,star_type,star_size)  VALUES ('U2013V2011', 'U2013V2011_0', 4.96E11, 3.54026529916855E-5, 'F', 258.0, 'orng.dwarf', 'dk', 0.598);


INSERT INTO ClusterRep (System_id,distance_sys_virt_centre,planetsAllowed,cluster_id,angle_in_radians,cluster_description,number_stars_in_cluster)  VALUES ('U2013V2011', 6.613333333333334E11, 'T', 'U2013V2011_0', 6.108652381980153, 'Cluster Number: 0 SINGLESTAR', 1);


INSERT INTO SystemRep (System_id, distance_to_galaxy_centre, ucoordinate, vcoordinate) VALUES ('U2013V2010', 3.3863206088247228E16, 2013.0, 2010.0);


INSERT INTO StarRep (System_id,cluster_id,distance_clust_virt_centre,luminosity,no_planets_allowed,angle_in_radians_s,star_color,star_type,star_size)  VALUES ('U2013V2010', 'U2013V2010_0', 7.83157894736842E10, 0.0276, 'F', 125.0, 'red_.mains', 'm5', 0.10750000000000004);


INSERT INTO ClusterRep (System_id,distance_sys_virt_centre,planetsAllowed,cluster_id,angle_in_radians,cluster_description,number_stars_in_cluster)  VALUES ('U2013V2010', 1.1670588235294118E11, 'T', 'U2013V2010_0', 0.10471975511965977, 'Cluster Number: 0 SINGLESTAR', 1);


INSERT INTO SystemRep (System_id, distance_to_galaxy_centre, ucoordinate, vcoordinate) VALUES ('U2007V2019', 3.388859940455728E16, 2007.0, 2019.0);


INSERT INTO SystemRep (System_id, distance_to_galaxy_centre, ucoordinate, vcoordinate) VALUES ('U2007V2018', 3.388015799322028E16, 2007.0, 2018.0);


INSERT INTO StarRep (System_id,cluster_id,distance_clust_virt_centre,luminosity,no_planets_allowed,angle_in_radians_s,star_color,star_type,star_size)  VALUES ('U2007V2018', 'U2007V2018_0', 5.952E10, 0.333, 'F', 215.0, 'orng.mains', 'k1', 1.0615);


INSERT INTO ClusterRep (System_id,distance_sys_virt_centre,planetsAllowed,cluster_id,angle_in_radians,cluster_description,number_stars_in_cluster)  VALUES ('U2007V2018', 1.1022222222222223E11, 'T', 'U2007V2018_0', 0.6806784082777885, 'Cluster Number: 0 SINGLESTAR', 1);


INSERT INTO SystemRep (System_id, distance_to_galaxy_centre, ucoordinate, vcoordinate) VALUES ('U2007V2017', 3.3871718661724384E16, 2007.0, 2017.0);


INSERT INTO SystemRep (System_id, distance_to_galaxy_centre, ucoordinate, vcoordinate) VALUES ('U2007V2016', 3.38632814116246E16, 2007.0, 2016.0);


INSERT INTO SystemRep (System_id, distance_to_galaxy_centre, ucoordinate, vcoordinate) VALUES ('U2007V2015', 3.3854846244477084E16, 2007.0, 2015.0);


INSERT INTO StarRep (System_id,cluster_id,distance_clust_virt_centre,luminosity,no_planets_allowed,angle_in_radians_s,star_color,star_type,star_size)  VALUES ('U2007V2015', 'U2007V2015_0', 3.629268292682927E10, 2.3127087977342886, 'F', 82.0, 'pyel.mains', 'f6', 39.6);


INSERT INTO ClusterRep (System_id,distance_sys_virt_centre,planetsAllowed,cluster_id,angle_in_radians,cluster_description,number_stars_in_cluster)  VALUES ('U2007V2015', 6.2E10, 'T', 'U2007V2015_0', 0.9773843811168246, 'Cluster Number: 0 SINGLESTAR', 1);


INSERT INTO SystemRep (System_id, distance_to_galaxy_centre, ucoordinate, vcoordinate) VALUES ('U2007V2014', 3.3846413161839172E16, 2007.0, 2014.0);


INSERT INTO StarRep (System_id,cluster_id,distance_clust_virt_centre,luminosity,no_planets_allowed,angle_in_radians_s,star_color,star_type,star_size)  VALUES ('U2007V2014', 'U2007V2014_0', 3.2E10, 2.8E-5, 'F', 190.0, 'red_.dwarf', 'dm', 0.6413333333333334);


INSERT INTO ClusterRep (System_id,distance_sys_virt_centre,planetsAllowed,cluster_id,angle_in_radians,cluster_description,number_stars_in_cluster)  VALUES ('U2007V2014', 1.0628571428571428E11, 'T', 'U2007V2014_0', 5.1487212933832724, 'Cluster Number: 0 SINGLESTAR', 1);


INSERT INTO SystemRep (System_id, distance_to_galaxy_centre, ucoordinate, vcoordinate) VALUES ('U2007V2013', 3.3837982165269372E16, 2007.0, 2013.0);


INSERT INTO StarRep (System_id,cluster_id,distance_clust_virt_centre,luminosity,no_planets_allowed,angle_in_radians_s,star_color,star_type,star_size)  VALUES ('U2007V2013', 'U2007V2013_0', 1.1446153846153847E11, 0.013333626756486198, 'F', 57.0, 'red_.mains', 'm7', 0.12183333333333335);


INSERT INTO ClusterRep (System_id,distance_sys_virt_centre,planetsAllowed,cluster_id,angle_in_radians,cluster_description,number_stars_in_cluster)  VALUES ('U2007V2013', 6.073469387755102E10, 'T', 'U2007V2013_0', 5.427973973702365, 'Cluster Number: 0 SINGLESTAR', 1);


INSERT INTO SystemRep (System_id, distance_to_galaxy_centre, ucoordinate, vcoordinate) VALUES ('U2007V2012', 3.3829553256327344E16, 2007.0, 2012.0);


INSERT INTO StarRep (System_id,cluster_id,distance_clust_virt_centre,luminosity,no_planets_allowed,angle_in_radians_s,star_color,star_type,star_size)  VALUES ('U2007V2012', 'U2007V2012_0', 1.0628571428571428E11, 0.9974590034455503, 'F', 97.0, 'yelo.mains', 'g2', 43.199999999999996);


INSERT INTO ClusterRep (System_id,distance_sys_virt_centre,planetsAllowed,cluster_id,angle_in_radians,cluster_description,number_stars_in_cluster)  VALUES ('U2007V2012', 8.383098591549295E10, 'T', 'U2007V2012_0', 4.572762640225144, 'Cluster Number: 0 SINGLESTAR', 1);


INSERT INTO SystemRep (System_id, distance_to_galaxy_centre, ucoordinate, vcoordinate) VALUES ('U2007V2011', 3.3821126436573932E16, 2007.0, 2011.0);


INSERT INTO StarRep (System_id,cluster_id,distance_clust_virt_centre,luminosity,no_planets_allowed,angle_in_radians_s,star_color,star_type,star_size)  VALUES ('U2007V2011', 'U2007V2011_0', 4.96E10, 4.479503984511039, 'F', 324.0, 'orng.subgi', 'k3', 2.166666666666667);


INSERT INTO ClusterRep (System_id,distance_sys_virt_centre,planetsAllowed,cluster_id,angle_in_radians,cluster_description,number_stars_in_cluster)  VALUES ('U2007V2011', 4.251428571428571E11, 'T', 'U2007V2011_0', 4.852015320544236, 'Cluster Number: 0 SINGLESTAR', 1);


INSERT INTO SystemRep (System_id, distance_to_galaxy_centre, ucoordinate, vcoordinate) VALUES ('U2007V2010', 3.3812701707571136E16, 2007.0, 2010.0);


INSERT INTO SystemRep (System_id, distance_to_galaxy_centre, ucoordinate, vcoordinate) VALUES ('U2001V2019', 3.383828368236474E16, 2001.0, 2019.0);


INSERT INTO StarRep (System_id,cluster_id,distance_clust_virt_centre,luminosity,no_planets_allowed,angle_in_radians_s,star_color,star_type,star_size)  VALUES ('U2001V2019', 'U2001V2019_0', 4.8E10, 0.0096, 'F', 90.0, 'red_.mains', 'm9', 0.13616666666666666);


INSERT INTO StarRep (System_id,cluster_id,distance_clust_virt_centre,luminosity,no_planets_allowed,angle_in_radians_s,star_color,star_type,star_size)  VALUES ('U2001V2019', 'U2001V2019_0', 5.1310344827586205E10, 3.548828977597889E-5, 'F', 61.0, 'orng.dwarf', 'dk', 0.598);


INSERT INTO StarRep (System_id,cluster_id,distance_clust_virt_centre,luminosity,no_planets_allowed,angle_in_radians_s,star_color,star_type,star_size)  VALUES ('U2001V2019', 'U2001V2019_0', 1.0628571428571428E11, 0.4072428944740216, 'F', 103.0, 'yelo.mains', 'g9', 47.4);


INSERT INTO StarRep (System_id,cluster_id,distance_clust_virt_centre,luminosity,no_planets_allowed,angle_in_radians_s,star_color,star_type,star_size)  VALUES ('U2001V2019', 'U2001V2019_0', 1.984E11, 30.0, 'F', 287.0, 'whit.mains', 'a4', 32.4);


INSERT INTO StarRep (System_id,cluster_id,distance_clust_virt_centre,luminosity,no_planets_allowed,angle_in_radians_s,star_color,star_type,star_size)  VALUES ('U2001V2019', 'U2001V2019_0', 3.2703296703296703E10, 0.21493219067304678, 'F', 38.0, 'orng.mains', 'k4', 1.126);


INSERT INTO StarRep (System_id,cluster_id,distance_clust_virt_centre,luminosity,no_planets_allowed,angle_in_radians_s,star_color,star_type,star_size)  VALUES ('U2001V2019', 'U2001V2019_2', 6.073469387755102E10, 0.0276, 'F', 326.0, 'red_.mains', 'm5', 0.10750000000000004);


INSERT INTO StarRep (System_id,cluster_id,distance_clust_virt_centre,luminosity,no_planets_allowed,angle_in_radians_s,star_color,star_type,star_size)  VALUES ('U2001V2019', 'U2001V2019_3', 3.3066666666666668E10, 2.599820568228596E-5, 'F', 172.0, 'red_.dwarf', 'dm', 0.676);


INSERT INTO StarRep (System_id,cluster_id,distance_clust_virt_centre,luminosity,no_planets_allowed,angle_in_radians_s,star_color,star_type,star_size)  VALUES ('U2001V2019', 'U2001V2019_4', 8.266666666666667E10, 2.8E-5, 'F', 284.0, 'red_.dwarf', 'dm', 0.6413333333333334);


INSERT INTO ClusterRep (System_id,distance_sys_virt_centre,planetsAllowed,cluster_id,angle_in_radians,cluster_description,number_stars_in_cluster)  VALUES ('U2001V2019', 1.2663829787234042E11, 'F', 'U2001V2019_4', 1.0821041362364843, 'Cluster Number: 4 FIVESTAR_SPREAD', 1);


INSERT INTO SystemRep (System_id, distance_to_galaxy_centre, ucoordinate, vcoordinate) VALUES ('U2001V2018', 3.382982971596517E16, 2001.0, 2018.0);


INSERT INTO StarRep (System_id,cluster_id,distance_clust_virt_centre,luminosity,no_planets_allowed,angle_in_radians_s,star_color,star_type,star_size)  VALUES ('U2001V2018', 'U2001V2018_0', 1.1446153846153847E11, 2.8E-5, 'F', 143.0, 'red_.dwarf', 'dm', 0.6413333333333334);


INSERT INTO StarRep (System_id,cluster_id,distance_clust_virt_centre,luminosity,no_planets_allowed,angle_in_radians_s,star_color,star_type,star_size)  VALUES ('U2001V2018', 'U2001V2018_0', 3.068041237113402E10, 181332.60536952986, 'F', 68.0, 'ltbl.sg.ii', 'b7', 17.0);


INSERT INTO StarRep (System_id,cluster_id,distance_clust_virt_centre,luminosity,no_planets_allowed,angle_in_radians_s,star_color,star_type,star_size)  VALUES ('U2001V2018', 'U2001V2018_0', 1.1904E11, 1.2, 'F', 159.0, 'yelo.mains', 'g0', 42.0);


INSERT INTO StarRep (System_id,cluster_id,distance_clust_virt_centre,luminosity,no_planets_allowed,angle_in_radians_s,star_color,star_type,star_size)  VALUES ('U2001V2018', 'U2001V2018_0', 4.8E10, 0.408, 'F', 353.0, 'yelo.mains', 'g9', 47.4);


INSERT INTO StarRep (System_id,cluster_id,distance_clust_virt_centre,luminosity,no_planets_allowed,angle_in_radians_s,star_color,star_type,star_size)  VALUES ('U2001V2018', 'U2001V2018_0', 7.44E10, 3.99820633672007E-5, 'F', 170.0, 'orng.dwarf', 'dk', 0.52);


INSERT INTO StarRep (System_id,cluster_id,distance_clust_virt_centre,luminosity,no_planets_allowed,angle_in_radians_s,star_color,star_type,star_size)  VALUES ('U2001V2018', 'U2001V2018_2', 3.2703296703296703E10, 0.16173982515507415, 'F', 294.0, 'orng.mains', 'k6', 1.169);


INSERT INTO StarRep (System_id,cluster_id,distance_clust_virt_centre,luminosity,no_planets_allowed,angle_in_radians_s,star_color,star_type,star_size)  VALUES ('U2001V2018', 'U2001V2018_3', 4.251428571428571E11, 0.162, 'F', 63.0, 'orng.mains', 'k6', 1.169);


INSERT INTO StarRep (System_id,cluster_id,distance_clust_virt_centre,luminosity,no_planets_allowed,angle_in_radians_s,star_color,star_type,star_size)  VALUES ('U2001V2018', 'U2001V2018_4', 1.0262068965517241E11, 2690.0, 'F', 356.0, 'red_.gi.i ', 'm9', 11.959999999999999);


INSERT INTO ClusterRep (System_id,distance_sys_virt_centre,planetsAllowed,cluster_id,angle_in_radians,cluster_description,number_stars_in_cluster)  VALUES ('U2001V2018', 0.0, 'F', 'U2001V2018_4', 2.2165681500327987, 'Cluster Number: 4 FIVESTAR_SPREAD', 1);


INSERT INTO SystemRep (System_id, distance_to_galaxy_centre, ucoordinate, vcoordinate) VALUES ('U2001V2017', 3.3821377826230556E16, 2001.0, 2017.0);


INSERT INTO StarRep (System_id,cluster_id,distance_clust_virt_centre,luminosity,no_planets_allowed,angle_in_radians_s,star_color,star_type,star_size)  VALUES ('U2001V2017', 'U2001V2017_0', 5.1310344827586205E10, 0.013365922235166038, 'F', 10.0, 'red_.mains', 'm7', 0.12183333333333335);


INSERT INTO StarRep (System_id,cluster_id,distance_clust_virt_centre,luminosity,no_planets_allowed,angle_in_radians_s,star_color,star_type,star_size)  VALUES ('U2001V2017', 'U2001V2017_0', 3.5011764705882355E10, 2.30477180166731, 'F', 70.0, 'pyel.mains', 'f6', 39.6);


INSERT INTO StarRep (System_id,cluster_id,distance_clust_virt_centre,luminosity,no_planets_allowed,angle_in_radians_s,star_color,star_type,star_size)  VALUES ('U2001V2017', 'U2001V2017_0', 6.763636363636364E10, 1440.0, 'F', 314.0, 'whit.gi.ii', 'a3', 13.5);


INSERT INTO StarRep (System_id,cluster_id,distance_clust_virt_centre,luminosity,no_planets_allowed,angle_in_radians_s,star_color,star_type,star_size)  VALUES ('U2001V2017', 'U2001V2017_0', 3.234782608695652E10, 0.013399902409538781, 'F', 222.0, 'red_.mains', 'm7', 0.12183333333333335);


INSERT INTO StarRep (System_id,cluster_id,distance_clust_virt_centre,luminosity,no_planets_allowed,angle_in_radians_s,star_color,star_type,star_size)  VALUES ('U2001V2017', 'U2001V2017_0', 2.976E11, 0.123, 'F', 196.0, 'orng.mains', 'k8', 1.2120000000000002);


INSERT INTO StarRep (System_id,cluster_id,distance_clust_virt_centre,luminosity,no_planets_allowed,angle_in_radians_s,star_color,star_type,star_size)  VALUES ('U2001V2017', 'U2001V2017_2', 1.488E11, 0.92, 'F', 287.0, 'pyel.subdw', 'f2', 3.12);


INSERT INTO StarRep (System_id,cluster_id,distance_clust_virt_centre,luminosity,no_planets_allowed,angle_in_radians_s,star_color,star_type,star_size)  VALUES ('U2001V2017', 'U2001V2017_3', 4.3130434782608696E10, 0.0734, 'F', 257.0, 'red_.mains', 'm1', 0.07883333333333331);


INSERT INTO StarRep (System_id,cluster_id,distance_clust_virt_centre,luminosity,no_planets_allowed,angle_in_radians_s,star_color,star_type,star_size)  VALUES ('U2001V2017', 'U2001V2017_4', 3.72E11, 0.0276, 'F', 10.0, 'red_.mains', 'm5', 0.10750000000000004);


INSERT INTO ClusterRep (System_id,distance_sys_virt_centre,planetsAllowed,cluster_id,angle_in_radians,cluster_description,number_stars_in_cluster)  VALUES ('U2001V2017', 1.1904E11, 'F', 'U2001V2017_4', 1.2042771838760873, 'Cluster Number: 4 FIVESTAR_SPREAD', 1);


INSERT INTO SystemRep (System_id, distance_to_galaxy_centre, ucoordinate, vcoordinate) VALUES ('U2001V2016', 3.381292801471816E16, 2001.0, 2016.0);


INSERT INTO SystemRep (System_id, distance_to_galaxy_centre, ucoordinate, vcoordinate) VALUES ('U2001V2015', 3.3804480282986396E16, 2001.0, 2015.0);


INSERT INTO StarRep (System_id,cluster_id,distance_clust_virt_centre,luminosity,no_planets_allowed,angle_in_radians_s,star_color,star_type,star_size)  VALUES ('U2001V2015', 'U2001V2015_0', 3.234782608695652E10, 29.397378076780615, 'F', 277.0, 'whit.mains', 'a4', 32.4);


INSERT INTO StarRep (System_id,cluster_id,distance_clust_virt_centre,luminosity,no_planets_allowed,angle_in_radians_s,star_color,star_type,star_size)  VALUES ('U2001V2015', 'U2001V2015_0', 2.976E11, 0.09051422558679732, 'F', 67.0, 'red_.mains', 'm0', 1.255);


INSERT INTO StarRep (System_id,cluster_id,distance_clust_virt_centre,luminosity,no_planets_allowed,angle_in_radians_s,star_color,star_type,star_size)  VALUES ('U2001V2015', 'U2001V2015_0', 4.96E11, 0.216, 'F', 4.0, 'orng.mains', 'k4', 1.126);


INSERT INTO StarRep (System_id,cluster_id,distance_clust_virt_centre,luminosity,no_planets_allowed,angle_in_radians_s,star_color,star_type,star_size)  VALUES ('U2001V2015', 'U2001V2015_0', 9.018181818181818E10, 2.89766084929359E-5, 'F', 124.0, 'red_.dwarf', 'dm', 0.624);


INSERT INTO StarRep (System_id,cluster_id,distance_clust_virt_centre,luminosity,no_planets_allowed,angle_in_radians_s,star_color,star_type,star_size)  VALUES ('U2001V2015', 'U2001V2015_0', 4.251428571428571E10, 3.1693435830252774, 'F', 143.0, 'pyel.mains', 'f4', 38.4);


INSERT INTO StarRep (System_id,cluster_id,distance_clust_virt_centre,luminosity,no_planets_allowed,angle_in_radians_s,star_color,star_type,star_size)  VALUES ('U2001V2015', 'U2001V2015_2', 4.723809523809524E10, 90.0, 'F', 300.0, 'whit.mains', 'a0', 30.0);


INSERT INTO StarRep (System_id,cluster_id,distance_clust_virt_centre,luminosity,no_planets_allowed,angle_in_radians_s,star_color,star_type,star_size)  VALUES ('U2001V2015', 'U2001V2015_3', 6.920930232558139E10, 0.282, 'F', 229.0, 'orng.mains', 'k2', 1.0830000000000002);


INSERT INTO StarRep (System_id,cluster_id,distance_clust_virt_centre,luminosity,no_planets_allowed,angle_in_radians_s,star_color,star_type,star_size)  VALUES ('U2001V2015', 'U2001V2015_4', 5.952E10, 0.2144662569168576, 'F', 342.0, 'orng.mains', 'k4', 1.126);


INSERT INTO ClusterRep (System_id,distance_sys_virt_centre,planetsAllowed,cluster_id,angle_in_radians,cluster_description,number_stars_in_cluster)  VALUES ('U2001V2015', 1.2146938775510204E11, 'F', 'U2001V2015_4', 3.2463124087094526, 'Cluster Number: 4 FIVESTAR_SPREAD', 1);


INSERT INTO SystemRep (System_id, distance_to_galaxy_centre, ucoordinate, vcoordinate) VALUES ('U2001V2014', 3.379603463259487E16, 2001.0, 2014.0);


INSERT INTO StarRep (System_id,cluster_id,distance_clust_virt_centre,luminosity,no_planets_allowed,angle_in_radians_s,star_color,star_type,star_size)  VALUES ('U2001V2014', 'U2001V2014_0', 5.314285714285714E10, 0.9973889072653725, 'F', 330.0, 'yelo.mains', 'g2', 43.199999999999996);


INSERT INTO StarRep (System_id,cluster_id,distance_clust_virt_centre,luminosity,no_planets_allowed,angle_in_radians_s,star_color,star_type,star_size)  VALUES ('U2001V2014', 'U2001V2014_0', 6.073469387755102E10, 0.0466, 'F', 74.0, 'red_.mains', 'm3', 0.09316666666666662);


INSERT INTO StarRep (System_id,cluster_id,distance_clust_virt_centre,luminosity,no_planets_allowed,angle_in_radians_s,star_color,star_type,star_size)  VALUES ('U2001V2014', 'U2001V2014_0', 9.92E11, 0.33048243114070397, 'F', 59.0, 'orng.mains', 'k1', 1.0615);


INSERT INTO StarRep (System_id,cluster_id,distance_clust_virt_centre,luminosity,no_planets_allowed,angle_in_radians_s,star_color,star_type,star_size)  VALUES ('U2001V2014', 'U2001V2014_0', 3.674074074074074E10, 16.0, 'F', 190.0, 'whit.mains', 'a5', 33.0);


INSERT INTO StarRep (System_id,cluster_id,distance_clust_virt_centre,luminosity,no_planets_allowed,angle_in_radians_s,star_color,star_type,star_size)  VALUES ('U2001V2014', 'U2001V2014_0', 1.566315789473684E11, 0.09070379571010526, 'F', 275.0, 'red_.mains', 'm0', 1.255);


INSERT INTO StarRep (System_id,cluster_id,distance_clust_virt_centre,luminosity,no_planets_allowed,angle_in_radians_s,star_color,star_type,star_size)  VALUES ('U2001V2014', 'U2001V2014_2', 4.96E11, 2.949589284488231E-5, 'F', 268.0, 'red_.dwarf', 'dm', 0.6153333333333334);


INSERT INTO StarRep (System_id,cluster_id,distance_clust_virt_centre,luminosity,no_planets_allowed,angle_in_radians_s,star_color,star_type,star_size)  VALUES ('U2001V2014', 'U2001V2014_3', 5.044067796610169E10, 2.9E-5, 'F', 120.0, 'red_.dwarf', 'dm', 0.624);


INSERT INTO StarRep (System_id,cluster_id,distance_clust_virt_centre,luminosity,no_planets_allowed,angle_in_radians_s,star_color,star_type,star_size)  VALUES ('U2001V2014', 'U2001V2014_4', 6.763636363636364E10, 0.09083709208526636, 'F', 53.0, 'red_.mains', 'm0', 1.255);


INSERT INTO ClusterRep (System_id,distance_sys_virt_centre,planetsAllowed,cluster_id,angle_in_radians,cluster_description,number_stars_in_cluster)  VALUES ('U2001V2014', 1.984E12, 'F', 'U2001V2014_4', 4.39822971502571, 'Cluster Number: 4 FIVESTAR_SPREAD', 1);


INSERT INTO SystemRep (System_id, distance_to_galaxy_centre, ucoordinate, vcoordinate) VALUES ('U2001V2013', 3.378759106510436E16, 2001.0, 2013.0);


INSERT INTO SystemRep (System_id, distance_to_galaxy_centre, ucoordinate, vcoordinate) VALUES ('U2001V2012', 3.377914958207681E16, 2001.0, 2012.0);


INSERT INTO StarRep (System_id,cluster_id,distance_clust_virt_centre,luminosity,no_planets_allowed,angle_in_radians_s,star_color,star_type,star_size)  VALUES ('U2001V2012', 'U2001V2012_0', 3.3066666666666668E10, 0.216, 'F', 237.0, 'orng.mains', 'k4', 1.126);


INSERT INTO StarRep (System_id,cluster_id,distance_clust_virt_centre,luminosity,no_planets_allowed,angle_in_radians_s,star_color,star_type,star_size)  VALUES ('U2001V2012', 'U2001V2012_0', 4.0767123287671234E10, 0.7188670082718572, 'F', 71.0, 'pyel.subdw', 'f7', 3.42);


INSERT INTO StarRep (System_id,cluster_id,distance_clust_virt_centre,luminosity,no_planets_allowed,angle_in_radians_s,star_color,star_type,star_size)  VALUES ('U2001V2012', 'U2001V2012_0', 4.65E10, 0.5337172842222151, 'F', 109.0, 'red_.mains', 'm9', 0.13616666666666666);


INSERT INTO StarRep (System_id,cluster_id,distance_clust_virt_centre,luminosity,no_planets_allowed,angle_in_radians_s,star_color,star_type,star_size)  VALUES ('U2001V2012', 'U2001V2012_0', 1.3527272727272728E11, 1.2, 'F', 91.0, 'yelo.mains', 'g0', 42.0);


INSERT INTO StarRep (System_id,cluster_id,distance_clust_virt_centre,luminosity,no_planets_allowed,angle_in_radians_s,star_color,star_type,star_size)  VALUES ('U2001V2012', 'U2001V2012_0', 3.767088607594936E10, 2.32, 'F', 222.0, 'pyel.mains', 'f6', 39.6);


INSERT INTO StarRep (System_id,cluster_id,distance_clust_virt_centre,luminosity,no_planets_allowed,angle_in_radians_s,star_color,star_type,star_size)  VALUES ('U2001V2012', 'U2001V2012_2', 6.2E10, 140886.6610479192, 'F', 281.0, 'blue.mains', 'o8', 5.166666666666667);


INSERT INTO StarRep (System_id,cluster_id,distance_clust_virt_centre,luminosity,no_planets_allowed,angle_in_radians_s,star_color,star_type,star_size)  VALUES ('U2001V2012', 'U2001V2012_3', 9.018181818181818E10, 0.0276, 'F', 92.0, 'red_.mains', 'm5', 0.10750000000000004);


INSERT INTO StarRep (System_id,cluster_id,distance_clust_virt_centre,luminosity,no_planets_allowed,angle_in_radians_s,star_color,star_type,star_size)  VALUES ('U2001V2012', 'U2001V2012_4', 3.4604651162790695E10, 0.408, 'F', 25.0, 'yelo.mains', 'g9', 47.4);


INSERT INTO ClusterRep (System_id,distance_sys_virt_centre,planetsAllowed,cluster_id,angle_in_radians,cluster_description,number_stars_in_cluster)  VALUES ('U2001V2012', 5.952E12, 'F', 'U2001V2012_4', 0.17453292519943295, 'Cluster Number: 4 FIVESTAR_SPREAD', 1);


INSERT INTO SystemRep (System_id, distance_to_galaxy_centre, ucoordinate, vcoordinate) VALUES ('U2001V2011', 3.377071018507535E16, 2001.0, 2011.0);


INSERT INTO StarRep (System_id,cluster_id,distance_clust_virt_centre,luminosity,no_planets_allowed,angle_in_radians_s,star_color,star_type,star_size)  VALUES ('U2001V2011', 'U2001V2011_0', 1.24E11, 0.216, 'F', 104.0, 'orng.mains', 'k4', 1.126);


INSERT INTO StarRep (System_id,cluster_id,distance_clust_virt_centre,luminosity,no_planets_allowed,angle_in_radians_s,star_color,star_type,star_size)  VALUES ('U2001V2011', 'U2001V2011_0', 4.878688524590164E10, 1.1975075826785968, 'F', 73.0, 'yelo.mains', 'g0', 42.0);


INSERT INTO StarRep (System_id,cluster_id,distance_clust_virt_centre,luminosity,no_planets_allowed,angle_in_radians_s,star_color,star_type,star_size)  VALUES ('U2001V2011', 'U2001V2011_0', 3.585542168674699E10, 0.0730729834497382, 'F', 264.0, 'red_.mains', 'm1', 0.07883333333333331);


INSERT INTO StarRep (System_id,cluster_id,distance_clust_virt_centre,luminosity,no_planets_allowed,angle_in_radians_s,star_color,star_type,star_size)  VALUES ('U2001V2011', 'U2001V2011_0', 5.835294117647059E10, 0.04655080248867917, 'F', 321.0, 'red_.mains', 'm3', 0.09316666666666662);


INSERT INTO StarRep (System_id,cluster_id,distance_clust_virt_centre,luminosity,no_planets_allowed,angle_in_radians_s,star_color,star_type,star_size)  VALUES ('U2001V2011', 'U2001V2011_0', 6.073469387755102E10, 2.8991312099365256E-5, 'F', 249.0, 'red_.dwarf', 'dm', 0.624);


INSERT INTO StarRep (System_id,cluster_id,distance_clust_virt_centre,luminosity,no_planets_allowed,angle_in_radians_s,star_color,star_type,star_size)  VALUES ('U2001V2011', 'U2001V2011_2', 3.864935064935065E10, 0.123, 'F', 275.0, 'orng.mains', 'k8', 1.2120000000000002);


INSERT INTO StarRep (System_id,cluster_id,distance_clust_virt_centre,luminosity,no_planets_allowed,angle_in_radians_s,star_color,star_type,star_size)  VALUES ('U2001V2011', 'U2001V2011_3', 3.1E10, 0.0096, 'F', 286.0, 'red_.mains', 'm9', 0.13616666666666666);


INSERT INTO StarRep (System_id,cluster_id,distance_clust_virt_centre,luminosity,no_planets_allowed,angle_in_radians_s,star_color,star_type,star_size)  VALUES ('U2001V2011', 'U2001V2011_4', 4.578461538461539E10, 2.7987051818826223E-5, 'F', 39.0, 'red_.dwarf', 'dm', 0.6413333333333334);


INSERT INTO ClusterRep (System_id,distance_sys_virt_centre,planetsAllowed,cluster_id,angle_in_radians,cluster_description,number_stars_in_cluster)  VALUES ('U2001V2011', 1.1670588235294118E11, 'F', 'U2001V2011_4', 5.427973973702365, 'Cluster Number: 4 FIVESTAR_SPREAD', 1);


INSERT INTO SystemRep (System_id, distance_to_galaxy_centre, ucoordinate, vcoordinate) VALUES ('U2001V2010', 3.376227287566428E16, 2001.0, 2010.0);


INSERT INTO SystemRep (System_id, distance_to_galaxy_centre, ucoordinate, vcoordinate) VALUES ('U2014V2019', 3.3947396753172576E16, 2014.0, 2019.0);


INSERT INTO StarRep (System_id,cluster_id,distance_clust_virt_centre,luminosity,no_planets_allowed,angle_in_radians_s,star_color,star_type,star_size)  VALUES ('U2014V2019', 'U2014V2019_0', 9.3E10, 141000.0, 'F', 5.0, 'blue.mains', 'o8', 5.166666666666667);


INSERT INTO ClusterRep (System_id,distance_sys_virt_centre,planetsAllowed,cluster_id,angle_in_radians,cluster_description,number_stars_in_cluster)  VALUES ('U2014V2019', 1.984E11, 'T', 'U2014V2019_0', 2.6529004630313806, 'Cluster Number: 0 SINGLESTAR', 1);


INSERT INTO SystemRep (System_id, distance_to_galaxy_centre, ucoordinate, vcoordinate) VALUES ('U2014V2018', 3.3938969966107104E16, 2014.0, 2018.0);


INSERT INTO SystemRep (System_id, distance_to_galaxy_centre, ucoordinate, vcoordinate) VALUES ('U2014V2017', 3.393054526254714E16, 2014.0, 2017.0);


INSERT INTO SystemRep (System_id, distance_to_galaxy_centre, ucoordinate, vcoordinate) VALUES ('U2014V2016', 3.392212264404502E16, 2014.0, 2016.0);


INSERT INTO StarRep (System_id,cluster_id,distance_clust_virt_centre,luminosity,no_planets_allowed,angle_in_radians_s,star_color,star_type,star_size)  VALUES ('U2014V2016', 'U2014V2016_0', 4.578461538461539E10, 84709.69443487817, 'F', 232.0, 'red_.sg.i ', 'm5', 36.666666666666664);


INSERT INTO ClusterRep (System_id,distance_sys_virt_centre,planetsAllowed,cluster_id,angle_in_radians,cluster_description,number_stars_in_cluster)  VALUES ('U2014V2016', 8.266666666666667E10, 'T', 'U2014V2016_0', 2.9321531433504737, 'Cluster Number: 0 SINGLESTAR', 1);


INSERT INTO SystemRep (System_id, distance_to_galaxy_centre, ucoordinate, vcoordinate) VALUES ('U2009V2009', 3.382110967719705E16, 2009.0, 2009.0);


INSERT INTO StarRep (System_id,cluster_id,distance_clust_virt_centre,luminosity,no_planets_allowed,angle_in_radians_s,star_color,star_type,star_size)  VALUES ('U2009V2009', 'U2009V2009_0', 3.968E10, 4.315471840931214, 'F', 282.0, 'pyel.mains', 'f3', 37.800000000000004);


INSERT INTO ClusterRep (System_id,distance_sys_virt_centre,planetsAllowed,cluster_id,angle_in_radians,cluster_description,number_stars_in_cluster)  VALUES ('U2009V2009', 1.984E12, 'T', 'U2009V2009_0', 4.363323129985823, 'Cluster Number: 0 SINGLESTAR', 1);


INSERT INTO SystemRep (System_id, distance_to_galaxy_centre, ucoordinate, vcoordinate) VALUES ('U2014V2015', 3.3913702112154256E16, 2014.0, 2015.0);


INSERT INTO StarRep (System_id,cluster_id,distance_clust_virt_centre,luminosity,no_planets_allowed,angle_in_radians_s,star_color,star_type,star_size)  VALUES ('U2014V2015', 'U2014V2015_0', 4.878688524590164E10, 1810000.0, 'F', 152.0, 'blue.sg.i ', 'o8', 116.66666666666667);


INSERT INTO ClusterRep (System_id,distance_sys_virt_centre,planetsAllowed,cluster_id,angle_in_radians,cluster_description,number_stars_in_cluster)  VALUES ('U2014V2015', 2.2892307692307693E11, 'T', 'U2014V2015_0', 4.625122517784973, 'Cluster Number: 0 SINGLESTAR', 1);


INSERT INTO SystemRep (System_id, distance_to_galaxy_centre, ucoordinate, vcoordinate) VALUES ('U2009V2008', 3.381269332579586E16, 2009.0, 2008.0);


INSERT INTO StarRep (System_id,cluster_id,distance_clust_virt_centre,luminosity,no_planets_allowed,angle_in_radians_s,star_color,star_type,star_size)  VALUES ('U2009V2008', 'U2009V2008_0', 7.63076923076923E10, 0.4079886612629048, 'F', 336.0, 'yelo.mains', 'g9', 47.4);


INSERT INTO ClusterRep (System_id,distance_sys_virt_centre,planetsAllowed,cluster_id,angle_in_radians,cluster_description,number_stars_in_cluster)  VALUES ('U2009V2008', 4.578461538461539E11, 'T', 'U2009V2008_0', 5.777039824101231, 'Cluster Number: 0 SINGLESTAR', 1);


INSERT INTO SystemRep (System_id, distance_to_galaxy_centre, ucoordinate, vcoordinate) VALUES ('U2014V2014', 3.3905283668429496E16, 2014.0, 2014.0);


INSERT INTO StarRep (System_id,cluster_id,distance_clust_virt_centre,luminosity,no_planets_allowed,angle_in_radians_s,star_color,star_type,star_size)  VALUES ('U2014V2014', 'U2014V2014_0', 4.723809523809524E10, 0.216, 'F', 192.0, 'orng.mains', 'k4', 1.126);


INSERT INTO ClusterRep (System_id,distance_sys_virt_centre,planetsAllowed,cluster_id,angle_in_radians,cluster_description,number_stars_in_cluster)  VALUES ('U2014V2014', 6.073469387755102E10, 'T', 'U2014V2014_0', 3.787364476827695, 'Cluster Number: 0 SINGLESTAR', 1);


INSERT INTO SystemRep (System_id, distance_to_galaxy_centre, ucoordinate, vcoordinate) VALUES ('U2009V2007', 3.3804279070882136E16, 2009.0, 2007.0);


INSERT INTO StarRep (System_id,cluster_id,distance_clust_virt_centre,luminosity,no_planets_allowed,angle_in_radians_s,star_color,star_type,star_size)  VALUES ('U2009V2007', 'U2009V2007_0', 4.1915492957746475E10, 7.65, 'F', 203.0, 'pyel.mains', 'f1', 36.599999999999994);


INSERT INTO ClusterRep (System_id,distance_sys_virt_centre,planetsAllowed,cluster_id,angle_in_radians,cluster_description,number_stars_in_cluster)  VALUES ('U2009V2007', 1.0821818181818182E11, 'T', 'U2009V2007_0', 6.056292504420323, 'Cluster Number: 0 SINGLESTAR', 1);


INSERT INTO SystemRep (System_id, distance_to_galaxy_centre, ucoordinate, vcoordinate) VALUES ('U2014V2013', 3.3896867314426564E16, 2014.0, 2013.0);


INSERT INTO StarRep (System_id,cluster_id,distance_clust_virt_centre,luminosity,no_planets_allowed,angle_in_radians_s,star_color,star_type,star_size)  VALUES ('U2014V2013', 'U2014V2013_0', 3.1326315789473682E10, 0.408, 'F', 59.0, 'yelo.mains', 'g9', 47.4);


INSERT INTO ClusterRep (System_id,distance_sys_virt_centre,planetsAllowed,cluster_id,angle_in_radians,cluster_description,number_stars_in_cluster)  VALUES ('U2014V2013', 1.4517073170731708E11, 'T', 'U2014V2013_0', 4.066617157146788, 'Cluster Number: 0 SINGLESTAR', 1);


INSERT INTO SystemRep (System_id, distance_to_galaxy_centre, ucoordinate, vcoordinate) VALUES ('U2009V2006', 3.379586691402178E16, 2009.0, 2006.0);


INSERT INTO SystemRep (System_id, distance_to_galaxy_centre, ucoordinate, vcoordinate) VALUES ('U2014V2012', 3.3888453051702436E16, 2014.0, 2012.0);


INSERT INTO StarRep (System_id,cluster_id,distance_clust_virt_centre,luminosity,no_planets_allowed,angle_in_radians_s,star_color,star_type,star_size)  VALUES ('U2014V2012', 'U2014V2012_0', 5.044067796610169E10, 0.21486657862779865, 'F', 113.0, 'orng.mains', 'k4', 1.126);


INSERT INTO ClusterRep (System_id,distance_sys_virt_centre,planetsAllowed,cluster_id,angle_in_radians,cluster_description,number_stars_in_cluster)  VALUES ('U2014V2012', 1.1446153846153847E11, 'T', 'U2014V2012_0', 5.480333851262194, 'Cluster Number: 0 SINGLESTAR', 1);


INSERT INTO SystemRep (System_id, distance_to_galaxy_centre, ucoordinate, vcoordinate) VALUES ('U2009V2005', 3.3787456856781864E16, 2009.0, 2005.0);


INSERT INTO SystemRep (System_id, distance_to_galaxy_centre, ucoordinate, vcoordinate) VALUES ('U2014V2011', 3.388004088181524E16, 2014.0, 2011.0);


INSERT INTO StarRep (System_id,cluster_id,distance_clust_virt_centre,luminosity,no_planets_allowed,angle_in_radians_s,star_color,star_type,star_size)  VALUES ('U2014V2011', 'U2014V2011_0', 3.234782608695652E10, 0.408, 'F', 339.0, 'yelo.mains', 'g9', 47.4);


INSERT INTO ClusterRep (System_id,distance_sys_virt_centre,planetsAllowed,cluster_id,angle_in_radians,cluster_description,number_stars_in_cluster)  VALUES ('U2014V2011', 6.4E10, 'T', 'U2014V2011_0', 5.759586531581287, 'Cluster Number: 0 SINGLESTAR', 1);


INSERT INTO SystemRep (System_id, distance_to_galaxy_centre, ucoordinate, vcoordinate) VALUES ('U2009V2004', 3.377904890073064E16, 2009.0, 2004.0);


INSERT INTO SystemRep (System_id, distance_to_galaxy_centre, ucoordinate, vcoordinate) VALUES ('U2014V2010', 3.387163080632428E16, 2014.0, 2010.0);


INSERT INTO StarRep (System_id,cluster_id,distance_clust_virt_centre,luminosity,no_planets_allowed,angle_in_radians_s,star_color,star_type,star_size)  VALUES ('U2014V2010', 'U2014V2010_0', 1.1022222222222223E11, 0.0466, 'F', 246.0, 'red_.mains', 'm3', 0.09316666666666662);


INSERT INTO ClusterRep (System_id,distance_sys_virt_centre,planetsAllowed,cluster_id,angle_in_radians,cluster_description,number_stars_in_cluster)  VALUES ('U2014V2010', 5.952E11, 'T', 'U2014V2010_0', 5.201081170943102, 'Cluster Number: 0 SINGLESTAR', 1);


INSERT INTO SystemRep (System_id, distance_to_galaxy_centre, ucoordinate, vcoordinate) VALUES ('U2009V2003', 3.377064304743752E16, 2009.0, 2003.0);


INSERT INTO StarRep (System_id,cluster_id,distance_clust_virt_centre,luminosity,no_planets_allowed,angle_in_radians_s,star_color,star_type,star_size)  VALUES ('U2009V2003', 'U2009V2003_0', 4.0767123287671234E10, 0.04617564836461014, 'F', 242.0, 'red_.mains', 'm3', 0.09316666666666662);


INSERT INTO ClusterRep (System_id,distance_sys_virt_centre,planetsAllowed,cluster_id,angle_in_radians,cluster_description,number_stars_in_cluster)  VALUES ('U2009V2003', 2.0524137931034482E11, 'T', 'U2009V2003_0', 5.201081170943102, 'Cluster Number: 0 SINGLESTAR', 1);


INSERT INTO SystemRep (System_id, distance_to_galaxy_centre, ucoordinate, vcoordinate) VALUES ('U2009V2002', 3.376223929847308E16, 2009.0, 2002.0);


INSERT INTO SystemRep (System_id, distance_to_galaxy_centre, ucoordinate, vcoordinate) VALUES ('U2009V2001', 3.375383765540908E16, 2009.0, 2001.0);


INSERT INTO SystemRep (System_id, distance_to_galaxy_centre, ucoordinate, vcoordinate) VALUES ('U2009V2000', 3.374543811981845E16, 2009.0, 2000.0);


INSERT INTO StarRep (System_id,cluster_id,distance_clust_virt_centre,luminosity,no_planets_allowed,angle_in_radians_s,star_color,star_type,star_size)  VALUES ('U2009V2000', 'U2009V2000_0', 4.251428571428571E11, 0.162, 'F', 109.0, 'orng.mains', 'k6', 1.169);


INSERT INTO ClusterRep (System_id,distance_sys_virt_centre,planetsAllowed,cluster_id,angle_in_radians,cluster_description,number_stars_in_cluster)  VALUES ('U2009V2000', 8.383098591549295E10, 'T', 'U2009V2000_0', 5.497787143782138, 'Cluster Number: 0 SINGLESTAR', 1);


INSERT INTO SystemRep (System_id, distance_to_galaxy_centre, ucoordinate, vcoordinate) VALUES ('U2005V2009', 3.3787456856781864E16, 2005.0, 2009.0);


INSERT INTO StarRep (System_id,cluster_id,distance_clust_virt_centre,luminosity,no_planets_allowed,angle_in_radians_s,star_color,star_type,star_size)  VALUES ('U2005V2009', 'U2005V2009_0', 3.036734693877551E10, 0.21568408850202872, 'F', 176.0, 'orng.mains', 'k4', 1.126);


INSERT INTO StarRep (System_id,cluster_id,distance_clust_virt_centre,luminosity,no_planets_allowed,angle_in_radians_s,star_color,star_type,star_size)  VALUES ('U2005V2009', 'U2005V2009_0', 2.48E11, 3.65E-5, 'F', 214.0, 'orng.dwarf', 'dk', 0.5806666666666667);


INSERT INTO StarRep (System_id,cluster_id,distance_clust_virt_centre,luminosity,no_planets_allowed,angle_in_radians_s,star_color,star_type,star_size)  VALUES ('U2005V2009', 'U2005V2009_0', 4.251428571428571E11, 13404.090593874762, 'F', 81.0, 'red_.gi.ii', 'm5', 37.5);


INSERT INTO StarRep (System_id,cluster_id,distance_clust_virt_centre,luminosity,no_planets_allowed,angle_in_radians_s,star_color,star_type,star_size)  VALUES ('U2005V2009', 'U2005V2009_0', 9.3E10, 0.161902583677698, 'F', 261.0, 'orng.mains', 'k6', 1.169);


INSERT INTO StarRep (System_id,cluster_id,distance_clust_virt_centre,luminosity,no_planets_allowed,angle_in_radians_s,star_color,star_type,star_size)  VALUES ('U2005V2009', 'U2005V2009_0', 0.0, 5399.55447792503, 'F', 210.0, 'pyel.sg.i ', 'f5', 20.833333333333336);


INSERT INTO StarRep (System_id,cluster_id,distance_clust_virt_centre,luminosity,no_planets_allowed,angle_in_radians_s,star_color,star_type,star_size)  VALUES ('U2005V2009', 'U2005V2009_2', 5.410909090909091E10, 2.798328699433123E-5, 'F', 31.0, 'red_.dwarf', 'dm', 0.6413333333333334);


INSERT INTO StarRep (System_id,cluster_id,distance_clust_virt_centre,luminosity,no_planets_allowed,angle_in_radians_s,star_color,star_type,star_size)  VALUES ('U2005V2009', 'U2005V2009_3', 7.085714285714285E10, 0.16160195697949659, 'F', 184.0, 'orng.mains', 'k6', 1.169);


INSERT INTO StarRep (System_id,cluster_id,distance_clust_virt_centre,luminosity,no_planets_allowed,angle_in_radians_s,star_color,star_type,star_size)  VALUES ('U2005V2009', 'U2005V2009_4', 4.723809523809524E10, 0.0466, 'F', 307.0, 'red_.mains', 'm3', 0.09316666666666662);


INSERT INTO ClusterRep (System_id,distance_sys_virt_centre,planetsAllowed,cluster_id,angle_in_radians,cluster_description,number_stars_in_cluster)  VALUES ('U2005V2009', 7.44E11, 'F', 'U2005V2009_4', 3.159045946109736, 'Cluster Number: 4 FIVESTAR_SPREAD', 1);


INSERT INTO SystemRep (System_id, distance_to_galaxy_centre, ucoordinate, vcoordinate) VALUES ('U2005V2008', 3.3779032120477104E16, 2005.0, 2008.0);


INSERT INTO StarRep (System_id,cluster_id,distance_clust_virt_centre,luminosity,no_planets_allowed,angle_in_radians_s,star_color,star_type,star_size)  VALUES ('U2005V2008', 'U2005V2008_0', 9.018181818181818E10, 2.52E-4, 'F', 82.0, 'pyel.dwarf', 'df', 0.364);


INSERT INTO StarRep (System_id,cluster_id,distance_clust_virt_centre,luminosity,no_planets_allowed,angle_in_radians_s,star_color,star_type,star_size)  VALUES ('U2005V2008', 'U2005V2008_0', 8.266666666666667E10, 9780.0, 'F', 211.0, 'ltbl.gi.ii', 'b7', 51.333333333333336);


INSERT INTO StarRep (System_id,cluster_id,distance_clust_virt_centre,luminosity,no_planets_allowed,angle_in_radians_s,star_color,star_type,star_size)  VALUES ('U2005V2008', 'U2005V2008_0', 4.441791044776119E10, 0.162, 'F', 131.0, 'orng.mains', 'k6', 1.169);


INSERT INTO StarRep (System_id,cluster_id,distance_clust_virt_centre,luminosity,no_planets_allowed,angle_in_radians_s,star_color,star_type,star_size)  VALUES ('U2005V2008', 'U2005V2008_0', 4.1333333333333336E10, 0.0733550334411387, 'F', 163.0, 'red_.mains', 'm1', 0.07883333333333331);


INSERT INTO StarRep (System_id,cluster_id,distance_clust_virt_centre,luminosity,no_planets_allowed,angle_in_radians_s,star_color,star_type,star_size)  VALUES ('U2005V2008', 'U2005V2008_0', 4.96E10, 0.0466, 'F', 157.0, 'red_.mains', 'm3', 0.09316666666666662);


INSERT INTO StarRep (System_id,cluster_id,distance_clust_virt_centre,luminosity,no_planets_allowed,angle_in_radians_s,star_color,star_type,star_size)  VALUES ('U2005V2008', 'U2005V2008_2', 3.068041237113402E10, 2.3137641518532845, 'F', 44.0, 'pyel.mains', 'f6', 39.6);


INSERT INTO StarRep (System_id,cluster_id,distance_clust_virt_centre,luminosity,no_planets_allowed,angle_in_radians_s,star_color,star_type,star_size)  VALUES ('U2005V2008', 'U2005V2008_3', 1.86E11, 0.9993201582702791, 'F', 155.0, 'yelo.mains', 'g2', 43.199999999999996);


INSERT INTO StarRep (System_id,cluster_id,distance_clust_virt_centre,luminosity,no_planets_allowed,angle_in_radians_s,star_color,star_type,star_size)  VALUES ('U2005V2008', 'U2005V2008_4', 4.96E11, 0.16171297717000852, 'F', 278.0, 'orng.mains', 'k6', 1.169);


INSERT INTO ClusterRep (System_id,distance_sys_virt_centre,planetsAllowed,cluster_id,angle_in_radians,cluster_description,number_stars_in_cluster)  VALUES ('U2005V2008', 8.502857142857142E11, 'F', 'U2005V2008_4', 5.218534463463045, 'Cluster Number: 4 FIVESTAR_SPREAD', 1);


INSERT INTO SystemRep (System_id, distance_to_galaxy_centre, ucoordinate, vcoordinate) VALUES ('U2005V2007', 3.3770609478568548E16, 2005.0, 2007.0);


INSERT INTO StarRep (System_id,cluster_id,distance_clust_virt_centre,luminosity,no_planets_allowed,angle_in_radians_s,star_color,star_type,star_size)  VALUES ('U2005V2007', 'U2005V2007_0', 9.6E10, 0.408, 'F', 42.0, 'yelo.mains', 'g9', 47.4);


INSERT INTO StarRep (System_id,cluster_id,distance_clust_virt_centre,luminosity,no_planets_allowed,angle_in_radians_s,star_color,star_type,star_size)  VALUES ('U2005V2007', 'U2005V2007_0', 0.0, 0.945, 'F', 215.0, 'yelo.mains', 'g3', 43.8);


INSERT INTO StarRep (System_id,cluster_id,distance_clust_virt_centre,luminosity,no_planets_allowed,angle_in_radians_s,star_color,star_type,star_size)  VALUES ('U2005V2007', 'U2005V2007_0', 1.1446153846153847E11, 5.988755889235788, 'F', 237.0, 'ltbl.subdw', 'b0', 0.21499999999999997);


INSERT INTO StarRep (System_id,cluster_id,distance_clust_virt_centre,luminosity,no_planets_allowed,angle_in_radians_s,star_color,star_type,star_size)  VALUES ('U2005V2007', 'U2005V2007_0', 4.878688524590164E10, 3.75E-5, 'F', 131.0, 'orng.dwarf', 'dk', 0.5633333333333334);


INSERT INTO StarRep (System_id,cluster_id,distance_clust_virt_centre,luminosity,no_planets_allowed,angle_in_radians_s,star_color,star_type,star_size)  VALUES ('U2005V2007', 'U2005V2007_0', 4.3130434782608696E10, 0.0276, 'F', 236.0, 'red_.mains', 'm5', 0.10750000000000004);


INSERT INTO StarRep (System_id,cluster_id,distance_clust_virt_centre,luminosity,no_planets_allowed,angle_in_radians_s,star_color,star_type,star_size)  VALUES ('U2005V2007', 'U2005V2007_2', 3.585542168674699E10, 0.945, 'F', 25.0, 'yelo.mains', 'g3', 43.8);


INSERT INTO StarRep (System_id,cluster_id,distance_clust_virt_centre,luminosity,no_planets_allowed,angle_in_radians_s,star_color,star_type,star_size)  VALUES ('U2005V2007', 'U2005V2007_3', 4.96E11, 0.0910464941893935, 'F', 18.0, 'red_.mains', 'm0', 1.255);


INSERT INTO StarRep (System_id,cluster_id,distance_clust_virt_centre,luminosity,no_planets_allowed,angle_in_radians_s,star_color,star_type,star_size)  VALUES ('U2005V2007', 'U2005V2007_4', 7.085714285714285E10, 0.4078825489387972, 'F', 321.0, 'yelo.mains', 'g9', 47.4);


INSERT INTO ClusterRep (System_id,distance_sys_virt_centre,planetsAllowed,cluster_id,angle_in_radians,cluster_description,number_stars_in_cluster)  VALUES ('U2005V2007', 1.0262068965517241E11, 'F', 'U2005V2007_4', 2.129301687433082, 'Cluster Number: 4 FIVESTAR_SPREAD', 1);


INSERT INTO SystemRep (System_id, distance_to_galaxy_centre, ucoordinate, vcoordinate) VALUES ('U2005V2006', 3.3762188932623664E16, 2005.0, 2006.0);


INSERT INTO SystemRep (System_id, distance_to_galaxy_centre, ucoordinate, vcoordinate) VALUES ('U2005V2005', 3.3753770484211092E16, 2005.0, 2005.0);


INSERT INTO StarRep (System_id,cluster_id,distance_clust_virt_centre,luminosity,no_planets_allowed,angle_in_radians_s,star_color,star_type,star_size)  VALUES ('U2005V2005', 'U2005V2005_0', 4.65E10, 4.332343366332757, 'F', 269.0, 'pyel.mains', 'f3', 37.800000000000004);


INSERT INTO StarRep (System_id,cluster_id,distance_clust_virt_centre,luminosity,no_planets_allowed,angle_in_radians_s,star_color,star_type,star_size)  VALUES ('U2005V2005', 'U2005V2005_0', 3.4206896551724136E10, 0.0276, 'F', 217.0, 'red_.mains', 'm5', 0.10750000000000004);


INSERT INTO StarRep (System_id,cluster_id,distance_clust_virt_centre,luminosity,no_planets_allowed,angle_in_radians_s,star_color,star_type,star_size)  VALUES ('U2005V2005', 'U2005V2005_0', 6.6133333333333336E10, 0.07334512276645279, 'F', 32.0, 'red_.mains', 'm1', 0.07883333333333331);


INSERT INTO StarRep (System_id,cluster_id,distance_clust_virt_centre,luminosity,no_planets_allowed,angle_in_radians_s,star_color,star_type,star_size)  VALUES ('U2005V2005', 'U2005V2005_0', 3.3066666666666668E10, 0.3325025542623102, 'F', 0.0, 'orng.mains', 'k1', 1.0615);


INSERT INTO StarRep (System_id,cluster_id,distance_clust_virt_centre,luminosity,no_planets_allowed,angle_in_radians_s,star_color,star_type,star_size)  VALUES ('U2005V2005', 'U2005V2005_0', 7.63076923076923E10, 0.333, 'F', 262.0, 'orng.mains', 'k1', 1.0615);


INSERT INTO StarRep (System_id,cluster_id,distance_clust_virt_centre,luminosity,no_planets_allowed,angle_in_radians_s,star_color,star_type,star_size)  VALUES ('U2005V2005', 'U2005V2005_2', 2.48E11, 0.21587645850802034, 'F', 19.0, 'orng.mains', 'k4', 1.126);


INSERT INTO StarRep (System_id,cluster_id,distance_clust_virt_centre,luminosity,no_planets_allowed,angle_in_radians_s,star_color,star_type,star_size)  VALUES ('U2005V2005', 'U2005V2005_3', 4.3130434782608696E10, 0.0459933965042273, 'F', 212.0, 'red_.mains', 'm3', 0.09316666666666662);


INSERT INTO StarRep (System_id,cluster_id,distance_clust_virt_centre,luminosity,no_planets_allowed,angle_in_radians_s,star_color,star_type,star_size)  VALUES ('U2005V2005', 'U2005V2005_4', 1.417142857142857E11, 2.5976449126833936E-5, 'F', 335.0, 'red_.dwarf', 'dm', 0.676);


INSERT INTO ClusterRep (System_id,distance_sys_virt_centre,planetsAllowed,cluster_id,angle_in_radians,cluster_description,number_stars_in_cluster)  VALUES ('U2005V2005', 6.613333333333334E11, 'F', 'U2005V2005_4', 1.0995574287564276, 'Cluster Number: 4 FIVESTAR_SPREAD', 1);


INSERT INTO SystemRep (System_id, distance_to_galaxy_centre, ucoordinate, vcoordinate) VALUES ('U2005V2004', 3.3745354134900644E16, 2005.0, 2004.0);


INSERT INTO StarRep (System_id,cluster_id,distance_clust_virt_centre,luminosity,no_planets_allowed,angle_in_radians_s,star_color,star_type,star_size)  VALUES ('U2005V2004', 'U2005V2004_0', 4.021621621621622E10, 2.89827869204941E-5, 'F', 18.0, 'red_.dwarf', 'dm', 0.624);


INSERT INTO ClusterRep (System_id,distance_sys_virt_centre,planetsAllowed,cluster_id,angle_in_radians,cluster_description,number_stars_in_cluster)  VALUES ('U2005V2004', 1.86E11, 'T', 'U2005V2004_0', 2.8623399732707, 'Cluster Number: 0 SINGLESTAR', 1);


INSERT INTO SystemRep (System_id, distance_to_galaxy_centre, ucoordinate, vcoordinate) VALUES ('U2008V2019', 3.389699272863007E16, 2008.0, 2019.0);


INSERT INTO StarRep (System_id,cluster_id,distance_clust_virt_centre,luminosity,no_planets_allowed,angle_in_radians_s,star_color,star_type,star_size)  VALUES ('U2008V2019', 'U2008V2019_0', 1.2939130434782608E11, 232.99953714302066, 'F', 108.0, 'orng.gi.i ', 'k3', 7.053333333333334);


INSERT INTO ClusterRep (System_id,distance_sys_virt_centre,planetsAllowed,cluster_id,angle_in_radians,cluster_description,number_stars_in_cluster)  VALUES ('U2008V2019', 1.8036363636363635E11, 'T', 'U2008V2019_0', 4.136430327226561, 'Cluster Number: 0 SINGLESTAR', 1);


INSERT INTO SystemRep (System_id, distance_to_galaxy_centre, ucoordinate, vcoordinate) VALUES ('U2005V2003', 3.3736939886263308E16, 2005.0, 2003.0);


INSERT INTO StarRep (System_id,cluster_id,distance_clust_virt_centre,luminosity,no_planets_allowed,angle_in_radians_s,star_color,star_type,star_size)  VALUES ('U2005V2003', 'U2005V2003_0', 3.306666666666667E11, 1.1987345837394128, 'F', 284.0, 'yelo.mains', 'g0', 42.0);


INSERT INTO ClusterRep (System_id,distance_sys_virt_centre,planetsAllowed,cluster_id,angle_in_radians,cluster_description,number_stars_in_cluster)  VALUES ('U2005V2003', 1.24E11, 'T', 'U2005V2003_0', 2.303834612632515, 'Cluster Number: 0 SINGLESTAR', 1);


INSERT INTO SystemRep (System_id, distance_to_galaxy_centre, ucoordinate, vcoordinate) VALUES ('U2008V2018', 3.3888553408013864E16, 2008.0, 2018.0);


INSERT INTO SystemRep (System_id, distance_to_galaxy_centre, ucoordinate, vcoordinate) VALUES ('U2005V2002', 3.3728527739871244E16, 2005.0, 2002.0);


INSERT INTO StarRep (System_id,cluster_id,distance_clust_virt_centre,luminosity,no_planets_allowed,angle_in_radians_s,star_color,star_type,star_size)  VALUES ('U2005V2002', 'U2005V2002_0', 7.258536585365854E10, 231.0, 'F', 151.0, 'orng.gi.i ', 'k3', 7.053333333333334);


INSERT INTO ClusterRep (System_id,distance_sys_virt_centre,planetsAllowed,cluster_id,angle_in_radians,cluster_description,number_stars_in_cluster)  VALUES ('U2005V2002', 6.6133333333333336E10, 'T', 'U2005V2002_0', 2.5830872929516078, 'Cluster Number: 0 SINGLESTAR', 1);


INSERT INTO SystemRep (System_id, distance_to_galaxy_centre, ucoordinate, vcoordinate) VALUES ('U2008V2017', 3.388011616776495E16, 2008.0, 2017.0);


INSERT INTO SystemRep (System_id, distance_to_galaxy_centre, ucoordinate, vcoordinate) VALUES ('U2005V2001', 3.3720117697297796E16, 2005.0, 2001.0);


INSERT INTO SystemRep (System_id, distance_to_galaxy_centre, ucoordinate, vcoordinate) VALUES ('U2008V2016', 3.3871681009437956E16, 2008.0, 2016.0);


INSERT INTO StarRep (System_id,cluster_id,distance_clust_virt_centre,luminosity,no_planets_allowed,angle_in_radians_s,star_color,star_type,star_size)  VALUES ('U2008V2016', 'U2008V2016_0', 5.2210526315789474E10, 2.308637425805529, 'F', 14.0, 'pyel.mains', 'f6', 39.6);


INSERT INTO ClusterRep (System_id,distance_sys_virt_centre,planetsAllowed,cluster_id,angle_in_radians,cluster_description,number_stars_in_cluster)  VALUES ('U2008V2016', 1.2146938775510204E11, 'T', 'U2008V2016_0', 3.5779249665883754, 'Cluster Number: 0 SINGLESTAR', 1);


INSERT INTO SystemRep (System_id, distance_to_galaxy_centre, ucoordinate, vcoordinate) VALUES ('U2005V2000', 3.3711709760117476E16, 2005.0, 2000.0);


INSERT INTO StarRep (System_id,cluster_id,distance_clust_virt_centre,luminosity,no_planets_allowed,angle_in_radians_s,star_color,star_type,star_size)  VALUES ('U2005V2000', 'U2005V2000_0', 5.952E11, 2.32, 'F', 205.0, 'pyel.mains', 'f6', 39.6);


INSERT INTO ClusterRep (System_id,distance_sys_virt_centre,planetsAllowed,cluster_id,angle_in_radians,cluster_description,number_stars_in_cluster)  VALUES ('U2005V2000', 5.952E12, 'T', 'U2005V2000_0', 3.9968039870670142, 'Cluster Number: 0 SINGLESTAR', 1);


INSERT INTO SystemRep (System_id, distance_to_galaxy_centre, ucoordinate, vcoordinate) VALUES ('U2001V2009', 3.375383765540908E16, 2001.0, 2009.0);


INSERT INTO StarRep (System_id,cluster_id,distance_clust_virt_centre,luminosity,no_planets_allowed,angle_in_radians_s,star_color,star_type,star_size)  VALUES ('U2001V2009', 'U2001V2009_0', 8.752941176470589E10, 3.18, 'F', 212.0, 'pyel.mains', 'f4', 38.4);


INSERT INTO StarRep (System_id,cluster_id,distance_clust_virt_centre,luminosity,no_planets_allowed,angle_in_radians_s,star_color,star_type,star_size)  VALUES ('U2001V2009', 'U2001V2009_0', 3.306666666666667E11, 0.045798684914742385, 'F', 128.0, 'ltbl.dwarf', 'db', 0.03866666666666663);


INSERT INTO StarRep (System_id,cluster_id,distance_clust_virt_centre,luminosity,no_planets_allowed,angle_in_radians_s,star_color,star_type,star_size)  VALUES ('U2001V2009', 'U2001V2009_0', 2.976E12, 0.216, 'F', 242.0, 'orng.mains', 'k4', 1.126);


INSERT INTO StarRep (System_id,cluster_id,distance_clust_virt_centre,luminosity,no_planets_allowed,angle_in_radians_s,star_color,star_type,star_size)  VALUES ('U2001V2009', 'U2001V2009_0', 6.469565217391304E10, 13.5, 'F', 159.0, 'whit.mains', 'a7', 34.199999999999996);


INSERT INTO StarRep (System_id,cluster_id,distance_clust_virt_centre,luminosity,no_planets_allowed,angle_in_radians_s,star_color,star_type,star_size)  VALUES ('U2001V2009', 'U2001V2009_0', 1.0628571428571428E11, 9.4, 'F', 145.0, 'whit.mains', 'a9', 35.4);


INSERT INTO StarRep (System_id,cluster_id,distance_clust_virt_centre,luminosity,no_planets_allowed,angle_in_radians_s,star_color,star_type,star_size)  VALUES ('U2001V2009', 'U2001V2009_2', 9.6E10, 0.0466, 'F', 37.0, 'red_.mains', 'm3', 0.09316666666666662);


INSERT INTO StarRep (System_id,cluster_id,distance_clust_virt_centre,luminosity,no_planets_allowed,angle_in_radians_s,star_color,star_type,star_size)  VALUES ('U2001V2009', 'U2001V2009_3', 8.043243243243243E10, 0.0734, 'F', 273.0, 'red_.mains', 'm1', 0.07883333333333331);


INSERT INTO StarRep (System_id,cluster_id,distance_clust_virt_centre,luminosity,no_planets_allowed,angle_in_radians_s,star_color,star_type,star_size)  VALUES ('U2001V2009', 'U2001V2009_4', 3.864935064935065E10, 108000.0, 'F', 209.0, 'blue.subgi', 'o8', 32.666666666666664);


INSERT INTO ClusterRep (System_id,distance_sys_virt_centre,planetsAllowed,cluster_id,angle_in_radians,cluster_description,number_stars_in_cluster)  VALUES ('U2001V2009', 2.48E11, 'F', 'U2001V2009_4', 5.131268000863329, 'Cluster Number: 4 FIVESTAR_SPREAD', 1);


INSERT INTO SystemRep (System_id, distance_to_galaxy_centre, ucoordinate, vcoordinate) VALUES ('U2008V2015', 3.386324793458867E16, 2008.0, 2015.0);


INSERT INTO StarRep (System_id,cluster_id,distance_clust_virt_centre,luminosity,no_planets_allowed,angle_in_radians_s,star_color,star_type,star_size)  VALUES ('U2008V2015', 'U2008V2015_0', 3.3066666666666668E10, 1.2, 'F', 241.0, 'yelo.mains', 'g0', 42.0);


INSERT INTO ClusterRep (System_id,distance_sys_virt_centre,planetsAllowed,cluster_id,angle_in_radians,cluster_description,number_stars_in_cluster)  VALUES ('U2008V2015', 6.6133333333333336E10, 'T', 'U2008V2015_0', 3.8571776469074686, 'Cluster Number: 0 SINGLESTAR', 1);


INSERT INTO SystemRep (System_id, distance_to_galaxy_centre, ucoordinate, vcoordinate) VALUES ('U2001V2008', 3.374540452587641E16, 2001.0, 2008.0);


INSERT INTO StarRep (System_id,cluster_id,distance_clust_virt_centre,luminosity,no_planets_allowed,angle_in_radians_s,star_color,star_type,star_size)  VALUES ('U2001V2008', 'U2001V2008_0', 4.509090909090909E10, 725824.2260189335, 'F', 79.0, 'ltbl.sg.i ', 'b5', 22.5);


INSERT INTO StarRep (System_id,cluster_id,distance_clust_virt_centre,luminosity,no_planets_allowed,angle_in_radians_s,star_color,star_type,star_size)  VALUES ('U2001V2008', 'U2001V2008_0', 3.1E10, 0.9974864658415759, 'F', 130.0, 'yelo.mains', 'g2', 43.199999999999996);


INSERT INTO StarRep (System_id,cluster_id,distance_clust_virt_centre,luminosity,no_planets_allowed,angle_in_radians_s,star_color,star_type,star_size)  VALUES ('U2001V2008', 'U2001V2008_0', 1.417142857142857E11, 0.945, 'F', 37.0, 'yelo.mains', 'g3', 43.8);


INSERT INTO StarRep (System_id,cluster_id,distance_clust_virt_centre,luminosity,no_planets_allowed,angle_in_radians_s,star_color,star_type,star_size)  VALUES ('U2001V2008', 'U2001V2008_0', 3.968E10, 0.09092889248468194, 'F', 29.0, 'red_.mains', 'm0', 1.255);


INSERT INTO StarRep (System_id,cluster_id,distance_clust_virt_centre,luminosity,no_planets_allowed,angle_in_radians_s,star_color,star_type,star_size)  VALUES ('U2001V2008', 'U2001V2008_0', 3.068041237113402E10, 0.0096, 'F', 172.0, 'red_.mains', 'm9', 0.13616666666666666);


INSERT INTO StarRep (System_id,cluster_id,distance_clust_virt_centre,luminosity,no_planets_allowed,angle_in_radians_s,star_color,star_type,star_size)  VALUES ('U2001V2008', 'U2001V2008_2', 5.044067796610169E10, 510.22511049593135, 'F', 31.0, 'pyel.gi.ii', 'f5', 9.0);


INSERT INTO StarRep (System_id,cluster_id,distance_clust_virt_centre,luminosity,no_planets_allowed,angle_in_radians_s,star_color,star_type,star_size)  VALUES ('U2001V2008', 'U2001V2008_3', 0.0, 0.027232664733856743, 'F', 107.0, 'red_.mains', 'm5', 0.10750000000000004);


INSERT INTO StarRep (System_id,cluster_id,distance_clust_virt_centre,luminosity,no_planets_allowed,angle_in_radians_s,star_color,star_type,star_size)  VALUES ('U2001V2008', 'U2001V2008_4', 5.314285714285714E10, 0.0276, 'F', 224.0, 'red_.mains', 'm5', 0.10750000000000004);


INSERT INTO ClusterRep (System_id,distance_sys_virt_centre,planetsAllowed,cluster_id,angle_in_radians,cluster_description,number_stars_in_cluster)  VALUES ('U2001V2008', 8.043243243243243E10, 'F', 'U2001V2008_4', 4.101523742186674, 'Cluster Number: 4 FIVESTAR_SPREAD', 1);


INSERT INTO SystemRep (System_id, distance_to_galaxy_centre, ucoordinate, vcoordinate) VALUES ('U2008V2014', 3.385481694477405E16, 2008.0, 2014.0);


INSERT INTO StarRep (System_id,cluster_id,distance_clust_virt_centre,luminosity,no_planets_allowed,angle_in_radians_s,star_color,star_type,star_size)  VALUES ('U2008V2014', 'U2008V2014_0', 3.381818181818182E10, 0.04634348126648331, 'F', 201.0, 'red_.mains', 'm3', 0.09316666666666662);


INSERT INTO ClusterRep (System_id,distance_sys_virt_centre,planetsAllowed,cluster_id,angle_in_radians,cluster_description,number_stars_in_cluster)  VALUES ('U2008V2014', 3.5011764705882355E11, 'T', 'U2008V2014_0', 4.71238898038469, 'Cluster Number: 0 SINGLESTAR', 1);


INSERT INTO SystemRep (System_id, distance_to_galaxy_centre, ucoordinate, vcoordinate) VALUES ('U2001V2007', 3.3736973488634096E16, 2001.0, 2007.0);


INSERT INTO StarRep (System_id,cluster_id,distance_clust_virt_centre,luminosity,no_planets_allowed,angle_in_radians_s,star_color,star_type,star_size)  VALUES ('U2001V2007', 'U2001V2007_0', 4.65E10, 0.216, 'F', 39.0, 'orng.mains', 'k4', 1.126);


INSERT INTO StarRep (System_id,cluster_id,distance_clust_virt_centre,luminosity,no_planets_allowed,angle_in_radians_s,star_color,star_type,star_size)  VALUES ('U2001V2007', 'U2001V2007_0', 4.96E10, 0.12236102228690325, 'F', 134.0, 'orng.mains', 'k8', 1.2120000000000002);


INSERT INTO StarRep (System_id,cluster_id,distance_clust_virt_centre,luminosity,no_planets_allowed,angle_in_radians_s,star_color,star_type,star_size)  VALUES ('U2001V2007', 'U2001V2007_0', 3.815384615384615E10, 0.21494806052184245, 'F', 142.0, 'orng.mains', 'k4', 1.126);


INSERT INTO StarRep (System_id,cluster_id,distance_clust_virt_centre,luminosity,no_planets_allowed,angle_in_radians_s,star_color,star_type,star_size)  VALUES ('U2001V2007', 'U2001V2007_0', 4.65E10, 3.75E-5, 'F', 356.0, 'orng.dwarf', 'dk', 0.5633333333333334);


INSERT INTO StarRep (System_id,cluster_id,distance_clust_virt_centre,luminosity,no_planets_allowed,angle_in_radians_s,star_color,star_type,star_size)  VALUES ('U2001V2007', 'U2001V2007_0', 4.251428571428571E11, 1.32E-4, 'F', 251.0, 'pyel.dwarf', 'df', 0.4073333333333333);


INSERT INTO StarRep (System_id,cluster_id,distance_clust_virt_centre,luminosity,no_planets_allowed,angle_in_radians_s,star_color,star_type,star_size)  VALUES ('U2001V2007', 'U2001V2007_2', 6.6133333333333336E10, 4.37, 'F', 12.0, 'orng.subgi', 'k7', 2.833333333333333);


INSERT INTO StarRep (System_id,cluster_id,distance_clust_virt_centre,luminosity,no_planets_allowed,angle_in_radians_s,star_color,star_type,star_size)  VALUES ('U2001V2007', 'U2001V2007_3', 3.343820224719101E10, 986116.9536370813, 'F', 329.0, 'blue.gi.ii', 'o8', 40.0);


INSERT INTO StarRep (System_id,cluster_id,distance_clust_virt_centre,luminosity,no_planets_allowed,angle_in_radians_s,star_color,star_type,star_size)  VALUES ('U2001V2007', 'U2001V2007_4', 3.2703296703296703E10, 0.0733992077682356, 'F', 267.0, 'red_.mains', 'm1', 0.07883333333333331);


INSERT INTO ClusterRep (System_id,distance_sys_virt_centre,planetsAllowed,cluster_id,angle_in_radians,cluster_description,number_stars_in_cluster)  VALUES ('U2001V2007', 2.2892307692307693E11, 'F', 'U2001V2007_4', 1.0297442586766543, 'Cluster Number: 4 FIVESTAR_SPREAD', 1);


INSERT INTO SystemRep (System_id, distance_to_galaxy_centre, ucoordinate, vcoordinate) VALUES ('U2008V2013', 3.3846388041552204E16, 2008.0, 2013.0);


INSERT INTO StarRep (System_id,cluster_id,distance_clust_virt_centre,luminosity,no_planets_allowed,angle_in_radians_s,star_color,star_type,star_size)  VALUES ('U2008V2013', 'U2008V2013_0', 1.417142857142857E11, 0.0912, 'F', 68.0, 'red_.mains', 'm0', 1.255);


INSERT INTO ClusterRep (System_id,distance_sys_virt_centre,planetsAllowed,cluster_id,angle_in_radians,cluster_description,number_stars_in_cluster)  VALUES ('U2008V2013', 1.0088135593220338E11, 'T', 'U2008V2013_0', 4.991641660703783, 'Cluster Number: 0 SINGLESTAR', 1);


INSERT INTO SystemRep (System_id, distance_to_galaxy_centre, ucoordinate, vcoordinate) VALUES ('U2001V2006', 3.3728544545251164E16, 2001.0, 2006.0);


INSERT INTO StarRep (System_id,cluster_id,distance_clust_virt_centre,luminosity,no_planets_allowed,angle_in_radians_s,star_color,star_type,star_size)  VALUES ('U2001V2006', 'U2001V2006_0', 3.068041237113402E10, 0.40602898494916556, 'F', 266.0, 'yelo.mains', 'g9', 47.4);


INSERT INTO StarRep (System_id,cluster_id,distance_clust_virt_centre,luminosity,no_planets_allowed,angle_in_radians_s,star_color,star_type,star_size)  VALUES ('U2001V2006', 'U2001V2006_0', 6.331914893617021E10, 2.6983950929075414E-5, 'F', 136.0, 'red_.dwarf', 'dm', 0.6586666666666666);


INSERT INTO StarRep (System_id,cluster_id,distance_clust_virt_centre,luminosity,no_planets_allowed,angle_in_radians_s,star_color,star_type,star_size)  VALUES ('U2001V2006', 'U2001V2006_0', 3.068041237113402E10, 2.315818799586225, 'F', 297.0, 'pyel.mains', 'f6', 39.6);


INSERT INTO StarRep (System_id,cluster_id,distance_clust_virt_centre,luminosity,no_planets_allowed,angle_in_radians_s,star_color,star_type,star_size)  VALUES ('U2001V2006', 'U2001V2006_0', 3.2E10, 0.408, 'F', 225.0, 'yelo.mains', 'g9', 47.4);


INSERT INTO StarRep (System_id,cluster_id,distance_clust_virt_centre,luminosity,no_planets_allowed,angle_in_radians_s,star_color,star_type,star_size)  VALUES ('U2001V2006', 'U2001V2006_0', 3.91578947368421E10, 0.123, 'F', 277.0, 'orng.mains', 'k8', 1.2120000000000002);


INSERT INTO StarRep (System_id,cluster_id,distance_clust_virt_centre,luminosity,no_planets_allowed,angle_in_radians_s,star_color,star_type,star_size)  VALUES ('U2001V2006', 'U2001V2006_2', 4.0767123287671234E10, 0.2159320049719949, 'F', 5.0, 'orng.mains', 'k4', 1.126);


INSERT INTO StarRep (System_id,cluster_id,distance_clust_virt_centre,luminosity,no_planets_allowed,angle_in_radians_s,star_color,star_type,star_size)  VALUES ('U2001V2006', 'U2001V2006_3', 5.615094339622642E10, 59.88037955504878, 'F', 164.0, 'whit.mains', 'a2', 31.200000000000003);


INSERT INTO StarRep (System_id,cluster_id,distance_clust_virt_centre,luminosity,no_planets_allowed,angle_in_radians_s,star_color,star_type,star_size)  VALUES ('U2001V2006', 'U2001V2006_4', 4.251428571428571E10, 1.55, 'F', 281.0, 'pyel.mains', 'f8', 40.8);


INSERT INTO ClusterRep (System_id,distance_sys_virt_centre,planetsAllowed,cluster_id,angle_in_radians,cluster_description,number_stars_in_cluster)  VALUES ('U2001V2006', 7.83157894736842E10, 'F', 'U2001V2006_4', 0.0, 'Cluster Number: 4 FIVESTAR_SPREAD', 1);


INSERT INTO SystemRep (System_id, distance_to_galaxy_centre, ucoordinate, vcoordinate) VALUES ('U2008V2012', 3.3837961226482428E16, 2008.0, 2012.0);


INSERT INTO StarRep (System_id,cluster_id,distance_clust_virt_centre,luminosity,no_planets_allowed,angle_in_radians_s,star_color,star_type,star_size)  VALUES ('U2008V2012', 'U2008V2012_0', 3.542857142857143E10, 0.0276, 'F', 121.0, 'red_.mains', 'm5', 0.10750000000000004);


INSERT INTO ClusterRep (System_id,distance_sys_virt_centre,planetsAllowed,cluster_id,angle_in_radians,cluster_description,number_stars_in_cluster)  VALUES ('U2008V2012', 8.502857142857143E10, 'T', 'U2008V2012_0', 0.12217304763960307, 'Cluster Number: 0 SINGLESTAR', 1);


INSERT INTO SystemRep (System_id, distance_to_galaxy_centre, ucoordinate, vcoordinate) VALUES ('U2001V2005', 3.3720117697297796E16, 2001.0, 2005.0);


INSERT INTO StarRep (System_id,cluster_id,distance_clust_virt_centre,luminosity,no_planets_allowed,angle_in_radians_s,star_color,star_type,star_size)  VALUES ('U2001V2005', 'U2001V2005_0', 0.0, 0.2244, 'F', 306.0, 'orng.subdw', 'k8', 4.680000000000001);


INSERT INTO StarRep (System_id,cluster_id,distance_clust_virt_centre,luminosity,no_planets_allowed,angle_in_radians_s,star_color,star_type,star_size)  VALUES ('U2001V2005', 'U2001V2005_0', 3.542857142857143E10, 0.04596972998401646, 'F', 131.0, 'red_.mains', 'm3', 0.09316666666666662);


INSERT INTO StarRep (System_id,cluster_id,distance_clust_virt_centre,luminosity,no_planets_allowed,angle_in_radians_s,star_color,star_type,star_size)  VALUES ('U2001V2005', 'U2001V2005_0', 7.44E10, 95.0, 'F', 192.0, 'orng.gi.i ', 'k0', 6.133333333333333);


INSERT INTO StarRep (System_id,cluster_id,distance_clust_virt_centre,luminosity,no_planets_allowed,angle_in_radians_s,star_color,star_type,star_size)  VALUES ('U2001V2005', 'U2001V2005_0', 5.952E11, 510000.0, 'F', 258.0, 'blue.gi.ii', 'o8', 42.666666666666664);


INSERT INTO StarRep (System_id,cluster_id,distance_clust_virt_centre,luminosity,no_planets_allowed,angle_in_radians_s,star_color,star_type,star_size)  VALUES ('U2001V2005', 'U2001V2005_0', 4.441791044776119E10, 0.2151389199494425, 'F', 198.0, 'orng.mains', 'k4', 1.126);


INSERT INTO StarRep (System_id,cluster_id,distance_clust_virt_centre,luminosity,no_planets_allowed,angle_in_radians_s,star_color,star_type,star_size)  VALUES ('U2001V2005', 'U2001V2005_2', 3.381818181818182E10, 0.282, 'F', 24.0, 'orng.mains', 'k2', 1.0830000000000002);


INSERT INTO StarRep (System_id,cluster_id,distance_clust_virt_centre,luminosity,no_planets_allowed,angle_in_radians_s,star_color,star_type,star_size)  VALUES ('U2001V2005', 'U2001V2005_3', 4.723809523809524E10, 0.1383144334712029, 'F', 301.0, 'red_.mains', 'm9', 0.13616666666666666);


INSERT INTO StarRep (System_id,cluster_id,distance_clust_virt_centre,luminosity,no_planets_allowed,angle_in_radians_s,star_color,star_type,star_size)  VALUES ('U2001V2005', 'U2001V2005_4', 8.502857142857143E10, 0.408, 'F', 238.0, 'yelo.mains', 'g9', 47.4);


INSERT INTO ClusterRep (System_id,distance_sys_virt_centre,planetsAllowed,cluster_id,angle_in_radians,cluster_description,number_stars_in_cluster)  VALUES ('U2001V2005', 2.3808E11, 'F', 'U2001V2005_4', 3.0892327760299634, 'Cluster Number: 4 FIVESTAR_SPREAD', 1);


INSERT INTO SystemRep (System_id, distance_to_galaxy_centre, ucoordinate, vcoordinate) VALUES ('U2008V2011', 3.382953650112517E16, 2008.0, 2011.0);


INSERT INTO SystemRep (System_id, distance_to_galaxy_centre, ucoordinate, vcoordinate) VALUES ('U2001V2004', 3.371169294634537E16, 2001.0, 2004.0);


INSERT INTO StarRep (System_id,cluster_id,distance_clust_virt_centre,luminosity,no_planets_allowed,angle_in_radians_s,star_color,star_type,star_size)  VALUES ('U2001V2004', 'U2001V2004_0', 3.1326315789473682E10, 0.30038761164310285, 'F', 226.0, 'red_.mains', 'm9', 0.13616666666666666);


INSERT INTO StarRep (System_id,cluster_id,distance_clust_virt_centre,luminosity,no_planets_allowed,angle_in_radians_s,star_color,star_type,star_size)  VALUES ('U2001V2004', 'U2001V2004_0', 2.7054545454545456E11, 2.3094897846973286, 'F', 140.0, 'pyel.mains', 'f6', 39.6);


INSERT INTO StarRep (System_id,cluster_id,distance_clust_virt_centre,luminosity,no_planets_allowed,angle_in_radians_s,star_color,star_type,star_size)  VALUES ('U2001V2004', 'U2001V2004_0', 5.314285714285714E10, 0.0134, 'F', 43.0, 'red_.mains', 'm7', 0.12183333333333335);


INSERT INTO StarRep (System_id,cluster_id,distance_clust_virt_centre,luminosity,no_planets_allowed,angle_in_radians_s,star_color,star_type,star_size)  VALUES ('U2001V2004', 'U2001V2004_0', 3.629268292682927E10, 0.04620308310466827, 'F', 193.0, 'red_.mains', 'm3', 0.09316666666666662);


INSERT INTO StarRep (System_id,cluster_id,distance_clust_virt_centre,luminosity,no_planets_allowed,angle_in_radians_s,star_color,star_type,star_size)  VALUES ('U2001V2004', 'U2001V2004_0', 3.542857142857143E10, 0.0734, 'F', 356.0, 'red_.mains', 'm1', 0.07883333333333331);


INSERT INTO StarRep (System_id,cluster_id,distance_clust_virt_centre,luminosity,no_planets_allowed,angle_in_radians_s,star_color,star_type,star_size)  VALUES ('U2001V2004', 'U2001V2004_2', 5.044067796610169E10, 0.12286001696900287, 'F', 346.0, 'orng.mains', 'k8', 1.2120000000000002);


INSERT INTO StarRep (System_id,cluster_id,distance_clust_virt_centre,luminosity,no_planets_allowed,angle_in_radians_s,star_color,star_type,star_size)  VALUES ('U2001V2004', 'U2001V2004_3', 6.920930232558139E10, 0.21586438847049197, 'F', 26.0, 'orng.mains', 'k4', 1.126);


INSERT INTO StarRep (System_id,cluster_id,distance_clust_virt_centre,luminosity,no_planets_allowed,angle_in_radians_s,star_color,star_type,star_size)  VALUES ('U2001V2004', 'U2001V2004_4', 4.251428571428571E11, 8213.125953120003, 'F', 324.0, 'ltbl.subgi', 'b3', 35.33333333333333);


INSERT INTO ClusterRep (System_id,distance_sys_virt_centre,planetsAllowed,cluster_id,angle_in_radians,cluster_description,number_stars_in_cluster)  VALUES ('U2001V2004', 2.1257142857142856E11, 'F', 'U2001V2004_4', 3.211405823669566, 'Cluster Number: 4 FIVESTAR_SPREAD', 1);


INSERT INTO SystemRep (System_id, distance_to_galaxy_centre, ucoordinate, vcoordinate) VALUES ('U2008V2010', 3.3821113867042052E16, 2008.0, 2010.0);


INSERT INTO SystemRep (System_id, distance_to_galaxy_centre, ucoordinate, vcoordinate) VALUES ('U2001V2003', 3.3703270293966428E16, 2001.0, 2003.0);


INSERT INTO SystemRep (System_id, distance_to_galaxy_centre, ucoordinate, vcoordinate) VALUES ('U2001V2002', 3.369484974173471E16, 2001.0, 2002.0);


INSERT INTO SystemRep (System_id, distance_to_galaxy_centre, ucoordinate, vcoordinate) VALUES ('U2001V2001', 3.3686431291225136E16, 2001.0, 2001.0);


INSERT INTO StarRep (System_id,cluster_id,distance_clust_virt_centre,luminosity,no_planets_allowed,angle_in_radians_s,star_color,star_type,star_size)  VALUES ('U2001V2001', 'U2001V2001_0', 1.0628571428571428E11, 0.0466, 'F', 93.0, 'red_.mains', 'm3', 0.09316666666666662);


INSERT INTO StarRep (System_id,cluster_id,distance_clust_virt_centre,luminosity,no_planets_allowed,angle_in_radians_s,star_color,star_type,star_size)  VALUES ('U2001V2001', 'U2001V2001_0', 3.036734693877551E10, 0.0466, 'F', 142.0, 'red_.mains', 'm3', 0.09316666666666662);


INSERT INTO StarRep (System_id,cluster_id,distance_clust_virt_centre,luminosity,no_planets_allowed,angle_in_radians_s,star_color,star_type,star_size)  VALUES ('U2001V2001', 'U2001V2001_0', 3.968E10, 0.12278288876168275, 'F', 198.0, 'orng.mains', 'k8', 1.2120000000000002);


INSERT INTO StarRep (System_id,cluster_id,distance_clust_virt_centre,luminosity,no_planets_allowed,angle_in_radians_s,star_color,star_type,star_size)  VALUES ('U2001V2001', 'U2001V2001_0', 2.48E11, 13.5, 'F', 62.0, 'whit.mains', 'a7', 34.199999999999996);


INSERT INTO StarRep (System_id,cluster_id,distance_clust_virt_centre,luminosity,no_planets_allowed,angle_in_radians_s,star_color,star_type,star_size)  VALUES ('U2001V2001', 'U2001V2001_0', 5.5111111111111115E10, 0.9999771933476235, 'F', 23.0, 'yelo.mains', 'g2', 43.199999999999996);


INSERT INTO StarRep (System_id,cluster_id,distance_clust_virt_centre,luminosity,no_planets_allowed,angle_in_radians_s,star_color,star_type,star_size)  VALUES ('U2001V2001', 'U2001V2001_2', 3.4206896551724136E10, 3.55E-5, 'F', 339.0, 'orng.dwarf', 'dk', 0.598);


INSERT INTO StarRep (System_id,cluster_id,distance_clust_virt_centre,luminosity,no_planets_allowed,angle_in_radians_s,star_color,star_type,star_size)  VALUES ('U2001V2001', 'U2001V2001_3', 4.96E11, 0.12234613953084947, 'F', 221.0, 'orng.mains', 'k8', 1.2120000000000002);


INSERT INTO StarRep (System_id,cluster_id,distance_clust_virt_centre,luminosity,no_planets_allowed,angle_in_radians_s,star_color,star_type,star_size)  VALUES ('U2001V2001', 'U2001V2001_4', 3.5011764705882355E10, 0.027320806450382002, 'F', 338.0, 'red_.mains', 'm5', 0.10750000000000004);


INSERT INTO ClusterRep (System_id,distance_sys_virt_centre,planetsAllowed,cluster_id,angle_in_radians,cluster_description,number_stars_in_cluster)  VALUES ('U2001V2001', 7.534177215189873E10, 'F', 'U2001V2001_4', 2.1816615649929116, 'Cluster Number: 4 FIVESTAR_SPREAD', 1);


INSERT INTO SystemRep (System_id, distance_to_galaxy_centre, ucoordinate, vcoordinate) VALUES ('U2001V2000', 3.3678014944013784E16, 2001.0, 2000.0);


INSERT INTO SystemRep (System_id, distance_to_galaxy_centre, ucoordinate, vcoordinate) VALUES ('U2018V2009', 3.389695092394713E16, 2018.0, 2009.0);


INSERT INTO SystemRep (System_id, distance_to_galaxy_centre, ucoordinate, vcoordinate) VALUES ('U2018V2008', 3.3888553408013864E16, 2018.0, 2008.0);


INSERT INTO StarRep (System_id,cluster_id,distance_clust_virt_centre,luminosity,no_planets_allowed,angle_in_radians_s,star_color,star_type,star_size)  VALUES ('U2018V2008', 'U2018V2008_0', 8.502857142857143E10, 990000.0, 'F', 175.0, 'blue.gi.ii', 'o8', 40.0);


INSERT INTO ClusterRep (System_id,distance_sys_virt_centre,planetsAllowed,cluster_id,angle_in_radians,cluster_description,number_stars_in_cluster)  VALUES ('U2018V2008', 7.002352941176471E10, 'T', 'U2018V2008_0', 5.113814708343385, 'Cluster Number: 0 SINGLESTAR', 1);


INSERT INTO SystemRep (System_id, distance_to_galaxy_centre, ucoordinate, vcoordinate) VALUES ('U2018V2007', 3.388015799322028E16, 2018.0, 2007.0);


INSERT INTO StarRep (System_id,cluster_id,distance_clust_virt_centre,luminosity,no_planets_allowed,angle_in_radians_s,star_color,star_type,star_size)  VALUES ('U2018V2007', 'U2018V2007_0', 4.376470588235294E10, 1.318546188845201E-4, 'F', 42.0, 'pyel.dwarf', 'df', 0.4073333333333333);


INSERT INTO ClusterRep (System_id,distance_sys_virt_centre,planetsAllowed,cluster_id,angle_in_radians,cluster_description,number_stars_in_cluster)  VALUES ('U2018V2007', 2.1257142857142856E11, 'T', 'U2018V2007_0', 5.3930673886624785, 'Cluster Number: 0 SINGLESTAR', 1);


INSERT INTO SystemRep (System_id, distance_to_galaxy_centre, ucoordinate, vcoordinate) VALUES ('U2018V2006', 3.3871764681128732E16, 2018.0, 2006.0);


INSERT INTO SystemRep (System_id, distance_to_galaxy_centre, ucoordinate, vcoordinate) VALUES ('U2018V2005', 3.3863373473302744E16, 2018.0, 2005.0);


INSERT INTO SystemRep (System_id, distance_to_galaxy_centre, ucoordinate, vcoordinate) VALUES ('U2018V2004', 3.3854984371306984E16, 2018.0, 2004.0);


INSERT INTO SystemRep (System_id, distance_to_galaxy_centre, ucoordinate, vcoordinate) VALUES ('U2018V2003', 3.3846597376707276E16, 2018.0, 2003.0);


INSERT INTO StarRep (System_id,cluster_id,distance_clust_virt_centre,luminosity,no_planets_allowed,angle_in_radians_s,star_color,star_type,star_size)  VALUES ('U2018V2003', 'U2018V2003_0', 9.92E11, 140897.1433497828, 'F', 309.0, 'blue.mains', 'o8', 5.166666666666667);


INSERT INTO ClusterRep (System_id,distance_sys_virt_centre,planetsAllowed,cluster_id,angle_in_radians,cluster_description,number_stars_in_cluster)  VALUES ('U2018V2003', 1.3527272727272728E11, 'T', 'U2018V2003_0', 4.834562028024293, 'Cluster Number: 0 SINGLESTAR', 1);


INSERT INTO SystemRep (System_id, distance_to_galaxy_centre, ucoordinate, vcoordinate) VALUES ('U2018V2002', 3.3838212491070624E16, 2018.0, 2002.0);


INSERT INTO StarRep (System_id,cluster_id,distance_clust_virt_centre,luminosity,no_planets_allowed,angle_in_radians_s,star_color,star_type,star_size)  VALUES ('U2018V2002', 'U2018V2002_0', 4.509090909090909E10, 0.408, 'F', 2.0, 'yelo.mains', 'g9', 47.4);


INSERT INTO ClusterRep (System_id,distance_sys_virt_centre,planetsAllowed,cluster_id,angle_in_radians,cluster_description,number_stars_in_cluster)  VALUES ('U2018V2002', 1.1022222222222223E11, 'T', 'U2018V2002_0', 6.2482787221397, 'Cluster Number: 0 SINGLESTAR', 1);


INSERT INTO SystemRep (System_id, distance_to_galaxy_centre, ucoordinate, vcoordinate) VALUES ('U2018V2001', 3.382982971596517E16, 2018.0, 2001.0);


INSERT INTO StarRep (System_id,cluster_id,distance_clust_virt_centre,luminosity,no_planets_allowed,angle_in_radians_s,star_color,star_type,star_size)  VALUES ('U2018V2001', 'U2018V2001_0', 3.036734693877551E10, 3.1591673538110463, 'F', 229.0, 'pyel.mains', 'f4', 38.4);


INSERT INTO ClusterRep (System_id,distance_sys_virt_centre,planetsAllowed,cluster_id,angle_in_radians,cluster_description,number_stars_in_cluster)  VALUES ('U2018V2001', 6.2E10, 'T', 'U2018V2001_0', 0.24434609527920614, 'Cluster Number: 0 SINGLESTAR', 1);


INSERT INTO SystemRep (System_id, distance_to_galaxy_centre, ucoordinate, vcoordinate) VALUES ('U2018V2000', 3.3821449052960224E16, 2018.0, 2000.0);


INSERT INTO StarRep (System_id,cluster_id,distance_clust_virt_centre,luminosity,no_planets_allowed,angle_in_radians_s,star_color,star_type,star_size)  VALUES ('U2018V2000', 'U2018V2000_0', 2.976E12, 0.0466, 'F', 269.0, 'red_.mains', 'm3', 0.09316666666666662);


INSERT INTO ClusterRep (System_id,distance_sys_virt_centre,planetsAllowed,cluster_id,angle_in_radians,cluster_description,number_stars_in_cluster)  VALUES ('U2018V2000', 8.502857142857143E10, 'T', 'U2018V2000_0', 5.672320068981571, 'Cluster Number: 0 SINGLESTAR', 1);


INSERT INTO SystemRep (System_id, distance_to_galaxy_centre, ucoordinate, vcoordinate) VALUES ('U2014V2009', 3.386322282679001E16, 2014.0, 2009.0);


INSERT INTO SystemRep (System_id, distance_to_galaxy_centre, ucoordinate, vcoordinate) VALUES ('U2014V2008', 3.385481694477405E16, 2014.0, 2008.0);


INSERT INTO SystemRep (System_id, distance_to_galaxy_centre, ucoordinate, vcoordinate) VALUES ('U2014V2007', 3.3846413161839172E16, 2014.0, 2007.0);


INSERT INTO SystemRep (System_id, distance_to_galaxy_centre, ucoordinate, vcoordinate) VALUES ('U2014V2006', 3.3838011479549324E16, 2014.0, 2006.0);


INSERT INTO StarRep (System_id,cluster_id,distance_clust_virt_centre,luminosity,no_planets_allowed,angle_in_radians_s,star_color,star_type,star_size)  VALUES ('U2014V2006', 'U2014V2006_0', 6.763636363636364E10, 1.1969388528821472, 'F', 244.0, 'yelo.mains', 'g0', 42.0);


INSERT INTO ClusterRep (System_id,distance_sys_virt_centre,planetsAllowed,cluster_id,angle_in_radians,cluster_description,number_stars_in_cluster)  VALUES ('U2014V2006', 8.383098591549295E10, 'T', 'U2014V2006_0', 3.8571776469074686, 'Cluster Number: 0 SINGLESTAR', 1);


INSERT INTO SystemRep (System_id, distance_to_galaxy_centre, ucoordinate, vcoordinate) VALUES ('U2002V2019', 3.384666436368346E16, 2002.0, 2019.0);


INSERT INTO StarRep (System_id,cluster_id,distance_clust_virt_centre,luminosity,no_planets_allowed,angle_in_radians_s,star_color,star_type,star_size)  VALUES ('U2002V2019', 'U2002V2019_0', 9.3E10, 0.08902261462876596, 'F', 33.0, 'red_.mains', 'm9', 0.13616666666666666);


INSERT INTO StarRep (System_id,cluster_id,distance_clust_virt_centre,luminosity,no_planets_allowed,angle_in_radians_s,star_color,star_type,star_size)  VALUES ('U2002V2019', 'U2002V2019_0', 3.767088607594936E10, 5399.723430015306, 'F', 332.0, 'pyel.sg.i ', 'f5', 20.833333333333336);


INSERT INTO StarRep (System_id,cluster_id,distance_clust_virt_centre,luminosity,no_planets_allowed,angle_in_radians_s,star_color,star_type,star_size)  VALUES ('U2002V2019', 'U2002V2019_0', 3.585542168674699E10, 1.1957601227743786, 'F', 314.0, 'yelo.mains', 'g0', 42.0);


INSERT INTO StarRep (System_id,cluster_id,distance_clust_virt_centre,luminosity,no_planets_allowed,angle_in_radians_s,star_color,star_type,star_size)  VALUES ('U2002V2019', 'U2002V2019_0', 4.3130434782608696E10, 2.95E-5, 'F', 87.0, 'red_.dwarf', 'dm', 0.6153333333333334);


INSERT INTO StarRep (System_id,cluster_id,distance_clust_virt_centre,luminosity,no_planets_allowed,angle_in_radians_s,star_color,star_type,star_size)  VALUES ('U2002V2019', 'U2002V2019_2', 6.2E10, 0.0134, 'F', 159.0, 'red_.mains', 'm7', 0.12183333333333335);


INSERT INTO StarRep (System_id,cluster_id,distance_clust_virt_centre,luminosity,no_planets_allowed,angle_in_radians_s,star_color,star_type,star_size)  VALUES ('U2002V2019', 'U2002V2019_3', 2.7054545454545456E11, 1.2, 'F', 46.0, 'yelo.mains', 'g0', 42.0);


INSERT INTO ClusterRep (System_id,distance_sys_virt_centre,planetsAllowed,cluster_id,angle_in_radians,cluster_description,number_stars_in_cluster)  VALUES ('U2002V2019', 3.105391304347826E12, 'F', 'U2002V2019_3', 1.8165459983847336, 'Cluster Number: 3 FIVESTAR_FOURSTARSPREADPLUSONE', 1);


INSERT INTO SystemRep (System_id, distance_to_galaxy_centre, ucoordinate, vcoordinate) VALUES ('U2014V2005', 3.3829611899469612E16, 2014.0, 2005.0);


INSERT INTO SystemRep (System_id, distance_to_galaxy_centre, ucoordinate, vcoordinate) VALUES ('U2002V2018', 3.3838212491070624E16, 2002.0, 2018.0);


INSERT INTO StarRep (System_id,cluster_id,distance_clust_virt_centre,luminosity,no_planets_allowed,angle_in_radians_s,star_color,star_type,star_size)  VALUES ('U2002V2018', 'U2002V2018_0', 4.509090909090909E10, 13.450363632673909, 'F', 300.0, 'whit.mains', 'a7', 34.199999999999996);


INSERT INTO StarRep (System_id,cluster_id,distance_clust_virt_centre,luminosity,no_planets_allowed,angle_in_radians_s,star_color,star_type,star_size)  VALUES ('U2002V2018', 'U2002V2018_0', 5.952E11, 4.358615342493669, 'F', 329.0, 'pyel.mains', 'f3', 37.800000000000004);


INSERT INTO StarRep (System_id,cluster_id,distance_clust_virt_centre,luminosity,no_planets_allowed,angle_in_radians_s,star_color,star_type,star_size)  VALUES ('U2002V2018', 'U2002V2018_0', 6.6133333333333336E10, 0.04599322251337007, 'F', 4.0, 'red_.mains', 'm3', 0.09316666666666662);


INSERT INTO StarRep (System_id,cluster_id,distance_clust_virt_centre,luminosity,no_planets_allowed,angle_in_radians_s,star_color,star_type,star_size)  VALUES ('U2002V2018', 'U2002V2018_0', 2.7054545454545456E11, 1810000.0, 'F', 349.0, 'blue.sg.i ', 'o8', 116.66666666666667);


INSERT INTO StarRep (System_id,cluster_id,distance_clust_virt_centre,luminosity,no_planets_allowed,angle_in_radians_s,star_color,star_type,star_size)  VALUES ('U2002V2018', 'U2002V2018_2', 4.1333333333333336E10, 0.282, 'F', 119.0, 'orng.mains', 'k2', 1.0830000000000002);


INSERT INTO StarRep (System_id,cluster_id,distance_clust_virt_centre,luminosity,no_planets_allowed,angle_in_radians_s,star_color,star_type,star_size)  VALUES ('U2002V2018', 'U2002V2018_3', 3.3066666666666668E10, 0.2244, 'F', 72.0, 'orng.subdw', 'k8', 4.680000000000001);


INSERT INTO ClusterRep (System_id,distance_sys_virt_centre,planetsAllowed,cluster_id,angle_in_radians,cluster_description,number_stars_in_cluster)  VALUES ('U2002V2018', 3.146057142857143E12, 'F', 'U2002V2018_3', 2.4439394447161398, 'Cluster Number: 3 FIVESTAR_FOURSTARSPREADPLUSONE', 1);


INSERT INTO SystemRep (System_id, distance_to_galaxy_centre, ucoordinate, vcoordinate) VALUES ('U2014V2004', 3.3821214423166296E16, 2014.0, 2004.0);


INSERT INTO SystemRep (System_id, distance_to_galaxy_centre, ucoordinate, vcoordinate) VALUES ('U2002V2017', 3.382976269565437E16, 2002.0, 2017.0);


INSERT INTO StarRep (System_id,cluster_id,distance_clust_virt_centre,luminosity,no_planets_allowed,angle_in_radians_s,star_color,star_type,star_size)  VALUES ('U2002V2017', 'U2002V2017_0', 3.1326315789473682E10, 2.7994171732989652E-5, 'F', 87.0, 'red_.dwarf', 'dm', 0.6413333333333334);


INSERT INTO StarRep (System_id,cluster_id,distance_clust_virt_centre,luminosity,no_planets_allowed,angle_in_radians_s,star_color,star_type,star_size)  VALUES ('U2002V2017', 'U2002V2017_0', 1.566315789473684E11, 495.0, 'F', 340.0, 'ltbl.mains', 'b8', 28.8);


INSERT INTO StarRep (System_id,cluster_id,distance_clust_virt_centre,luminosity,no_planets_allowed,angle_in_radians_s,star_color,star_type,star_size)  VALUES ('U2002V2017', 'U2002V2017_0', 3.72E10, 13.46977764240688, 'F', 9.0, 'whit.mains', 'a7', 34.199999999999996);


INSERT INTO StarRep (System_id,cluster_id,distance_clust_virt_centre,luminosity,no_planets_allowed,angle_in_radians_s,star_color,star_type,star_size)  VALUES ('U2002V2017', 'U2002V2017_0', 1.6533333333333334E11, 89.96610094632112, 'F', 153.0, 'whit.mains', 'a0', 30.0);


INSERT INTO StarRep (System_id,cluster_id,distance_clust_virt_centre,luminosity,no_planets_allowed,angle_in_radians_s,star_color,star_type,star_size)  VALUES ('U2002V2017', 'U2002V2017_2', 3.4206896551724136E10, 1.0, 'F', 82.0, 'yelo.mains', 'g2', 43.199999999999996);


INSERT INTO StarRep (System_id,cluster_id,distance_clust_virt_centre,luminosity,no_planets_allowed,angle_in_radians_s,star_color,star_type,star_size)  VALUES ('U2002V2017', 'U2002V2017_3', 5.044067796610169E10, 0.0134, 'F', 161.0, 'red_.mains', 'm7', 0.12183333333333335);


INSERT INTO ClusterRep (System_id,distance_sys_virt_centre,planetsAllowed,cluster_id,angle_in_radians,cluster_description,number_stars_in_cluster)  VALUES ('U2002V2017', 3.2594285714285713E12, 'F', 'U2002V2017_3', 0.22773282191486766, 'Cluster Number: 3 FIVESTAR_FOURSTARSPREADPLUSONE', 1);


INSERT INTO SystemRep (System_id, distance_to_galaxy_centre, ucoordinate, vcoordinate) VALUES ('U2014V2003', 3.3812819052206812E16, 2014.0, 2003.0);


INSERT INTO StarRep (System_id,cluster_id,distance_clust_virt_centre,luminosity,no_planets_allowed,angle_in_radians_s,star_color,star_type,star_size)  VALUES ('U2014V2003', 'U2014V2003_0', 3.91578947368421E10, 382.20342661206325, 'F', 111.0, 'orng.gi.i ', 'k7', 8.28);


INSERT INTO ClusterRep (System_id,distance_sys_virt_centre,planetsAllowed,cluster_id,angle_in_radians,cluster_description,number_stars_in_cluster)  VALUES ('U2014V2003', 4.251428571428571E11, 'T', 'U2014V2003_0', 4.136430327226561, 'Cluster Number: 0 SINGLESTAR', 1);


INSERT INTO SystemRep (System_id, distance_to_galaxy_centre, ucoordinate, vcoordinate) VALUES ('U2002V2016', 3.3821314978991576E16, 2002.0, 2016.0);


INSERT INTO SystemRep (System_id, distance_to_galaxy_centre, ucoordinate, vcoordinate) VALUES ('U2014V2002', 3.380442578815975E16, 2014.0, 2002.0);


INSERT INTO StarRep (System_id,cluster_id,distance_clust_virt_centre,luminosity,no_planets_allowed,angle_in_radians_s,star_color,star_type,star_size)  VALUES ('U2014V2002', 'U2014V2002_0', 3.815384615384615E10, 0.09104265734904775, 'F', 151.0, 'red_.mains', 'm0', 1.255);


INSERT INTO ClusterRep (System_id,distance_sys_virt_centre,planetsAllowed,cluster_id,angle_in_radians,cluster_description,number_stars_in_cluster)  VALUES ('U2014V2002', 6.841379310344827E10, 'T', 'U2014V2002_0', 3.2812189937493397, 'Cluster Number: 0 SINGLESTAR', 1);


INSERT INTO SystemRep (System_id, distance_to_galaxy_centre, ucoordinate, vcoordinate) VALUES ('U2002V2015', 3.3812869342640296E16, 2002.0, 2015.0);


INSERT INTO SystemRep (System_id, distance_to_galaxy_centre, ucoordinate, vcoordinate) VALUES ('U2014V2001', 3.379603463259487E16, 2014.0, 2001.0);


INSERT INTO StarRep (System_id,cluster_id,distance_clust_virt_centre,luminosity,no_planets_allowed,angle_in_radians_s,star_color,star_type,star_size)  VALUES ('U2014V2001', 'U2014V2001_0', 2.7054545454545456E11, 2.32, 'F', 18.0, 'pyel.mains', 'f6', 39.6);


INSERT INTO ClusterRep (System_id,distance_sys_virt_centre,planetsAllowed,cluster_id,angle_in_radians,cluster_description,number_stars_in_cluster)  VALUES ('U2014V2001', 1.984E11, 'T', 'U2014V2001_0', 3.560471674068432, 'Cluster Number: 0 SINGLESTAR', 1);


INSERT INTO SystemRep (System_id, distance_to_galaxy_centre, ucoordinate, vcoordinate) VALUES ('U2002V2014', 3.380442578815975E16, 2002.0, 2014.0);


INSERT INTO StarRep (System_id,cluster_id,distance_clust_virt_centre,luminosity,no_planets_allowed,angle_in_radians_s,star_color,star_type,star_size)  VALUES ('U2002V2014', 'U2002V2014_0', 9.92E10, 2.3008554215872823, 'F', 353.0, 'pyel.mains', 'f6', 39.6);


INSERT INTO StarRep (System_id,cluster_id,distance_clust_virt_centre,luminosity,no_planets_allowed,angle_in_radians_s,star_color,star_type,star_size)  VALUES ('U2002V2014', 'U2002V2014_0', 6.920930232558139E10, 1.0, 'F', 337.0, 'yelo.mains', 'g2', 43.199999999999996);


INSERT INTO StarRep (System_id,cluster_id,distance_clust_virt_centre,luminosity,no_planets_allowed,angle_in_radians_s,star_color,star_type,star_size)  VALUES ('U2002V2014', 'U2002V2014_0', 7.085714285714285E10, 0.0912, 'F', 59.0, 'red_.mains', 'm0', 1.255);


INSERT INTO StarRep (System_id,cluster_id,distance_clust_virt_centre,luminosity,no_planets_allowed,angle_in_radians_s,star_color,star_type,star_size)  VALUES ('U2002V2014', 'U2002V2014_0', 5.1310344827586205E10, 1.195099948034025, 'F', 54.0, 'yelo.mains', 'g0', 42.0);


INSERT INTO StarRep (System_id,cluster_id,distance_clust_virt_centre,luminosity,no_planets_allowed,angle_in_radians_s,star_color,star_type,star_size)  VALUES ('U2002V2014', 'U2002V2014_2', 2.48E11, 3.55E-5, 'F', 41.0, 'orng.dwarf', 'dk', 0.598);


INSERT INTO StarRep (System_id,cluster_id,distance_clust_virt_centre,luminosity,no_planets_allowed,angle_in_radians_s,star_color,star_type,star_size)  VALUES ('U2002V2014', 'U2002V2014_3', 7.44E10, 0.408, 'F', 187.0, 'yelo.mains', 'g9', 47.4);


INSERT INTO ClusterRep (System_id,distance_sys_virt_centre,planetsAllowed,cluster_id,angle_in_radians,cluster_description,number_stars_in_cluster)  VALUES ('U2002V2014', 3.517090909090909E12, 'F', 'U2002V2014_3', 0.8570402359425889, 'Cluster Number: 3 FIVESTAR_FOURSTARSPREADPLUSONE', 1);


INSERT INTO SystemRep (System_id, distance_to_galaxy_centre, ucoordinate, vcoordinate) VALUES ('U2014V2000', 3.37876455870831E16, 2014.0, 2000.0);


INSERT INTO SystemRep (System_id, distance_to_galaxy_centre, ucoordinate, vcoordinate) VALUES ('U2010V2009', 3.382952812352097E16, 2010.0, 2009.0);


INSERT INTO StarRep (System_id,cluster_id,distance_clust_virt_centre,luminosity,no_planets_allowed,angle_in_radians_s,star_color,star_type,star_size)  VALUES ('U2010V2009', 'U2010V2009_0', 3.585542168674699E10, 0.12270371801527097, 'F', 212.0, 'orng.mains', 'k8', 1.2120000000000002);


INSERT INTO ClusterRep (System_id,distance_sys_virt_centre,planetsAllowed,cluster_id,angle_in_radians,cluster_description,number_stars_in_cluster)  VALUES ('U2010V2009', 7.63076923076923E10, 'T', 'U2010V2009_0', 4.276056667386107, 'Cluster Number: 0 SINGLESTAR', 1);


INSERT INTO SystemRep (System_id, distance_to_galaxy_centre, ucoordinate, vcoordinate) VALUES ('U2002V2013', 3.379598431711034E16, 2002.0, 2013.0);


INSERT INTO StarRep (System_id,cluster_id,distance_clust_virt_centre,luminosity,no_planets_allowed,angle_in_radians_s,star_color,star_type,star_size)  VALUES ('U2002V2013', 'U2002V2013_0', 7.44E10, 983600.0300018855, 'F', 102.0, 'blue.gi.ii', 'o8', 40.0);


INSERT INTO StarRep (System_id,cluster_id,distance_clust_virt_centre,luminosity,no_planets_allowed,angle_in_radians_s,star_color,star_type,star_size)  VALUES ('U2002V2013', 'U2002V2013_0', 3.3066666666666668E10, 3.6491629545769424E-5, 'F', 32.0, 'orng.dwarf', 'dk', 0.5806666666666667);


INSERT INTO StarRep (System_id,cluster_id,distance_clust_virt_centre,luminosity,no_planets_allowed,angle_in_radians_s,star_color,star_type,star_size)  VALUES ('U2002V2013', 'U2002V2013_0', 5.044067796610169E10, 0.2151709508586137, 'F', 37.0, 'orng.mains', 'k4', 1.126);


INSERT INTO StarRep (System_id,cluster_id,distance_clust_virt_centre,luminosity,no_planets_allowed,angle_in_radians_s,star_color,star_type,star_size)  VALUES ('U2002V2013', 'U2002V2013_0', 5.615094339622642E10, 0.0466, 'F', 253.0, 'red_.mains', 'm3', 0.09316666666666662);


INSERT INTO StarRep (System_id,cluster_id,distance_clust_virt_centre,luminosity,no_planets_allowed,angle_in_radians_s,star_color,star_type,star_size)  VALUES ('U2002V2013', 'U2002V2013_0', 4.441791044776119E10, 0.16149220516241644, 'F', 256.0, 'orng.mains', 'k6', 1.169);


INSERT INTO StarRep (System_id,cluster_id,distance_clust_virt_centre,luminosity,no_planets_allowed,angle_in_radians_s,star_color,star_type,star_size)  VALUES ('U2002V2013', 'U2002V2013_2', 3.72E11, 2.6988935466145027E-5, 'F', 88.0, 'red_.dwarf', 'dm', 0.6586666666666666);


INSERT INTO StarRep (System_id,cluster_id,distance_clust_virt_centre,luminosity,no_planets_allowed,angle_in_radians_s,star_color,star_type,star_size)  VALUES ('U2002V2013', 'U2002V2013_3', 3.381818181818182E10, 84745.96281804405, 'F', 82.0, 'red_.sg.i ', 'm5', 36.666666666666664);


INSERT INTO StarRep (System_id,cluster_id,distance_clust_virt_centre,luminosity,no_planets_allowed,angle_in_radians_s,star_color,star_type,star_size)  VALUES ('U2002V2013', 'U2002V2013_4', 7.44E10, 1710.0, 'F', 12.0, 'red_.gi.i ', 'm4', 10.426666666666666);


INSERT INTO ClusterRep (System_id,distance_sys_virt_centre,planetsAllowed,cluster_id,angle_in_radians,cluster_description,number_stars_in_cluster)  VALUES ('U2002V2013', 7.002352941176471E10, 'F', 'U2002V2013_4', 1.7278759594743864, 'Cluster Number: 4 FIVESTAR_SPREAD', 1);


INSERT INTO SystemRep (System_id, distance_to_galaxy_centre, ucoordinate, vcoordinate) VALUES ('U2010V2008', 3.3821113867042052E16, 2010.0, 2008.0);


INSERT INTO StarRep (System_id,cluster_id,distance_clust_virt_centre,luminosity,no_planets_allowed,angle_in_radians_s,star_color,star_type,star_size)  VALUES ('U2010V2008', 'U2010V2008_0', 1.7505882352941177E11, 0.333, 'F', 79.0, 'orng.mains', 'k1', 1.0615);


INSERT INTO ClusterRep (System_id,distance_sys_virt_centre,planetsAllowed,cluster_id,angle_in_radians,cluster_description,number_stars_in_cluster)  VALUES ('U2010V2008', 2.834285714285714E11, 'T', 'U2010V2008_0', 4.5553093477052, 'Cluster Number: 0 SINGLESTAR', 1);


INSERT INTO SystemRep (System_id, distance_to_galaxy_centre, ucoordinate, vcoordinate) VALUES ('U2002V2012', 3.378754493105363E16, 2002.0, 2012.0);


INSERT INTO SystemRep (System_id, distance_to_galaxy_centre, ucoordinate, vcoordinate) VALUES ('U2010V2007', 3.3812701707571136E16, 2010.0, 2007.0);


INSERT INTO StarRep (System_id,cluster_id,distance_clust_virt_centre,luminosity,no_planets_allowed,angle_in_radians_s,star_color,star_type,star_size)  VALUES ('U2010V2007', 'U2010V2007_0', 5.835294117647059E10, 0.0276, 'F', 345.0, 'red_.mains', 'm5', 0.10750000000000004);


INSERT INTO ClusterRep (System_id,distance_sys_virt_centre,planetsAllowed,cluster_id,angle_in_radians,cluster_description,number_stars_in_cluster)  VALUES ('U2010V2007', 1.6533333333333334E11, 'T', 'U2010V2007_0', 3.9968039870670142, 'Cluster Number: 0 SINGLESTAR', 1);


INSERT INTO SystemRep (System_id, distance_to_galaxy_centre, ucoordinate, vcoordinate) VALUES ('U2002V2011', 3.3779107631552376E16, 2002.0, 2011.0);


INSERT INTO SystemRep (System_id, distance_to_galaxy_centre, ucoordinate, vcoordinate) VALUES ('U2010V2006', 3.380429164667374E16, 2010.0, 2006.0);


INSERT INTO StarRep (System_id,cluster_id,distance_clust_virt_centre,luminosity,no_planets_allowed,angle_in_radians_s,star_color,star_type,star_size)  VALUES ('U2010V2006', 'U2010V2006_0', 1.984E11, 1.317599015083287E-4, 'F', 39.0, 'pyel.dwarf', 'df', 0.4073333333333333);


INSERT INTO ClusterRep (System_id,distance_sys_virt_centre,planetsAllowed,cluster_id,angle_in_radians,cluster_description,number_stars_in_cluster)  VALUES ('U2010V2006', 1.2663829787234042E11, 'T', 'U2010V2006_0', 5.410520681182422, 'Cluster Number: 0 SINGLESTAR', 1);


INSERT INTO SystemRep (System_id, distance_to_galaxy_centre, ucoordinate, vcoordinate) VALUES ('U2002V2010', 3.3770672420170492E16, 2002.0, 2010.0);


INSERT INTO StarRep (System_id,cluster_id,distance_clust_virt_centre,luminosity,no_planets_allowed,angle_in_radians_s,star_color,star_type,star_size)  VALUES ('U2002V2010', 'U2002V2010_0', 3.968E10, 0.333, 'F', 9.0, 'orng.mains', 'k1', 1.0615);


INSERT INTO StarRep (System_id,cluster_id,distance_clust_virt_centre,luminosity,no_planets_allowed,angle_in_radians_s,star_color,star_type,star_size)  VALUES ('U2002V2010', 'U2002V2010_0', 1.86E11, 9755.987009350936, 'F', 29.0, 'ltbl.gi.ii', 'b7', 51.333333333333336);


INSERT INTO StarRep (System_id,cluster_id,distance_clust_virt_centre,luminosity,no_planets_allowed,angle_in_radians_s,star_color,star_type,star_size)  VALUES ('U2002V2010', 'U2002V2010_0', 1.417142857142857E11, 2.8E-5, 'F', 87.0, 'red_.dwarf', 'dm', 0.6413333333333334);


INSERT INTO StarRep (System_id,cluster_id,distance_clust_virt_centre,luminosity,no_planets_allowed,angle_in_radians_s,star_color,star_type,star_size)  VALUES ('U2002V2010', 'U2002V2010_0', 3.2E10, 0.0134, 'F', 155.0, 'red_.mains', 'm7', 0.12183333333333335);


INSERT INTO StarRep (System_id,cluster_id,distance_clust_virt_centre,luminosity,no_planets_allowed,angle_in_radians_s,star_color,star_type,star_size)  VALUES ('U2002V2010', 'U2002V2010_0', 1.0628571428571428E11, 60.0, 'F', 203.0, 'whit.mains', 'a2', 31.200000000000003);


INSERT INTO StarRep (System_id,cluster_id,distance_clust_virt_centre,luminosity,no_planets_allowed,angle_in_radians_s,star_color,star_type,star_size)  VALUES ('U2002V2010', 'U2002V2010_2', 5.835294117647059E10, 1.1998305593321938, 'F', 101.0, 'yelo.mains', 'g0', 42.0);


INSERT INTO StarRep (System_id,cluster_id,distance_clust_virt_centre,luminosity,no_planets_allowed,angle_in_radians_s,star_color,star_type,star_size)  VALUES ('U2002V2010', 'U2002V2010_3', 4.878688524590164E10, 0.3365258143419, 'F', 53.0, 'red_.mains', 'm9', 0.13616666666666666);


INSERT INTO StarRep (System_id,cluster_id,distance_clust_virt_centre,luminosity,no_planets_allowed,angle_in_radians_s,star_color,star_type,star_size)  VALUES ('U2002V2010', 'U2002V2010_4', 3.585542168674699E10, 3.3857454386610892, 'F', 343.0, 'ltbl.subdw', 'b9', 0.2795000000000001);


INSERT INTO ClusterRep (System_id,distance_sys_virt_centre,planetsAllowed,cluster_id,angle_in_radians,cluster_description,number_stars_in_cluster)  VALUES ('U2002V2010', 7.085714285714285E10, 'F', 'U2002V2010_4', 3.787364476827695, 'Cluster Number: 4 FIVESTAR_SPREAD', 1);


INSERT INTO SystemRep (System_id, distance_to_galaxy_centre, ucoordinate, vcoordinate) VALUES ('U2010V2005', 3.3795883685916544E16, 2010.0, 2005.0);


INSERT INTO StarRep (System_id,cluster_id,distance_clust_virt_centre,luminosity,no_planets_allowed,angle_in_radians_s,star_color,star_type,star_size)  VALUES ('U2010V2005', 'U2010V2005_0', 6.331914893617021E10, 0.0466, 'F', 265.0, 'red_.mains', 'm3', 0.09316666666666662);


INSERT INTO ClusterRep (System_id,distance_sys_virt_centre,planetsAllowed,cluster_id,angle_in_radians,cluster_description,number_stars_in_cluster)  VALUES ('U2010V2005', 6.687640449438202E10, 'T', 'U2010V2005_0', 5.689773361501514, 'Cluster Number: 0 SINGLESTAR', 1);


INSERT INTO SystemRep (System_id, distance_to_galaxy_centre, ucoordinate, vcoordinate) VALUES ('U2010V2004', 3.37874778268674E16, 2010.0, 2004.0);


INSERT INTO StarRep (System_id,cluster_id,distance_clust_virt_centre,luminosity,no_planets_allowed,angle_in_radians_s,star_color,star_type,star_size)  VALUES ('U2010V2004', 'U2010V2004_0', 6.073469387755102E10, 140885.30367775887, 'F', 305.0, 'blue.mains', 'o8', 5.166666666666667);


INSERT INTO ClusterRep (System_id,distance_sys_virt_centre,planetsAllowed,cluster_id,angle_in_radians,cluster_description,number_stars_in_cluster)  VALUES ('U2010V2004', 9.6E10, 'T', 'U2010V2004_0', 4.834562028024293, 'Cluster Number: 0 SINGLESTAR', 1);


INSERT INTO SystemRep (System_id, distance_to_galaxy_centre, ucoordinate, vcoordinate) VALUES ('U2010V2003', 3.3779074071095316E16, 2010.0, 2003.0);


INSERT INTO StarRep (System_id,cluster_id,distance_clust_virt_centre,luminosity,no_planets_allowed,angle_in_radians_s,star_color,star_type,star_size)  VALUES ('U2010V2003', 'U2010V2003_0', 3.629268292682927E10, 1.69E8, 'F', 172.0, 'blue.sg.ii', 'o8', 12.0);


INSERT INTO ClusterRep (System_id,distance_sys_virt_centre,planetsAllowed,cluster_id,angle_in_radians,cluster_description,number_stars_in_cluster)  VALUES ('U2010V2003', 1.1904E12, 'T', 'U2010V2003_0', 5.131268000863329, 'Cluster Number: 0 SINGLESTAR', 1);


INSERT INTO SystemRep (System_id, distance_to_galaxy_centre, ucoordinate, vcoordinate) VALUES ('U2010V2002', 3.3770672420170492E16, 2010.0, 2002.0);


INSERT INTO StarRep (System_id,cluster_id,distance_clust_virt_centre,luminosity,no_planets_allowed,angle_in_radians_s,star_color,star_type,star_size)  VALUES ('U2010V2002', 'U2010V2002_0', 6.6133333333333336E10, 4.37, 'F', 226.0, 'pyel.mains', 'f3', 37.800000000000004);


INSERT INTO ClusterRep (System_id,distance_sys_virt_centre,planetsAllowed,cluster_id,angle_in_radians,cluster_description,number_stars_in_cluster)  VALUES ('U2010V2002', 3.72E11, 'T', 'U2010V2002_0', 0.2617993877991494, 'Cluster Number: 0 SINGLESTAR', 1);


INSERT INTO SystemRep (System_id, distance_to_galaxy_centre, ucoordinate, vcoordinate) VALUES ('U2010V2001', 3.376227287566428E16, 2010.0, 2001.0);


INSERT INTO SystemRep (System_id, distance_to_galaxy_centre, ucoordinate, vcoordinate) VALUES ('U2010V2000', 3.3753875439149204E16, 2010.0, 2000.0);


INSERT INTO StarRep (System_id,cluster_id,distance_clust_virt_centre,luminosity,no_planets_allowed,angle_in_radians_s,star_color,star_type,star_size)  VALUES ('U2010V2000', 'U2010V2000_0', 3.815384615384615E10, 527834.8859983485, 'F', 92.0, 'blue.sg.i ', 'o8', 130.0);


INSERT INTO ClusterRep (System_id,distance_sys_virt_centre,planetsAllowed,cluster_id,angle_in_radians,cluster_description,number_stars_in_cluster)  VALUES ('U2010V2000', 1.0262068965517241E11, 'T', 'U2010V2000_0', 0.5410520681182421, 'Cluster Number: 0 SINGLESTAR', 1);


INSERT INTO SystemRep (System_id, distance_to_galaxy_centre, ucoordinate, vcoordinate) VALUES ('U2015V2019', 3.3955804756073388E16, 2015.0, 2019.0);


INSERT INTO StarRep (System_id,cluster_id,distance_clust_virt_centre,luminosity,no_planets_allowed,angle_in_radians_s,star_color,star_type,star_size)  VALUES ('U2015V2019', 'U2015V2019_0', 9.92E10, 0.216, 'F', 56.0, 'orng.mains', 'k4', 1.126);


INSERT INTO ClusterRep (System_id,distance_sys_virt_centre,planetsAllowed,cluster_id,angle_in_radians,cluster_description,number_stars_in_cluster)  VALUES ('U2015V2019', 9.156923076923077E10, 'T', 'U2015V2019_0', 1.3788101090755203, 'Cluster Number: 0 SINGLESTAR', 1);


INSERT INTO SystemRep (System_id, distance_to_galaxy_centre, ucoordinate, vcoordinate) VALUES ('U2015V2018', 3.39473800561337E16, 2015.0, 2018.0);


INSERT INTO StarRep (System_id,cluster_id,distance_clust_virt_centre,luminosity,no_planets_allowed,angle_in_radians_s,star_color,star_type,star_size)  VALUES ('U2015V2018', 'U2015V2018_0', 9.3E10, 97956.43957401428, 'F', 96.0, 'ltbl.sg.i ', 'b4', 20.0);


INSERT INTO ClusterRep (System_id,distance_sys_virt_centre,planetsAllowed,cluster_id,angle_in_radians,cluster_description,number_stars_in_cluster)  VALUES ('U2015V2018', 1.526153846153846E11, 'T', 'U2015V2018_0', 0.5235987755982988, 'Cluster Number: 0 SINGLESTAR', 1);


INSERT INTO SystemRep (System_id, distance_to_galaxy_centre, ucoordinate, vcoordinate) VALUES ('U2015V2017', 3.3938957440219404E16, 2015.0, 2017.0);


INSERT INTO StarRep (System_id,cluster_id,distance_clust_virt_centre,luminosity,no_planets_allowed,angle_in_radians_s,star_color,star_type,star_size)  VALUES ('U2015V2017', 'U2015V2017_0', 4.65E10, 0.2244, 'F', 322.0, 'orng.subdw', 'k8', 4.680000000000001);


INSERT INTO ClusterRep (System_id,distance_sys_virt_centre,planetsAllowed,cluster_id,angle_in_radians,cluster_description,number_stars_in_cluster)  VALUES ('U2015V2017', 7.44E10, 'T', 'U2015V2017_0', 0.8028514559173915, 'Cluster Number: 0 SINGLESTAR', 1);


INSERT INTO SystemRep (System_id, distance_to_galaxy_centre, ucoordinate, vcoordinate) VALUES ('U2015V2016', 3.393053690988246E16, 2015.0, 2016.0);


INSERT INTO SystemRep (System_id, distance_to_galaxy_centre, ucoordinate, vcoordinate) VALUES ('U2015V2015', 3.3922118466675988E16, 2015.0, 2015.0);


INSERT INTO SystemRep (System_id, distance_to_galaxy_centre, ucoordinate, vcoordinate) VALUES ('U2015V2014', 3.3913702112154256E16, 2015.0, 2014.0);


INSERT INTO StarRep (System_id,cluster_id,distance_clust_virt_centre,luminosity,no_planets_allowed,angle_in_radians_s,star_color,star_type,star_size)  VALUES ('U2015V2014', 'U2015V2014_0', 1.0628571428571428E11, 60940.651891992115, 'F', 16.0, 'pyel.sg.ii', 'f0', 30.0);


INSERT INTO ClusterRep (System_id,distance_sys_virt_centre,planetsAllowed,cluster_id,angle_in_radians,cluster_description,number_stars_in_cluster)  VALUES ('U2015V2014', 6.540659340659341E10, 'T', 'U2015V2014_0', 2.2165681500327987, 'Cluster Number: 0 SINGLESTAR', 1);


INSERT INTO SystemRep (System_id, distance_to_galaxy_centre, ucoordinate, vcoordinate) VALUES ('U2015V2013', 3.3905287847872696E16, 2015.0, 2013.0);


INSERT INTO StarRep (System_id,cluster_id,distance_clust_virt_centre,luminosity,no_planets_allowed,angle_in_radians_s,star_color,star_type,star_size)  VALUES ('U2015V2013', 'U2015V2013_0', 4.8E10, 0.40781858120332987, 'F', 283.0, 'yelo.mains', 'g9', 47.4);


INSERT INTO ClusterRep (System_id,distance_sys_virt_centre,planetsAllowed,cluster_id,angle_in_radians,cluster_description,number_stars_in_cluster)  VALUES ('U2015V2013', 7.44E11, 'T', 'U2015V2013_0', 1.6580627893946132, 'Cluster Number: 0 SINGLESTAR', 1);


INSERT INTO SystemRep (System_id, distance_to_galaxy_centre, ucoordinate, vcoordinate) VALUES ('U2015V2012', 3.3896875675387904E16, 2015.0, 2012.0);


INSERT INTO SystemRep (System_id, distance_to_galaxy_centre, ucoordinate, vcoordinate) VALUES ('U2015V2011', 3.3888465596257616E16, 2015.0, 2011.0);


INSERT INTO SystemRep (System_id, distance_to_galaxy_centre, ucoordinate, vcoordinate) VALUES ('U2015V2010', 3.3880057612040744E16, 2015.0, 2010.0);


INSERT INTO StarRep (System_id,cluster_id,distance_clust_virt_centre,luminosity,no_planets_allowed,angle_in_radians_s,star_color,star_type,star_size)  VALUES ('U2015V2010', 'U2015V2010_0', 3.1659574468085106E10, 7.65, 'F', 149.0, 'pyel.mains', 'f1', 36.599999999999994);


INSERT INTO ClusterRep (System_id,distance_sys_virt_centre,planetsAllowed,cluster_id,angle_in_radians,cluster_description,number_stars_in_cluster)  VALUES ('U2015V2010', 1.2146938775510204E11, 'T', 'U2015V2010_0', 1.9373154697137058, 'Cluster Number: 0 SINGLESTAR', 1);


INSERT INTO SystemRep (System_id, distance_to_galaxy_centre, ucoordinate, vcoordinate) VALUES ('U2009V2019', 3.3905388154354936E16, 2009.0, 2019.0);


INSERT INTO StarRep (System_id,cluster_id,distance_clust_virt_centre,luminosity,no_planets_allowed,angle_in_radians_s,star_color,star_type,star_size)  VALUES ('U2009V2019', 'U2009V2019_0', 3.72E10, 0.216, 'F', 132.0, 'orng.mains', 'k4', 1.126);


INSERT INTO ClusterRep (System_id,distance_sys_virt_centre,planetsAllowed,cluster_id,angle_in_radians,cluster_description,number_stars_in_cluster)  VALUES ('U2009V2019', 1.92E11, 'T', 'U2009V2019_0', 5.969026041820607, 'Cluster Number: 0 SINGLESTAR', 1);


INSERT INTO SystemRep (System_id, distance_to_galaxy_centre, ucoordinate, vcoordinate) VALUES ('U2009V2018', 3.389695092394713E16, 2009.0, 2018.0);


INSERT INTO StarRep (System_id,cluster_id,distance_clust_virt_centre,luminosity,no_planets_allowed,angle_in_radians_s,star_color,star_type,star_size)  VALUES ('U2009V2018', 'U2009V2018_0', 2.2892307692307693E11, 0.4060802056377713, 'F', 359.0, 'yelo.mains', 'g9', 47.4);


INSERT INTO ClusterRep (System_id,distance_sys_virt_centre,planetsAllowed,cluster_id,angle_in_radians,cluster_description,number_stars_in_cluster)  VALUES ('U2009V2018', 8.153424657534247E10, 'T', 'U2009V2018_0', 6.2482787221397, 'Cluster Number: 0 SINGLESTAR', 1);


INSERT INTO SystemRep (System_id, distance_to_galaxy_centre, ucoordinate, vcoordinate) VALUES ('U2009V2017', 3.3888515774431904E16, 2009.0, 2017.0);


INSERT INTO StarRep (System_id,cluster_id,distance_clust_virt_centre,luminosity,no_planets_allowed,angle_in_radians_s,star_color,star_type,star_size)  VALUES ('U2009V2017', 'U2009V2017_0', 2.976E11, 0.2152304004478459, 'F', 189.0, 'orng.mains', 'k4', 1.126);


INSERT INTO ClusterRep (System_id,distance_sys_virt_centre,planetsAllowed,cluster_id,angle_in_radians,cluster_description,number_stars_in_cluster)  VALUES ('U2009V2017', 3.306666666666667E11, 'T', 'U2009V2017_0', 3.787364476827695, 'Cluster Number: 0 SINGLESTAR', 1);


INSERT INTO SystemRep (System_id, distance_to_galaxy_centre, ucoordinate, vcoordinate) VALUES ('U2009V2016', 3.388008270736351E16, 2009.0, 2016.0);


INSERT INTO StarRep (System_id,cluster_id,distance_clust_virt_centre,luminosity,no_planets_allowed,angle_in_radians_s,star_color,star_type,star_size)  VALUES ('U2009V2016', 'U2009V2016_0', 2.48E11, 54156.630346654725, 'F', 229.0, 'red_.sg.i ', 'm1', 34.0);


INSERT INTO ClusterRep (System_id,distance_sys_virt_centre,planetsAllowed,cluster_id,angle_in_radians,cluster_description,number_stars_in_cluster)  VALUES ('U2009V2016', 6.540659340659341E10, 'T', 'U2009V2016_0', 2.949606435870417, 'Cluster Number: 0 SINGLESTAR', 1);


INSERT INTO SystemRep (System_id, distance_to_galaxy_centre, ucoordinate, vcoordinate) VALUES ('U2009V2015', 3.3871651724297356E16, 2009.0, 2015.0);


INSERT INTO StarRep (System_id,cluster_id,distance_clust_virt_centre,luminosity,no_planets_allowed,angle_in_radians_s,star_color,star_type,star_size)  VALUES ('U2009V2015', 'U2009V2015_0', 6.6133333333333336E10, 0.009090660242644561, 'F', 95.0, 'ltbl.dwarf', 'db', 0.05606666666666671);


INSERT INTO ClusterRep (System_id,distance_sys_virt_centre,planetsAllowed,cluster_id,angle_in_radians,cluster_description,number_stars_in_cluster)  VALUES ('U2009V2015', 1.7505882352941177E11, 'T', 'U2009V2015_0', 3.2288591161895095, 'Cluster Number: 0 SINGLESTAR', 1);


INSERT INTO SystemRep (System_id, distance_to_galaxy_centre, ucoordinate, vcoordinate) VALUES ('U2009V2014', 3.386322282679001E16, 2009.0, 2014.0);


INSERT INTO SystemRep (System_id, distance_to_galaxy_centre, ucoordinate, vcoordinate) VALUES ('U2009V2013', 3.3854796016399212E16, 2009.0, 2013.0);


INSERT INTO SystemRep (System_id, distance_to_galaxy_centre, ucoordinate, vcoordinate) VALUES ('U2009V2012', 3.3846371294683864E16, 2009.0, 2012.0);


INSERT INTO SystemRep (System_id, distance_to_galaxy_centre, ucoordinate, vcoordinate) VALUES ('U2009V2011', 3.3837948663204036E16, 2009.0, 2011.0);


INSERT INTO StarRep (System_id,cluster_id,distance_clust_virt_centre,luminosity,no_planets_allowed,angle_in_radians_s,star_color,star_type,star_size)  VALUES ('U2009V2011', 'U2009V2011_0', 7.258536585365854E10, 0.5276551580297963, 'F', 16.0, 'yelo.subdw', 'g5', 3.9);


INSERT INTO ClusterRep (System_id,distance_sys_virt_centre,planetsAllowed,cluster_id,angle_in_radians,cluster_description,number_stars_in_cluster)  VALUES ('U2009V2011', 6.920930232558139E10, 'T', 'U2009V2011_0', 4.921828490624009, 'Cluster Number: 0 SINGLESTAR', 1);


INSERT INTO SystemRep (System_id, distance_to_galaxy_centre, ucoordinate, vcoordinate) VALUES ('U2009V2010', 3.382952812352097E16, 2009.0, 2010.0);


INSERT INTO StarRep (System_id,cluster_id,distance_clust_virt_centre,luminosity,no_planets_allowed,angle_in_radians_s,star_color,star_type,star_size)  VALUES ('U2009V2010', 'U2009V2010_0', 6.920930232558139E10, 0.408, 'F', 56.0, 'yelo.mains', 'g9', 47.4);


INSERT INTO ClusterRep (System_id,distance_sys_virt_centre,planetsAllowed,cluster_id,angle_in_radians,cluster_description,number_stars_in_cluster)  VALUES ('U2009V2010', 9.92E10, 'T', 'U2009V2010_0', 4.084070449666731, 'Cluster Number: 0 SINGLESTAR', 1);


INSERT INTO SystemRep (System_id, distance_to_galaxy_centre, ucoordinate, vcoordinate) VALUES ('U2003V2019', 3.3855047156043364E16, 2003.0, 2019.0);


INSERT INTO StarRep (System_id,cluster_id,distance_clust_virt_centre,luminosity,no_planets_allowed,angle_in_radians_s,star_color,star_type,star_size)  VALUES ('U2003V2019', 'U2003V2019_0', 1.86E11, 0.998238779788677, 'F', 84.0, 'yelo.mains', 'g2', 43.199999999999996);


INSERT INTO StarRep (System_id,cluster_id,distance_clust_virt_centre,luminosity,no_planets_allowed,angle_in_radians_s,star_color,star_type,star_size)  VALUES ('U2003V2019', 'U2003V2019_0', 4.251428571428571E11, 2.32, 'F', 251.0, 'pyel.mains', 'f6', 39.6);


INSERT INTO StarRep (System_id,cluster_id,distance_clust_virt_centre,luminosity,no_planets_allowed,angle_in_radians_s,star_color,star_type,star_size)  VALUES ('U2003V2019', 'U2003V2019_0', 3.2703296703296703E10, 0.0912, 'F', 358.0, 'red_.mains', 'm0', 1.255);


INSERT INTO StarRep (System_id,cluster_id,distance_clust_virt_centre,luminosity,no_planets_allowed,angle_in_radians_s,star_color,star_type,star_size)  VALUES ('U2003V2019', 'U2003V2019_0', 4.1915492957746475E10, 0.07274340393357824, 'F', 230.0, 'red_.mains', 'm1', 0.07883333333333331);


INSERT INTO StarRep (System_id,cluster_id,distance_clust_virt_centre,luminosity,no_planets_allowed,angle_in_radians_s,star_color,star_type,star_size)  VALUES ('U2003V2019', 'U2003V2019_0', 7.085714285714285E10, 43.0, 'F', 149.0, 'pyel.gi.i ', 'f5', 7.1);


INSERT INTO StarRep (System_id,cluster_id,distance_clust_virt_centre,luminosity,no_planets_allowed,angle_in_radians_s,star_color,star_type,star_size)  VALUES ('U2003V2019', 'U2003V2019_2', 4.441791044776119E10, 0.0096, 'F', 231.0, 'red_.mains', 'm9', 0.13616666666666666);


INSERT INTO StarRep (System_id,cluster_id,distance_clust_virt_centre,luminosity,no_planets_allowed,angle_in_radians_s,star_color,star_type,star_size)  VALUES ('U2003V2019', 'U2003V2019_3', 1.24E11, 146.7, 'F', 0.0, 'whit.gi.i ', 'a3', 60.83333333333333);


INSERT INTO StarRep (System_id,cluster_id,distance_clust_virt_centre,luminosity,no_planets_allowed,angle_in_radians_s,star_color,star_type,star_size)  VALUES ('U2003V2019', 'U2003V2019_4', 9.6E10, 0.408, 'F', 305.0, 'yelo.mains', 'g9', 47.4);


INSERT INTO ClusterRep (System_id,distance_sys_virt_centre,planetsAllowed,cluster_id,angle_in_radians,cluster_description,number_stars_in_cluster)  VALUES ('U2003V2019', 8.266666666666667E10, 'F', 'U2003V2019_4', 2.6179938779914944, 'Cluster Number: 4 FIVESTAR_SPREAD', 1);


INSERT INTO SystemRep (System_id, distance_to_galaxy_centre, ucoordinate, vcoordinate) VALUES ('U2003V2018', 3.3846597376707276E16, 2003.0, 2018.0);


INSERT INTO StarRep (System_id,cluster_id,distance_clust_virt_centre,luminosity,no_planets_allowed,angle_in_radians_s,star_color,star_type,star_size)  VALUES ('U2003V2018', 'U2003V2018_0', 6.073469387755102E10, 4.37, 'F', 310.0, 'orng.subgi', 'k7', 2.833333333333333);


INSERT INTO ClusterRep (System_id,distance_sys_virt_centre,planetsAllowed,cluster_id,angle_in_radians,cluster_description,number_stars_in_cluster)  VALUES ('U2003V2018', 7.085714285714285E10, 'T', 'U2003V2018_0', 5.480333851262194, 'Cluster Number: 0 SINGLESTAR', 1);


INSERT INTO SystemRep (System_id, distance_to_galaxy_centre, ucoordinate, vcoordinate) VALUES ('U2003V2017', 3.383814967509849E16, 2003.0, 2017.0);


INSERT INTO StarRep (System_id,cluster_id,distance_clust_virt_centre,luminosity,no_planets_allowed,angle_in_radians_s,star_color,star_type,star_size)  VALUES ('U2003V2017', 'U2003V2017_0', 2.2892307692307693E11, 1.2, 'F', 4.0, 'yelo.mains', 'g0', 42.0);


INSERT INTO ClusterRep (System_id,distance_sys_virt_centre,planetsAllowed,cluster_id,angle_in_radians,cluster_description,number_stars_in_cluster)  VALUES ('U2003V2017', 6.2652631578947365E10, 'T', 'U2003V2017_0', 0.5934119456780721, 'Cluster Number: 0 SINGLESTAR', 1);


INSERT INTO SystemRep (System_id, distance_to_galaxy_centre, ucoordinate, vcoordinate) VALUES ('U2003V2016', 3.3829704052773504E16, 2003.0, 2016.0);


INSERT INTO StarRep (System_id,cluster_id,distance_clust_virt_centre,luminosity,no_planets_allowed,angle_in_radians_s,star_color,star_type,star_size)  VALUES ('U2003V2016', 'U2003V2016_0', 6.6133333333333336E10, 145909.53410430282, 'F', 231.0, 'blue.subgi', 'o8', 30.0);


INSERT INTO ClusterRep (System_id,distance_sys_virt_centre,planetsAllowed,cluster_id,angle_in_radians,cluster_description,number_stars_in_cluster)  VALUES ('U2003V2016', 1.6086486486486487E11, 'T', 'U2003V2016_0', 0.890117918517108, 'Cluster Number: 0 SINGLESTAR', 1);


INSERT INTO SystemRep (System_id, distance_to_galaxy_centre, ucoordinate, vcoordinate) VALUES ('U2003V2015', 3.3821260511289996E16, 2003.0, 2015.0);


INSERT INTO SystemRep (System_id, distance_to_galaxy_centre, ucoordinate, vcoordinate) VALUES ('U2003V2014', 3.3812819052206812E16, 2003.0, 2014.0);


INSERT INTO StarRep (System_id,cluster_id,distance_clust_virt_centre,luminosity,no_planets_allowed,angle_in_radians_s,star_color,star_type,star_size)  VALUES ('U2003V2014', 'U2003V2014_0', 6.331914893617021E10, 0.0734, 'F', 271.0, 'red_.mains', 'm1', 0.07883333333333331);


INSERT INTO ClusterRep (System_id,distance_sys_virt_centre,planetsAllowed,cluster_id,angle_in_radians,cluster_description,number_stars_in_cluster)  VALUES ('U2003V2014', 5.410909090909091E11, 'T', 'U2003V2014_0', 0.03490658503988659, 'Cluster Number: 0 SINGLESTAR', 1);


INSERT INTO SystemRep (System_id, distance_to_galaxy_centre, ucoordinate, vcoordinate) VALUES ('U2003V2013', 3.3804379677083976E16, 2003.0, 2013.0);


INSERT INTO SystemRep (System_id, distance_to_galaxy_centre, ucoordinate, vcoordinate) VALUES ('U2003V2012', 3.379594238748267E16, 2003.0, 2012.0);


INSERT INTO StarRep (System_id,cluster_id,distance_clust_virt_centre,luminosity,no_planets_allowed,angle_in_radians_s,star_color,star_type,star_size)  VALUES ('U2003V2012', 'U2003V2012_0', 1.0628571428571428E11, 0.0134, 'F', 313.0, 'red_.mains', 'm7', 0.12183333333333335);


INSERT INTO StarRep (System_id,cluster_id,distance_clust_virt_centre,luminosity,no_planets_allowed,angle_in_radians_s,star_color,star_type,star_size)  VALUES ('U2003V2012', 'U2003V2012_0', 4.251428571428571E11, 0.123, 'F', 341.0, 'orng.mains', 'k8', 1.2120000000000002);


INSERT INTO StarRep (System_id,cluster_id,distance_clust_virt_centre,luminosity,no_planets_allowed,angle_in_radians_s,star_color,star_type,star_size)  VALUES ('U2003V2012', 'U2003V2012_0', 2.976E12, 2.797628743810813E-5, 'F', 164.0, 'red_.dwarf', 'dm', 0.6413333333333334);


INSERT INTO StarRep (System_id,cluster_id,distance_clust_virt_centre,luminosity,no_planets_allowed,angle_in_radians_s,star_color,star_type,star_size)  VALUES ('U2003V2012', 'U2003V2012_0', 6.331914893617021E10, 0.0912, 'F', 22.0, 'red_.mains', 'm0', 1.255);


INSERT INTO StarRep (System_id,cluster_id,distance_clust_virt_centre,luminosity,no_planets_allowed,angle_in_radians_s,star_color,star_type,star_size)  VALUES ('U2003V2012', 'U2003V2012_2', 3.968E10, 2.6E-5, 'F', 282.0, 'red_.dwarf', 'dm', 0.676);


INSERT INTO StarRep (System_id,cluster_id,distance_clust_virt_centre,luminosity,no_planets_allowed,angle_in_radians_s,star_color,star_type,star_size)  VALUES ('U2003V2012', 'U2003V2012_3', 4.3130434782608696E10, 0.162, 'F', 328.0, 'orng.mains', 'k6', 1.169);


INSERT INTO ClusterRep (System_id,distance_sys_virt_centre,planetsAllowed,cluster_id,angle_in_radians,cluster_description,number_stars_in_cluster)  VALUES ('U2003V2012', 3.1964444444444443E12, 'F', 'U2003V2012_3', 5.567945891362635, 'Cluster Number: 3 FIVESTAR_FOURSTARSPREADPLUSONE', 1);


INSERT INTO SystemRep (System_id, distance_to_galaxy_centre, ucoordinate, vcoordinate) VALUES ('U2003V2011', 3.3787507184965276E16, 2003.0, 2011.0);


INSERT INTO StarRep (System_id,cluster_id,distance_clust_virt_centre,luminosity,no_planets_allowed,angle_in_radians_s,star_color,star_type,star_size)  VALUES ('U2003V2011', 'U2003V2011_0', 4.878688524590164E10, 0.21493028702634795, 'F', 180.0, 'orng.mains', 'k4', 1.126);


INSERT INTO StarRep (System_id,cluster_id,distance_clust_virt_centre,luminosity,no_planets_allowed,angle_in_radians_s,star_color,star_type,star_size)  VALUES ('U2003V2011', 'U2003V2011_0', 3.1659574468085106E10, 2.8E-5, 'F', 343.0, 'red_.dwarf', 'dm', 0.6413333333333334);


INSERT INTO StarRep (System_id,cluster_id,distance_clust_virt_centre,luminosity,no_planets_allowed,angle_in_radians_s,star_color,star_type,star_size)  VALUES ('U2003V2011', 'U2003V2011_0', 1.488E11, 0.027311540668845145, 'F', 319.0, 'red_.mains', 'm5', 0.10750000000000004);


INSERT INTO StarRep (System_id,cluster_id,distance_clust_virt_centre,luminosity,no_planets_allowed,angle_in_radians_s,star_color,star_type,star_size)  VALUES ('U2003V2011', 'U2003V2011_0', 3.91578947368421E10, 32771.29936609528, 'F', 251.0, 'ltbl.sg.i ', 'b7', 27.5);


INSERT INTO StarRep (System_id,cluster_id,distance_clust_virt_centre,luminosity,no_planets_allowed,angle_in_radians_s,star_color,star_type,star_size)  VALUES ('U2003V2011', 'U2003V2011_2', 4.723809523809524E10, 0.04628282368386592, 'F', 123.0, 'red_.mains', 'm3', 0.09316666666666662);


INSERT INTO StarRep (System_id,cluster_id,distance_clust_virt_centre,luminosity,no_planets_allowed,angle_in_radians_s,star_color,star_type,star_size)  VALUES ('U2003V2011', 'U2003V2011_3', 3.815384615384615E10, 3.18, 'F', 136.0, 'pyel.mains', 'f4', 38.4);


INSERT INTO ClusterRep (System_id,distance_sys_virt_centre,planetsAllowed,cluster_id,angle_in_radians,cluster_description,number_stars_in_cluster)  VALUES ('U2003V2011', 3.162E12, 'F', 'U2003V2011_3', 5.2552008354681545, 'Cluster Number: 3 FIVESTAR_FOURSTARSPREADPLUSONE', 1);


INSERT INTO SystemRep (System_id, distance_to_galaxy_centre, ucoordinate, vcoordinate) VALUES ('U2003V2010', 3.3779074071095316E16, 2003.0, 2010.0);


INSERT INTO StarRep (System_id,cluster_id,distance_clust_virt_centre,luminosity,no_planets_allowed,angle_in_radians_s,star_color,star_type,star_size)  VALUES ('U2003V2010', 'U2003V2010_0', 5.2210526315789474E10, 0.0734, 'F', 100.0, 'red_.mains', 'm1', 0.07883333333333331);


INSERT INTO StarRep (System_id,cluster_id,distance_clust_virt_centre,luminosity,no_planets_allowed,angle_in_radians_s,star_color,star_type,star_size)  VALUES ('U2003V2010', 'U2003V2010_0', 1.417142857142857E11, 0.16187163535555193, 'F', 352.0, 'orng.mains', 'k6', 1.169);


INSERT INTO StarRep (System_id,cluster_id,distance_clust_virt_centre,luminosity,no_planets_allowed,angle_in_radians_s,star_color,star_type,star_size)  VALUES ('U2003V2010', 'U2003V2010_0', 8.266666666666667E10, 0.28129276996101826, 'F', 170.0, 'orng.mains', 'k2', 1.0830000000000002);


INSERT INTO StarRep (System_id,cluster_id,distance_clust_virt_centre,luminosity,no_planets_allowed,angle_in_radians_s,star_color,star_type,star_size)  VALUES ('U2003V2010', 'U2003V2010_0', 5.5111111111111115E10, 0.04637206573839088, 'F', 186.0, 'red_.mains', 'm3', 0.09316666666666662);


INSERT INTO StarRep (System_id,cluster_id,distance_clust_virt_centre,luminosity,no_planets_allowed,angle_in_radians_s,star_color,star_type,star_size)  VALUES ('U2003V2010', 'U2003V2010_2', 3.343820224719101E10, 0.18344085130988133, 'F', 245.0, 'blue.dwarf', 'do', 0.030933333333333368);


INSERT INTO StarRep (System_id,cluster_id,distance_clust_virt_centre,luminosity,no_planets_allowed,angle_in_radians_s,star_color,star_type,star_size)  VALUES ('U2003V2010', 'U2003V2010_3', 7.83157894736842E10, 0.282, 'F', 58.0, 'orng.mains', 'k2', 1.0830000000000002);


INSERT INTO ClusterRep (System_id,distance_sys_virt_centre,planetsAllowed,cluster_id,angle_in_radians,cluster_description,number_stars_in_cluster)  VALUES ('U2003V2010', 3.433846153846154E12, 'F', 'U2003V2010_3', 3.3691872445043716, 'Cluster Number: 3 FIVESTAR_FOURSTARSPREADPLUSONE', 1);


INSERT INTO SystemRep (System_id, distance_to_galaxy_centre, ucoordinate, vcoordinate) VALUES ('U2008V2009', 3.381269332579586E16, 2008.0, 2009.0);


INSERT INTO SystemRep (System_id, distance_to_galaxy_centre, ucoordinate, vcoordinate) VALUES ('U2008V2008', 3.380427487895056E16, 2008.0, 2008.0);


INSERT INTO StarRep (System_id,cluster_id,distance_clust_virt_centre,luminosity,no_planets_allowed,angle_in_radians_s,star_color,star_type,star_size)  VALUES ('U2008V2008', 'U2008V2008_0', 1.6533333333333334E11, 0.12221847583693149, 'F', 348.0, 'orng.mains', 'k8', 1.2120000000000002);


INSERT INTO ClusterRep (System_id,distance_sys_virt_centre,planetsAllowed,cluster_id,angle_in_radians,cluster_description,number_stars_in_cluster)  VALUES ('U2008V2008', 4.578461538461539E11, 'T', 'U2008V2008_0', 0.40142572795869574, 'Cluster Number: 0 SINGLESTAR', 1);


INSERT INTO SystemRep (System_id, distance_to_galaxy_centre, ucoordinate, vcoordinate) VALUES ('U2008V2007', 3.3795858528071276E16, 2008.0, 2007.0);


INSERT INTO StarRep (System_id,cluster_id,distance_clust_virt_centre,luminosity,no_planets_allowed,angle_in_radians_s,star_color,star_type,star_size)  VALUES ('U2008V2007', 'U2008V2007_0', 5.723076923076923E10, 3.538094693040612E-5, 'F', 255.0, 'orng.dwarf', 'dk', 0.598);


INSERT INTO ClusterRep (System_id,distance_sys_virt_centre,planetsAllowed,cluster_id,angle_in_radians,cluster_description,number_stars_in_cluster)  VALUES ('U2008V2007', 2.1257142857142856E11, 'T', 'U2008V2007_0', 6.126105674500097, 'Cluster Number: 0 SINGLESTAR', 1);


INSERT INTO SystemRep (System_id, distance_to_galaxy_centre, ucoordinate, vcoordinate) VALUES ('U2008V2006', 3.37874442747243E16, 2008.0, 2006.0);


INSERT INTO SystemRep (System_id, distance_to_galaxy_centre, ucoordinate, vcoordinate) VALUES ('U2008V2005', 3.3779032120477104E16, 2008.0, 2005.0);


INSERT INTO SystemRep (System_id, distance_to_galaxy_centre, ucoordinate, vcoordinate) VALUES ('U2008V2004', 3.3770622066898324E16, 2008.0, 2004.0);


INSERT INTO StarRep (System_id,cluster_id,distance_clust_virt_centre,luminosity,no_planets_allowed,angle_in_radians_s,star_color,star_type,star_size)  VALUES ('U2008V2004', 'U2008V2004_0', 1.86E11, 510.5215200584639, 'F', 308.0, 'pyel.gi.ii', 'f5', 9.0);


INSERT INTO ClusterRep (System_id,distance_sys_virt_centre,planetsAllowed,cluster_id,angle_in_radians,cluster_description,number_stars_in_cluster)  VALUES ('U2008V2004', 1.526153846153846E11, 'T', 'U2008V2004_0', 1.2566370614359172, 'Cluster Number: 0 SINGLESTAR', 1);


INSERT INTO SystemRep (System_id, distance_to_galaxy_centre, ucoordinate, vcoordinate) VALUES ('U2008V2003', 3.3762214115557764E16, 2008.0, 2003.0);


INSERT INTO SystemRep (System_id, distance_to_galaxy_centre, ucoordinate, vcoordinate) VALUES ('U2008V2002', 3.3753808268026412E16, 2008.0, 2002.0);


INSERT INTO SystemRep (System_id, distance_to_galaxy_centre, ucoordinate, vcoordinate) VALUES ('U2008V2001', 3.374540452587641E16, 2008.0, 2001.0);


INSERT INTO StarRep (System_id,cluster_id,distance_clust_virt_centre,luminosity,no_planets_allowed,angle_in_radians_s,star_color,star_type,star_size)  VALUES ('U2008V2001', 'U2008V2001_0', 6.2E10, 3.75E-5, 'F', 175.0, 'orng.dwarf', 'dk', 0.5633333333333334);


INSERT INTO ClusterRep (System_id,distance_sys_virt_centre,planetsAllowed,cluster_id,angle_in_radians,cluster_description,number_stars_in_cluster)  VALUES ('U2008V2001', 7.44E10, 'T', 'U2008V2001_0', 1.53588974175501, 'Cluster Number: 0 SINGLESTAR', 1);


INSERT INTO SystemRep (System_id, distance_to_galaxy_centre, ucoordinate, vcoordinate) VALUES ('U2008V2000', 3.373700289068109E16, 2008.0, 2000.0);


INSERT INTO SystemRep (System_id, distance_to_galaxy_centre, ucoordinate, vcoordinate) VALUES ('U2004V2009', 3.377904890073064E16, 2004.0, 2009.0);


INSERT INTO StarRep (System_id,cluster_id,distance_clust_virt_centre,luminosity,no_planets_allowed,angle_in_radians_s,star_color,star_type,star_size)  VALUES ('U2004V2009', 'U2004V2009_0', 0.0, 0.0276, 'F', 85.0, 'red_.mains', 'm5', 0.10750000000000004);


INSERT INTO ClusterRep (System_id,distance_sys_virt_centre,planetsAllowed,cluster_id,angle_in_radians,cluster_description,number_stars_in_cluster)  VALUES ('U2004V2009', 7.44E10, 'T', 'U2004V2009_0', 0.24434609527920614, 'Cluster Number: 0 SINGLESTAR', 1);


INSERT INTO SystemRep (System_id, distance_to_galaxy_centre, ucoordinate, vcoordinate) VALUES ('U2004V2008', 3.3770622066898324E16, 2004.0, 2008.0);


INSERT INTO StarRep (System_id,cluster_id,distance_clust_virt_centre,luminosity,no_planets_allowed,angle_in_radians_s,star_color,star_type,star_size)  VALUES ('U2004V2008', 'U2004V2008_0', 1.488E12, 2.2992226530153634, 'F', 125.0, 'pyel.mains', 'f6', 39.6);


INSERT INTO ClusterRep (System_id,distance_sys_virt_centre,planetsAllowed,cluster_id,angle_in_radians,cluster_description,number_stars_in_cluster)  VALUES ('U2004V2008', 1.1022222222222223E11, 'T', 'U2004V2008_0', 5.689773361501514, 'Cluster Number: 0 SINGLESTAR', 1);


INSERT INTO SystemRep (System_id, distance_to_galaxy_centre, ucoordinate, vcoordinate) VALUES ('U2004V2007', 3.376219732693712E16, 2004.0, 2007.0);


INSERT INTO StarRep (System_id,cluster_id,distance_clust_virt_centre,luminosity,no_planets_allowed,angle_in_radians_s,star_color,star_type,star_size)  VALUES ('U2004V2007', 'U2004V2007_0', 5.835294117647059E10, 0.07325752236936262, 'F', 350.0, 'red_.mains', 'm1', 0.07883333333333331);


INSERT INTO StarRep (System_id,cluster_id,distance_clust_virt_centre,luminosity,no_planets_allowed,angle_in_radians_s,star_color,star_type,star_size)  VALUES ('U2004V2007', 'U2004V2007_0', 9.6E10, 0.0912, 'F', 248.0, 'red_.mains', 'm0', 1.255);


INSERT INTO StarRep (System_id,cluster_id,distance_clust_virt_centre,luminosity,no_planets_allowed,angle_in_radians_s,star_color,star_type,star_size)  VALUES ('U2004V2007', 'U2004V2007_0', 5.723076923076923E10, 7413.962070498498, 'F', 48.0, 'yelo.sg.i ', 'g3', 27.500000000000004);


INSERT INTO StarRep (System_id,cluster_id,distance_clust_virt_centre,luminosity,no_planets_allowed,angle_in_radians_s,star_color,star_type,star_size)  VALUES ('U2004V2007', 'U2004V2007_0', 2.48E11, 0.027054676379648816, 'F', 132.0, 'red_.mains', 'm5', 0.10750000000000004);


INSERT INTO StarRep (System_id,cluster_id,distance_clust_virt_centre,luminosity,no_planets_allowed,angle_in_radians_s,star_color,star_type,star_size)  VALUES ('U2004V2007', 'U2004V2007_0', 9.92E11, 0.027029914294232765, 'F', 97.0, 'red_.mains', 'm5', 0.10750000000000004);


INSERT INTO StarRep (System_id,cluster_id,distance_clust_virt_centre,luminosity,no_planets_allowed,angle_in_radians_s,star_color,star_type,star_size)  VALUES ('U2004V2007', 'U2004V2007_2', 2.7054545454545456E11, 5.3, 'F', 244.0, 'yelo.subgi', 'g4', 3.75);


INSERT INTO StarRep (System_id,cluster_id,distance_clust_virt_centre,luminosity,no_planets_allowed,angle_in_radians_s,star_color,star_type,star_size)  VALUES ('U2004V2007', 'U2004V2007_3', 3.068041237113402E10, 0.0012331597189135077, 'F', 331.0, 'whit.dwarf', 'da', 0.07346666666666668);


INSERT INTO StarRep (System_id,cluster_id,distance_clust_virt_centre,luminosity,no_planets_allowed,angle_in_radians_s,star_color,star_type,star_size)  VALUES ('U2004V2007', 'U2004V2007_4', 4.0767123287671234E10, 4.329685720759213, 'F', 276.0, 'orng.subgi', 'k9', 3.1666666666666665);


INSERT INTO ClusterRep (System_id,distance_sys_virt_centre,planetsAllowed,cluster_id,angle_in_radians,cluster_description,number_stars_in_cluster)  VALUES ('U2004V2007', 8.383098591549295E10, 'F', 'U2004V2007_4', 4.677482395344803, 'Cluster Number: 4 FIVESTAR_SPREAD', 1);


INSERT INTO SystemRep (System_id, distance_to_galaxy_centre, ucoordinate, vcoordinate) VALUES ('U2004V2006', 3.3753774682414884E16, 2004.0, 2006.0);


INSERT INTO SystemRep (System_id, distance_to_galaxy_centre, ucoordinate, vcoordinate) VALUES ('U2004V2005', 3.3745354134900644E16, 2004.0, 2005.0);


INSERT INTO SystemRep (System_id, distance_to_galaxy_centre, ucoordinate, vcoordinate) VALUES ('U2004V2004', 3.3736935685964604E16, 2004.0, 2004.0);


INSERT INTO StarRep (System_id,cluster_id,distance_clust_virt_centre,luminosity,no_planets_allowed,angle_in_radians_s,star_color,star_type,star_size)  VALUES ('U2004V2004', 'U2004V2004_0', 3.585542168674699E10, 0.216, 'F', 217.0, 'orng.mains', 'k4', 1.126);


INSERT INTO StarRep (System_id,cluster_id,distance_clust_virt_centre,luminosity,no_planets_allowed,angle_in_radians_s,star_color,star_type,star_size)  VALUES ('U2004V2004', 'U2004V2004_0', 1.566315789473684E11, 95600.0, 'F', 250.0, 'whit.sg.ii', 'a1', 21.0);


INSERT INTO StarRep (System_id,cluster_id,distance_clust_virt_centre,luminosity,no_planets_allowed,angle_in_radians_s,star_color,star_type,star_size)  VALUES ('U2004V2004', 'U2004V2004_0', 4.1333333333333336E10, 0.0096, 'F', 203.0, 'red_.mains', 'm9', 0.13616666666666666);


INSERT INTO StarRep (System_id,cluster_id,distance_clust_virt_centre,luminosity,no_planets_allowed,angle_in_radians_s,star_color,star_type,star_size)  VALUES ('U2004V2004', 'U2004V2004_0', 7.085714285714285E10, 13.5, 'F', 1.0, 'whit.mains', 'a7', 34.199999999999996);


INSERT INTO StarRep (System_id,cluster_id,distance_clust_virt_centre,luminosity,no_planets_allowed,angle_in_radians_s,star_color,star_type,star_size)  VALUES ('U2004V2004', 'U2004V2004_0', 4.1333333333333336E10, 0.333, 'F', 123.0, 'orng.mains', 'k1', 1.0615);


INSERT INTO StarRep (System_id,cluster_id,distance_clust_virt_centre,luminosity,no_planets_allowed,angle_in_radians_s,star_color,star_type,star_size)  VALUES ('U2004V2004', 'U2004V2004_2', 7.63076923076923E10, 0.2150834581347418, 'F', 237.0, 'orng.mains', 'k4', 1.126);


INSERT INTO StarRep (System_id,cluster_id,distance_clust_virt_centre,luminosity,no_planets_allowed,angle_in_radians_s,star_color,star_type,star_size)  VALUES ('U2004V2004', 'U2004V2004_3', 4.96E10, 2.6976679244565962E-5, 'F', 166.0, 'red_.dwarf', 'dm', 0.6586666666666666);


INSERT INTO StarRep (System_id,cluster_id,distance_clust_virt_centre,luminosity,no_planets_allowed,angle_in_radians_s,star_color,star_type,star_size)  VALUES ('U2004V2004', 'U2004V2004_4', 5.723076923076923E10, 0.0466, 'F', 291.0, 'red_.mains', 'm3', 0.09316666666666662);


INSERT INTO ClusterRep (System_id,distance_sys_virt_centre,planetsAllowed,cluster_id,angle_in_radians,cluster_description,number_stars_in_cluster)  VALUES ('U2004V2004', 2.7054545454545456E11, 'F', 'U2004V2004_4', 3.6477381366681487, 'Cluster Number: 4 FIVESTAR_SPREAD', 1);


INSERT INTO SystemRep (System_id, distance_to_galaxy_centre, ucoordinate, vcoordinate) VALUES ('U2004V2003', 3.3728519337178144E16, 2004.0, 2003.0);


INSERT INTO SystemRep (System_id, distance_to_galaxy_centre, ucoordinate, vcoordinate) VALUES ('U2004V2002', 3.372010509011382E16, 2004.0, 2002.0);


INSERT INTO StarRep (System_id,cluster_id,distance_clust_virt_centre,luminosity,no_planets_allowed,angle_in_radians_s,star_color,star_type,star_size)  VALUES ('U2004V2002', 'U2004V2002_0', 3.674074074074074E10, 2.8E-5, 'F', 177.0, 'red_.dwarf', 'dm', 0.6413333333333334);


INSERT INTO ClusterRep (System_id,distance_sys_virt_centre,planetsAllowed,cluster_id,angle_in_radians,cluster_description,number_stars_in_cluster)  VALUES ('U2004V2002', 2.2044444444444446E11, 'T', 'U2004V2002_0', 5.759586531581287, 'Cluster Number: 0 SINGLESTAR', 1);


INSERT INTO SystemRep (System_id, distance_to_galaxy_centre, ucoordinate, vcoordinate) VALUES ('U2004V2001', 3.371169294634537E16, 2004.0, 2001.0);


INSERT INTO SystemRep (System_id, distance_to_galaxy_centre, ucoordinate, vcoordinate) VALUES ('U2004V2000', 3.3703282907447696E16, 2004.0, 2000.0);


INSERT INTO StarRep (System_id,cluster_id,distance_clust_virt_centre,luminosity,no_planets_allowed,angle_in_radians_s,star_color,star_type,star_size)  VALUES ('U2004V2000', 'U2004V2000_0', 2.1257142857142856E11, 0.013366235585380588, 'F', 44.0, 'red_.mains', 'm7', 0.12183333333333335);


INSERT INTO ClusterRep (System_id,distance_sys_virt_centre,planetsAllowed,cluster_id,angle_in_radians,cluster_description,number_stars_in_cluster)  VALUES ('U2004V2000', 8.752941176470589E10, 'T', 'U2004V2000_0', 6.03883921190038, 'Cluster Number: 0 SINGLESTAR', 1);


INSERT INTO SystemRep (System_id, distance_to_galaxy_centre, ucoordinate, vcoordinate) VALUES ('U2000V2009', 3.374543811981845E16, 2000.0, 2009.0);


INSERT INTO SystemRep (System_id, distance_to_galaxy_centre, ucoordinate, vcoordinate) VALUES ('U2000V2008', 3.373700289068109E16, 2000.0, 2008.0);


INSERT INTO StarRep (System_id,cluster_id,distance_clust_virt_centre,luminosity,no_planets_allowed,angle_in_radians_s,star_color,star_type,star_size)  VALUES ('U2000V2008', 'U2000V2008_0', 3.306666666666667E11, 0.3305595291787149, 'F', 145.0, 'orng.mains', 'k1', 1.0615);


INSERT INTO StarRep (System_id,cluster_id,distance_clust_virt_centre,luminosity,no_planets_allowed,angle_in_radians_s,star_color,star_type,star_size)  VALUES ('U2000V2008', 'U2000V2008_0', 4.441791044776119E10, 0.333, 'F', 109.0, 'orng.mains', 'k1', 1.0615);


INSERT INTO StarRep (System_id,cluster_id,distance_clust_virt_centre,luminosity,no_planets_allowed,angle_in_radians_s,star_color,star_type,star_size)  VALUES ('U2000V2008', 'U2000V2008_0', 6.073469387755102E10, 0.408, 'F', 26.0, 'yelo.mains', 'g9', 47.4);


INSERT INTO StarRep (System_id,cluster_id,distance_clust_virt_centre,luminosity,no_planets_allowed,angle_in_radians_s,star_color,star_type,star_size)  VALUES ('U2000V2008', 'U2000V2008_0', 4.878688524590164E10, 0.408, 'F', 60.0, 'yelo.mains', 'g9', 47.4);


INSERT INTO StarRep (System_id,cluster_id,distance_clust_virt_centre,luminosity,no_planets_allowed,angle_in_radians_s,star_color,star_type,star_size)  VALUES ('U2000V2008', 'U2000V2008_0', 1.3527272727272728E11, 0.9989332156857498, 'F', 162.0, 'yelo.mains', 'g2', 43.199999999999996);


INSERT INTO StarRep (System_id,cluster_id,distance_clust_virt_centre,luminosity,no_planets_allowed,angle_in_radians_s,star_color,star_type,star_size)  VALUES ('U2000V2008', 'U2000V2008_2', 4.878688524590164E10, 82.0, 'F', 121.0, 'yelo.gi.i ', 'g8', 5.52);


INSERT INTO StarRep (System_id,cluster_id,distance_clust_virt_centre,luminosity,no_planets_allowed,angle_in_radians_s,star_color,star_type,star_size)  VALUES ('U2000V2008', 'U2000V2008_3', 1.984E11, 0.9983282356880356, 'F', 267.0, 'yelo.mains', 'g2', 43.199999999999996);


INSERT INTO StarRep (System_id,cluster_id,distance_clust_virt_centre,luminosity,no_planets_allowed,angle_in_radians_s,star_color,star_type,star_size)  VALUES ('U2000V2008', 'U2000V2008_4', 5.5111111111111115E10, 2.8E-5, 'F', 23.0, 'red_.dwarf', 'dm', 0.6413333333333334);


INSERT INTO ClusterRep (System_id,distance_sys_virt_centre,planetsAllowed,cluster_id,angle_in_radians,cluster_description,number_stars_in_cluster)  VALUES ('U2000V2008', 9.018181818181818E10, 'F', 'U2000V2008_4', 5.916666164260777, 'Cluster Number: 4 FIVESTAR_SPREAD', 1);


INSERT INTO SystemRep (System_id, distance_to_galaxy_centre, ucoordinate, vcoordinate) VALUES ('U2000V2007', 3.372856975330534E16, 2000.0, 2007.0);


INSERT INTO StarRep (System_id,cluster_id,distance_clust_virt_centre,luminosity,no_planets_allowed,angle_in_radians_s,star_color,star_type,star_size)  VALUES ('U2000V2007', 'U2000V2007_0', 5.952E11, 0.333, 'F', 65.0, 'orng.mains', 'k1', 1.0615);


INSERT INTO StarRep (System_id,cluster_id,distance_clust_virt_centre,luminosity,no_planets_allowed,angle_in_radians_s,star_color,star_type,star_size)  VALUES ('U2000V2007', 'U2000V2007_0', 3.1659574468085106E10, 2.95E-5, 'F', 118.0, 'red_.dwarf', 'dm', 0.6153333333333334);


INSERT INTO StarRep (System_id,cluster_id,distance_clust_virt_centre,luminosity,no_planets_allowed,angle_in_radians_s,star_color,star_type,star_size)  VALUES ('U2000V2007', 'U2000V2007_0', 4.578461538461539E10, 510.0, 'F', 236.0, 'pyel.gi.ii', 'f5', 9.0);


INSERT INTO StarRep (System_id,cluster_id,distance_clust_virt_centre,luminosity,no_planets_allowed,angle_in_radians_s,star_color,star_type,star_size)  VALUES ('U2000V2007', 'U2000V2007_0', 7.63076923076923E10, 989671.0357876229, 'F', 355.0, 'blue.gi.ii', 'o8', 40.0);


INSERT INTO StarRep (System_id,cluster_id,distance_clust_virt_centre,luminosity,no_planets_allowed,angle_in_radians_s,star_color,star_type,star_size)  VALUES ('U2000V2007', 'U2000V2007_0', 7.44E10, 0.333, 'F', 320.0, 'orng.mains', 'k1', 1.0615);


INSERT INTO StarRep (System_id,cluster_id,distance_clust_virt_centre,luminosity,no_planets_allowed,angle_in_radians_s,star_color,star_type,star_size)  VALUES ('U2000V2007', 'U2000V2007_2', 9.3E10, 2.32, 'F', 82.0, 'pyel.mains', 'f6', 39.6);


INSERT INTO StarRep (System_id,cluster_id,distance_clust_virt_centre,luminosity,no_planets_allowed,angle_in_radians_s,star_color,star_type,star_size)  VALUES ('U2000V2007', 'U2000V2007_3', 3.2E10, 2.95E-5, 'F', 353.0, 'red_.dwarf', 'dm', 0.6153333333333334);


INSERT INTO StarRep (System_id,cluster_id,distance_clust_virt_centre,luminosity,no_planets_allowed,angle_in_radians_s,star_color,star_type,star_size)  VALUES ('U2000V2007', 'U2000V2007_4', 1.1446153846153847E11, 0.027467964243950108, 'F', 109.0, 'red_.mains', 'm5', 0.10750000000000004);


INSERT INTO ClusterRep (System_id,distance_sys_virt_centre,planetsAllowed,cluster_id,angle_in_radians,cluster_description,number_stars_in_cluster)  VALUES ('U2000V2007', 8.626086956521739E10, 'F', 'U2000V2007_4', 6.03883921190038, 'Cluster Number: 4 FIVESTAR_SPREAD', 1);


INSERT INTO SystemRep (System_id, distance_to_galaxy_centre, ucoordinate, vcoordinate) VALUES ('U2000V2006', 3.3720138709260612E16, 2000.0, 2006.0);


INSERT INTO StarRep (System_id,cluster_id,distance_clust_virt_centre,luminosity,no_planets_allowed,angle_in_radians_s,star_color,star_type,star_size)  VALUES ('U2000V2006', 'U2000V2006_0', 9.92E11, 4.790834729574715E-5, 'F', 25.0, 'yelo.dwarf', 'dg', 0.48533333333333334);


INSERT INTO StarRep (System_id,cluster_id,distance_clust_virt_centre,luminosity,no_planets_allowed,angle_in_radians_s,star_color,star_type,star_size)  VALUES ('U2000V2006', 'U2000V2006_0', 5.2210526315789474E10, 7.65, 'F', 122.0, 'pyel.mains', 'f1', 36.599999999999994);


INSERT INTO StarRep (System_id,cluster_id,distance_clust_virt_centre,luminosity,no_planets_allowed,angle_in_radians_s,star_color,star_type,star_size)  VALUES ('U2000V2006', 'U2000V2006_0', 1.24E11, 0.33166526338589036, 'F', 342.0, 'orng.mains', 'k1', 1.0615);


INSERT INTO StarRep (System_id,cluster_id,distance_clust_virt_centre,luminosity,no_planets_allowed,angle_in_radians_s,star_color,star_type,star_size)  VALUES ('U2000V2006', 'U2000V2006_0', 1.0628571428571428E11, 0.408, 'F', 323.0, 'yelo.mains', 'g9', 47.4);


INSERT INTO StarRep (System_id,cluster_id,distance_clust_virt_centre,luminosity,no_planets_allowed,angle_in_radians_s,star_color,star_type,star_size)  VALUES ('U2000V2006', 'U2000V2006_0', 6.073469387755102E10, 2.32, 'F', 40.0, 'pyel.mains', 'f6', 39.6);


INSERT INTO StarRep (System_id,cluster_id,distance_clust_virt_centre,luminosity,no_planets_allowed,angle_in_radians_s,star_color,star_type,star_size)  VALUES ('U2000V2006', 'U2000V2006_2', 1.7505882352941177E11, 1.2, 'F', 63.0, 'yelo.mains', 'g0', 42.0);


INSERT INTO StarRep (System_id,cluster_id,distance_clust_virt_centre,luminosity,no_planets_allowed,angle_in_radians_s,star_color,star_type,star_size)  VALUES ('U2000V2006', 'U2000V2006_3', 3.585542168674699E10, 2.32, 'F', 216.0, 'pyel.mains', 'f6', 39.6);


INSERT INTO StarRep (System_id,cluster_id,distance_clust_virt_centre,luminosity,no_planets_allowed,angle_in_radians_s,star_color,star_type,star_size)  VALUES ('U2000V2006', 'U2000V2006_4', 4.8E10, 0.0734, 'F', 152.0, 'red_.mains', 'm1', 0.07883333333333331);


INSERT INTO ClusterRep (System_id,distance_sys_virt_centre,planetsAllowed,cluster_id,angle_in_radians,cluster_description,number_stars_in_cluster)  VALUES ('U2000V2006', 2.834285714285714E11, 'F', 'U2000V2006_4', 2.9670597283903604, 'Cluster Number: 4 FIVESTAR_SPREAD', 1);


INSERT INTO SystemRep (System_id, distance_to_galaxy_centre, ucoordinate, vcoordinate) VALUES ('U2000V2005', 3.3711709760117476E16, 2000.0, 2005.0);


INSERT INTO SystemRep (System_id, distance_to_galaxy_centre, ucoordinate, vcoordinate) VALUES ('U2000V2004', 3.3703282907447696E16, 2000.0, 2004.0);


INSERT INTO SystemRep (System_id, distance_to_galaxy_centre, ucoordinate, vcoordinate) VALUES ('U2000V2003', 3.369485815282421E16, 2000.0, 2003.0);


INSERT INTO SystemRep (System_id, distance_to_galaxy_centre, ucoordinate, vcoordinate) VALUES ('U2000V2002', 3.3686435497821136E16, 2000.0, 2002.0);


INSERT INTO StarRep (System_id,cluster_id,distance_clust_virt_centre,luminosity,no_planets_allowed,angle_in_radians_s,star_color,star_type,star_size)  VALUES ('U2000V2002', 'U2000V2002_0', 7.83157894736842E10, 2.308453909254161, 'F', 292.0, 'pyel.mains', 'f6', 39.6);


INSERT INTO StarRep (System_id,cluster_id,distance_clust_virt_centre,luminosity,no_planets_allowed,angle_in_radians_s,star_color,star_type,star_size)  VALUES ('U2000V2002', 'U2000V2002_0', 3.629268292682927E10, 0.712, 'F', 119.0, 'yelo.mains', 'g5', 45.0);


INSERT INTO StarRep (System_id,cluster_id,distance_clust_virt_centre,luminosity,no_planets_allowed,angle_in_radians_s,star_color,star_type,star_size)  VALUES ('U2000V2002', 'U2000V2002_0', 3.542857142857143E10, 0.0096, 'F', 32.0, 'red_.mains', 'm9', 0.13616666666666666);


INSERT INTO StarRep (System_id,cluster_id,distance_clust_virt_centre,luminosity,no_planets_allowed,angle_in_radians_s,star_color,star_type,star_size)  VALUES ('U2000V2002', 'U2000V2002_0', 4.376470588235294E10, 0.216, 'F', 224.0, 'orng.mains', 'k4', 1.126);


INSERT INTO StarRep (System_id,cluster_id,distance_clust_virt_centre,luminosity,no_planets_allowed,angle_in_radians_s,star_color,star_type,star_size)  VALUES ('U2000V2002', 'U2000V2002_0', 2.976E11, 209927.4501869305, 'F', 347.0, 'blue.gi.i ', 'o8', 45.0);


INSERT INTO StarRep (System_id,cluster_id,distance_clust_virt_centre,luminosity,no_planets_allowed,angle_in_radians_s,star_color,star_type,star_size)  VALUES ('U2000V2002', 'U2000V2002_2', 4.96E10, 0.123, 'F', 76.0, 'orng.mains', 'k8', 1.2120000000000002);


INSERT INTO StarRep (System_id,cluster_id,distance_clust_virt_centre,luminosity,no_planets_allowed,angle_in_radians_s,star_color,star_type,star_size)  VALUES ('U2000V2002', 'U2000V2002_3', 5.2210526315789474E10, 54700.0, 'F', 187.0, 'pyel.sg.ii', 'f5', 35.0);


INSERT INTO StarRep (System_id,cluster_id,distance_clust_virt_centre,luminosity,no_planets_allowed,angle_in_radians_s,star_color,star_type,star_size)  VALUES ('U2000V2002', 'U2000V2002_4', 5.952E11, 0.4077687104583342, 'F', 123.0, 'yelo.mains', 'g9', 47.4);


INSERT INTO ClusterRep (System_id,distance_sys_virt_centre,planetsAllowed,cluster_id,angle_in_radians,cluster_description,number_stars_in_cluster)  VALUES ('U2000V2002', 2.976E11, 'F', 'U2000V2002_4', 5.009094953223726, 'Cluster Number: 4 FIVESTAR_SPREAD', 1);


INSERT INTO SystemRep (System_id, distance_to_galaxy_centre, ucoordinate, vcoordinate) VALUES ('U2000V2001', 3.3678014944013784E16, 2000.0, 2001.0);


INSERT INTO StarRep (System_id,cluster_id,distance_clust_virt_centre,luminosity,no_planets_allowed,angle_in_radians_s,star_color,star_type,star_size)  VALUES ('U2000V2001', 'U2000V2001_0', 4.251428571428571E10, 510000.0, 'F', 159.0, 'blue.gi.ii', 'o8', 42.666666666666664);


INSERT INTO StarRep (System_id,cluster_id,distance_clust_virt_centre,luminosity,no_planets_allowed,angle_in_radians_s,star_color,star_type,star_size)  VALUES ('U2000V2001', 'U2000V2001_0', 4.3130434782608696E10, 0.0466, 'F', 121.0, 'red_.mains', 'm3', 0.09316666666666662);


INSERT INTO StarRep (System_id,cluster_id,distance_clust_virt_centre,luminosity,no_planets_allowed,angle_in_radians_s,star_color,star_type,star_size)  VALUES ('U2000V2001', 'U2000V2001_0', 7.44E11, 0.0734, 'F', 187.0, 'red_.mains', 'm1', 0.07883333333333331);


INSERT INTO StarRep (System_id,cluster_id,distance_clust_virt_centre,luminosity,no_planets_allowed,angle_in_radians_s,star_color,star_type,star_size)  VALUES ('U2000V2001', 'U2000V2001_0', 3.068041237113402E10, 3.749727374474438E-5, 'F', 94.0, 'orng.dwarf', 'dk', 0.5633333333333334);


INSERT INTO StarRep (System_id,cluster_id,distance_clust_virt_centre,luminosity,no_planets_allowed,angle_in_radians_s,star_color,star_type,star_size)  VALUES ('U2000V2001', 'U2000V2001_0', 3.767088607594936E10, 0.046549297721278984, 'F', 13.0, 'red_.mains', 'm3', 0.09316666666666662);


INSERT INTO StarRep (System_id,cluster_id,distance_clust_virt_centre,luminosity,no_planets_allowed,angle_in_radians_s,star_color,star_type,star_size)  VALUES ('U2000V2001', 'U2000V2001_2', 3.381818181818182E10, 2.8975024228031954E-5, 'F', 69.0, 'red_.dwarf', 'dm', 0.624);


INSERT INTO StarRep (System_id,cluster_id,distance_clust_virt_centre,luminosity,no_planets_allowed,angle_in_radians_s,star_color,star_type,star_size)  VALUES ('U2000V2001', 'U2000V2001_3', 1.417142857142857E11, 126000.0, 'F', 21.0, 'blue.subgi', 'o8', 27.333333333333336);


INSERT INTO StarRep (System_id,cluster_id,distance_clust_virt_centre,luminosity,no_planets_allowed,angle_in_radians_s,star_color,star_type,star_size)  VALUES ('U2000V2001', 'U2000V2001_4', 3.585542168674699E10, 2.8E-5, 'F', 138.0, 'red_.dwarf', 'dm', 0.6413333333333334);


INSERT INTO ClusterRep (System_id,distance_sys_virt_centre,planetsAllowed,cluster_id,angle_in_radians,cluster_description,number_stars_in_cluster)  VALUES ('U2000V2001', 8.502857142857143E10, 'F', 'U2000V2001_4', 3.979350694547071, 'Cluster Number: 4 FIVESTAR_SPREAD', 1);


INSERT INTO SystemRep (System_id, distance_to_galaxy_centre, ucoordinate, vcoordinate) VALUES ('U2000V2000', 3.366959649297865E16, 2000.0, 2000.0);


INSERT INTO StarRep (System_id,cluster_id,distance_clust_virt_centre,luminosity,no_planets_allowed,angle_in_radians_s,star_color,star_type,star_size)  VALUES ('U2000V2000', 'U2000V2000_0', 8.266666666666667E10, 2.6E-5, 'F', 333.0, 'red_.dwarf', 'dm', 0.676);


INSERT INTO StarRep (System_id,cluster_id,distance_clust_virt_centre,luminosity,no_planets_allowed,angle_in_radians_s,star_color,star_type,star_size)  VALUES ('U2000V2000', 'U2000V2000_0', 4.878688524590164E10, 0.28107410655492887, 'F', 163.0, 'orng.mains', 'k2', 1.0830000000000002);


INSERT INTO StarRep (System_id,cluster_id,distance_clust_virt_centre,luminosity,no_planets_allowed,angle_in_radians_s,star_color,star_type,star_size)  VALUES ('U2000V2000', 'U2000V2000_0', 3.234782608695652E10, 2.7E-5, 'F', 70.0, 'red_.dwarf', 'dm', 0.6586666666666666);


INSERT INTO StarRep (System_id,cluster_id,distance_clust_virt_centre,luminosity,no_planets_allowed,angle_in_radians_s,star_color,star_type,star_size)  VALUES ('U2000V2000', 'U2000V2000_0', 1.0628571428571428E11, 0.0466, 'F', 112.0, 'red_.mains', 'm3', 0.09316666666666662);


INSERT INTO StarRep (System_id,cluster_id,distance_clust_virt_centre,luminosity,no_planets_allowed,angle_in_radians_s,star_color,star_type,star_size)  VALUES ('U2000V2000', 'U2000V2000_2', 1.1904E11, 6100.0, 'F', 187.0, 'red_.gi.ii', 'm1', 34.166666666666664);


INSERT INTO StarRep (System_id,cluster_id,distance_clust_virt_centre,luminosity,no_planets_allowed,angle_in_radians_s,star_color,star_type,star_size)  VALUES ('U2000V2000', 'U2000V2000_3', 4.251428571428571E11, 0.0466, 'F', 247.0, 'red_.mains', 'm3', 0.09316666666666662);


INSERT INTO ClusterRep (System_id,distance_sys_virt_centre,planetsAllowed,cluster_id,angle_in_radians,cluster_description,number_stars_in_cluster)  VALUES ('U2000V2000', 2.1257142857142856E11, 'F', 'U2000V2000_3', 3.8920842319473548, 'Cluster Number: 3 FOURSTAR_SPREAD', 1);


INSERT INTO SystemRep (System_id, distance_to_galaxy_centre, ucoordinate, vcoordinate) VALUES ('U2017V2009', 3.3888515774431904E16, 2017.0, 2009.0);


INSERT INTO SystemRep (System_id, distance_to_galaxy_centre, ucoordinate, vcoordinate) VALUES ('U2017V2008', 3.388011616776495E16, 2017.0, 2008.0);


INSERT INTO StarRep (System_id,cluster_id,distance_clust_virt_centre,luminosity,no_planets_allowed,angle_in_radians_s,star_color,star_type,star_size)  VALUES ('U2017V2008', 'U2017V2008_0', 6.763636363636364E10, 0.09063250792110383, 'F', 14.0, 'red_.mains', 'm0', 1.255);


INSERT INTO ClusterRep (System_id,distance_sys_virt_centre,planetsAllowed,cluster_id,angle_in_radians,cluster_description,number_stars_in_cluster)  VALUES ('U2017V2008', 1.1230188679245284E11, 'T', 'U2017V2008_0', 0.8726646259971648, 'Cluster Number: 0 SINGLESTAR', 1);


INSERT INTO SystemRep (System_id, distance_to_galaxy_centre, ucoordinate, vcoordinate) VALUES ('U2017V2007', 3.3871718661724384E16, 2017.0, 2007.0);


INSERT INTO SystemRep (System_id, distance_to_galaxy_centre, ucoordinate, vcoordinate) VALUES ('U2017V2006', 3.3863323257872964E16, 2017.0, 2006.0);


INSERT INTO StarRep (System_id,cluster_id,distance_clust_virt_centre,luminosity,no_planets_allowed,angle_in_radians_s,star_color,star_type,star_size)  VALUES ('U2017V2006', 'U2017V2006_0', 6.469565217391304E10, 1388.3680090857213, 'F', 54.0, 'red_.gi.i ', 'm2', 9.813333333333333);


INSERT INTO ClusterRep (System_id,distance_sys_virt_centre,planetsAllowed,cluster_id,angle_in_radians,cluster_description,number_stars_in_cluster)  VALUES ('U2017V2006', 2.2044444444444446E11, 'T', 'U2017V2006_0', 0.017453292519943295, 'Cluster Number: 0 SINGLESTAR', 1);


INSERT INTO SystemRep (System_id, distance_to_galaxy_centre, ucoordinate, vcoordinate) VALUES ('U2017V2005', 3.38549299577746E16, 2017.0, 2005.0);


INSERT INTO SystemRep (System_id, distance_to_galaxy_centre, ucoordinate, vcoordinate) VALUES ('U2017V2004', 3.3846538762994364E16, 2017.0, 2004.0);


INSERT INTO StarRep (System_id,cluster_id,distance_clust_virt_centre,luminosity,no_planets_allowed,angle_in_radians_s,star_color,star_type,star_size)  VALUES ('U2017V2004', 'U2017V2004_0', 3.767088607594936E10, 2.9E-5, 'F', 281.0, 'red_.dwarf', 'dm', 0.624);


INSERT INTO ClusterRep (System_id,distance_sys_virt_centre,planetsAllowed,cluster_id,angle_in_radians,cluster_description,number_stars_in_cluster)  VALUES ('U2017V2004', 8.626086956521739E10, 'T', 'U2017V2004_0', 0.3141592653589793, 'Cluster Number: 0 SINGLESTAR', 1);


INSERT INTO SystemRep (System_id, distance_to_galaxy_centre, ucoordinate, vcoordinate) VALUES ('U2017V2003', 3.383814967509849E16, 2017.0, 2003.0);


INSERT INTO StarRep (System_id,cluster_id,distance_clust_virt_centre,luminosity,no_planets_allowed,angle_in_radians_s,star_color,star_type,star_size)  VALUES ('U2017V2003', 'U2017V2003_0', 3.968E10, 3.536015936756919E-5, 'F', 201.0, 'orng.dwarf', 'dk', 0.598);


INSERT INTO ClusterRep (System_id,distance_sys_virt_centre,planetsAllowed,cluster_id,angle_in_radians,cluster_description,number_stars_in_cluster)  VALUES ('U2017V2003', 2.7054545454545456E11, 'T', 'U2017V2003_0', 2.007128639793479, 'Cluster Number: 0 SINGLESTAR', 1);


INSERT INTO SystemRep (System_id, distance_to_galaxy_centre, ucoordinate, vcoordinate) VALUES ('U2017V2002', 3.382976269565437E16, 2017.0, 2002.0);


INSERT INTO StarRep (System_id,cluster_id,distance_clust_virt_centre,luminosity,no_planets_allowed,angle_in_radians_s,star_color,star_type,star_size)  VALUES ('U2017V2002', 'U2017V2002_0', 3.864935064935065E10, 0.282, 'F', 241.0, 'orng.mains', 'k2', 1.0830000000000002);


INSERT INTO ClusterRep (System_id,distance_sys_virt_centre,planetsAllowed,cluster_id,angle_in_radians,cluster_description,number_stars_in_cluster)  VALUES ('U2017V2002', 6.2652631578947365E10, 'T', 'U2017V2002_0', 1.1519173063162575, 'Cluster Number: 0 SINGLESTAR', 1);


INSERT INTO SystemRep (System_id, distance_to_galaxy_centre, ucoordinate, vcoordinate) VALUES ('U2017V2001', 3.3821377826230556E16, 2017.0, 2001.0);


INSERT INTO StarRep (System_id,cluster_id,distance_clust_virt_centre,luminosity,no_planets_allowed,angle_in_radians_s,star_color,star_type,star_size)  VALUES ('U2017V2001', 'U2017V2001_0', 2.976E11, 1.1996346426127995, 'F', 108.0, 'yelo.mains', 'g0', 42.0);


INSERT INTO ClusterRep (System_id,distance_sys_virt_centre,planetsAllowed,cluster_id,angle_in_radians,cluster_description,number_stars_in_cluster)  VALUES ('U2017V2001', 1.566315789473684E11, 'T', 'U2017V2001_0', 1.43116998663535, 'Cluster Number: 0 SINGLESTAR', 1);


INSERT INTO SystemRep (System_id, distance_to_galaxy_centre, ucoordinate, vcoordinate) VALUES ('U2017V2000', 3.3812995068396764E16, 2017.0, 2000.0);


INSERT INTO StarRep (System_id,cluster_id,distance_clust_virt_centre,luminosity,no_planets_allowed,angle_in_radians_s,star_color,star_type,star_size)  VALUES ('U2017V2000', 'U2017V2000_0', 1.488E11, 2.6996782248916864E-5, 'F', 217.0, 'red_.dwarf', 'dm', 0.6586666666666666);


INSERT INTO ClusterRep (System_id,distance_sys_virt_centre,planetsAllowed,cluster_id,angle_in_radians,cluster_description,number_stars_in_cluster)  VALUES ('U2017V2000', 6.136082474226804E10, 'T', 'U2017V2000_0', 5.6199601914217405, 'Cluster Number: 0 SINGLESTAR', 1);


INSERT INTO SystemRep (System_id, distance_to_galaxy_centre, ucoordinate, vcoordinate) VALUES ('U2013V2009', 3.3854796016399212E16, 2013.0, 2009.0);


INSERT INTO StarRep (System_id,cluster_id,distance_clust_virt_centre,luminosity,no_planets_allowed,angle_in_radians_s,star_color,star_type,star_size)  VALUES ('U2013V2009', 'U2013V2009_0', 7.44E10, 2.32, 'F', 165.0, 'pyel.mains', 'f6', 39.6);


INSERT INTO ClusterRep (System_id,distance_sys_virt_centre,planetsAllowed,cluster_id,angle_in_radians,cluster_description,number_stars_in_cluster)  VALUES ('U2013V2009', 2.3808E11, 'T', 'U2013V2009_0', 5.550147021341968, 'Cluster Number: 0 SINGLESTAR', 1);


INSERT INTO SystemRep (System_id, distance_to_galaxy_centre, ucoordinate, vcoordinate) VALUES ('U2013V2008', 3.3846388041552204E16, 2013.0, 2008.0);


INSERT INTO StarRep (System_id,cluster_id,distance_clust_virt_centre,luminosity,no_planets_allowed,angle_in_radians_s,star_color,star_type,star_size)  VALUES ('U2013V2008', 'U2013V2008_0', 4.1333333333333336E10, 1084.4810991380834, 'F', 31.0, 'ltbl.gi.i ', 'b9', 57.49999999999999);


INSERT INTO ClusterRep (System_id,distance_sys_virt_centre,planetsAllowed,cluster_id,angle_in_radians,cluster_description,number_stars_in_cluster)  VALUES ('U2013V2008', 9.018181818181818E10, 'T', 'U2013V2008_0', 5.829399701661061, 'Cluster Number: 0 SINGLESTAR', 1);


INSERT INTO SystemRep (System_id, distance_to_galaxy_centre, ucoordinate, vcoordinate) VALUES ('U2016V2019', 3.396421484972488E16, 2016.0, 2019.0);


INSERT INTO StarRep (System_id,cluster_id,distance_clust_virt_centre,luminosity,no_planets_allowed,angle_in_radians_s,star_color,star_type,star_size)  VALUES ('U2016V2019', 'U2016V2019_0', 5.615094339622642E10, 0.0134, 'F', 83.0, 'red_.mains', 'm7', 0.12183333333333335);


INSERT INTO ClusterRep (System_id,distance_sys_virt_centre,planetsAllowed,cluster_id,angle_in_radians,cluster_description,number_stars_in_cluster)  VALUES ('U2016V2019', 1.526153846153846E11, 'T', 'U2016V2019_0', 5.899212871740834, 'Cluster Number: 0 SINGLESTAR', 1);


INSERT INTO SystemRep (System_id, distance_to_galaxy_centre, ucoordinate, vcoordinate) VALUES ('U2013V2007', 3.3837982165269372E16, 2013.0, 2007.0);


INSERT INTO StarRep (System_id,cluster_id,distance_clust_virt_centre,luminosity,no_planets_allowed,angle_in_radians_s,star_color,star_type,star_size)  VALUES ('U2013V2007', 'U2013V2007_0', 8.266666666666667E10, 2.314603144900489, 'F', 85.0, 'pyel.mains', 'f6', 39.6);


INSERT INTO ClusterRep (System_id,distance_sys_virt_centre,planetsAllowed,cluster_id,angle_in_radians,cluster_description,number_stars_in_cluster)  VALUES ('U2013V2007', 7.72987012987013E10, 'T', 'U2013V2007_0', 0.9599310885968813, 'Cluster Number: 0 SINGLESTAR', 1);


INSERT INTO SystemRep (System_id, distance_to_galaxy_centre, ucoordinate, vcoordinate) VALUES ('U2016V2018', 3.395579223639584E16, 2016.0, 2018.0);


INSERT INTO StarRep (System_id,cluster_id,distance_clust_virt_centre,luminosity,no_planets_allowed,angle_in_radians_s,star_color,star_type,star_size)  VALUES ('U2016V2018', 'U2016V2018_0', 5.410909090909091E10, 0.9404590806477922, 'F', 123.0, 'yelo.mains', 'g3', 43.8);


INSERT INTO ClusterRep (System_id,distance_sys_virt_centre,planetsAllowed,cluster_id,angle_in_radians,cluster_description,number_stars_in_cluster)  VALUES ('U2016V2018', 4.578461538461539E11, 'T', 'U2016V2018_0', 5.044001538263612, 'Cluster Number: 0 SINGLESTAR', 1);


INSERT INTO SystemRep (System_id, distance_to_galaxy_centre, ucoordinate, vcoordinate) VALUES ('U2013V2006', 3.382957838911505E16, 2013.0, 2006.0);


INSERT INTO StarRep (System_id,cluster_id,distance_clust_virt_centre,luminosity,no_planets_allowed,angle_in_radians_s,star_color,star_type,star_size)  VALUES ('U2013V2006', 'U2013V2006_0', 4.251428571428571E10, 0.12228951385566401, 'F', 351.0, 'orng.mains', 'k8', 1.2120000000000002);


INSERT INTO ClusterRep (System_id,distance_sys_virt_centre,planetsAllowed,cluster_id,angle_in_radians,cluster_description,number_stars_in_cluster)  VALUES ('U2013V2006', 6.4E10, 'T', 'U2013V2006_0', 0.3839724354387525, 'Cluster Number: 0 SINGLESTAR', 1);


INSERT INTO SystemRep (System_id, distance_to_galaxy_centre, ucoordinate, vcoordinate) VALUES ('U2016V2017', 3.394737170761118E16, 2016.0, 2017.0);


INSERT INTO StarRep (System_id,cluster_id,distance_clust_virt_centre,luminosity,no_planets_allowed,angle_in_radians_s,star_color,star_type,star_size)  VALUES ('U2016V2017', 'U2016V2017_0', 3.4206896551724136E10, 60.0, 'F', 350.0, 'whit.mains', 'a2', 31.200000000000003);


INSERT INTO ClusterRep (System_id,distance_sys_virt_centre,planetsAllowed,cluster_id,angle_in_radians,cluster_description,number_stars_in_cluster)  VALUES ('U2016V2017', 1.0821818181818182E11, 'T', 'U2016V2017_0', 5.323254218582705, 'Cluster Number: 0 SINGLESTAR', 1);


INSERT INTO SystemRep (System_id, distance_to_galaxy_centre, ucoordinate, vcoordinate) VALUES ('U2013V2005', 3.382117671465474E16, 2013.0, 2005.0);


INSERT INTO StarRep (System_id,cluster_id,distance_clust_virt_centre,luminosity,no_planets_allowed,angle_in_radians_s,star_color,star_type,star_size)  VALUES ('U2013V2005', 'U2013V2005_0', 7.44E11, 0.333, 'F', 218.0, 'orng.mains', 'k1', 1.0615);


INSERT INTO ClusterRep (System_id,distance_sys_virt_centre,planetsAllowed,cluster_id,angle_in_radians,cluster_description,number_stars_in_cluster)  VALUES ('U2013V2005', 1.7005714285714285E11, 'T', 'U2013V2005_0', 0.6806784082777885, 'Cluster Number: 0 SINGLESTAR', 1);


INSERT INTO SystemRep (System_id, distance_to_galaxy_centre, ucoordinate, vcoordinate) VALUES ('U2016V2016', 3.3938953264922476E16, 2016.0, 2016.0);


INSERT INTO SystemRep (System_id, distance_to_galaxy_centre, ucoordinate, vcoordinate) VALUES ('U2013V2004', 3.3812777143455104E16, 2013.0, 2004.0);


INSERT INTO StarRep (System_id,cluster_id,distance_clust_virt_centre,luminosity,no_planets_allowed,angle_in_radians_s,star_color,star_type,star_size)  VALUES ('U2013V2004', 'U2013V2004_0', 7.44E10, 0.216, 'F', 246.0, 'orng.mains', 'k4', 1.126);


INSERT INTO ClusterRep (System_id,distance_sys_virt_centre,planetsAllowed,cluster_id,angle_in_radians,cluster_description,number_stars_in_cluster)  VALUES ('U2013V2004', 1.1904E12, 'T', 'U2013V2004_0', 1.6231562043547263, 'Cluster Number: 0 SINGLESTAR', 1);


INSERT INTO SystemRep (System_id, distance_to_galaxy_centre, ucoordinate, vcoordinate) VALUES ('U2016V2015', 3.393053690988246E16, 2016.0, 2015.0);


INSERT INTO SystemRep (System_id, distance_to_galaxy_centre, ucoordinate, vcoordinate) VALUES ('U2013V2003', 3.3804379677083976E16, 2013.0, 2003.0);


INSERT INTO StarRep (System_id,cluster_id,distance_clust_virt_centre,luminosity,no_planets_allowed,angle_in_radians_s,star_color,star_type,star_size)  VALUES ('U2013V2003', 'U2013V2003_0', 4.1333333333333336E10, 0.40677555585058367, 'F', 112.0, 'yelo.mains', 'g9', 47.4);


INSERT INTO ClusterRep (System_id,distance_sys_virt_centre,planetsAllowed,cluster_id,angle_in_radians,cluster_description,number_stars_in_cluster)  VALUES ('U2013V2003', 1.2663829787234042E11, 'T', 'U2013V2003_0', 1.902408884673819, 'Cluster Number: 0 SINGLESTAR', 1);


INSERT INTO SystemRep (System_id, distance_to_galaxy_centre, ucoordinate, vcoordinate) VALUES ('U2016V2014', 3.392212264404502E16, 2016.0, 2014.0);


INSERT INTO StarRep (System_id,cluster_id,distance_clust_virt_centre,luminosity,no_planets_allowed,angle_in_radians_s,star_color,star_type,star_size)  VALUES ('U2016V2014', 'U2016V2014_0', 5.835294117647059E10, 1.0, 'F', 44.0, 'yelo.mains', 'g2', 43.199999999999996);


INSERT INTO ClusterRep (System_id,distance_sys_virt_centre,planetsAllowed,cluster_id,angle_in_radians,cluster_description,number_stars_in_cluster)  VALUES ('U2016V2014', 9.018181818181818E10, 'T', 'U2016V2014_0', 0.4537856055185257, 'Cluster Number: 0 SINGLESTAR', 1);


INSERT INTO SystemRep (System_id, distance_to_galaxy_centre, ucoordinate, vcoordinate) VALUES ('U2013V2002', 3.379598431711034E16, 2013.0, 2002.0);


INSERT INTO StarRep (System_id,cluster_id,distance_clust_virt_centre,luminosity,no_planets_allowed,angle_in_radians_s,star_color,star_type,star_size)  VALUES ('U2013V2002', 'U2013V2002_0', 4.021621621621622E10, 0.3228, 'F', 152.0, 'blue.dwarf', 'do', 0.0232);


INSERT INTO ClusterRep (System_id,distance_sys_virt_centre,planetsAllowed,cluster_id,angle_in_radians,cluster_description,number_stars_in_cluster)  VALUES ('U2013V2002', 2.834285714285714E11, 'T', 'U2013V2002_0', 1.0471975511965976, 'Cluster Number: 0 SINGLESTAR', 1);


INSERT INTO SystemRep (System_id, distance_to_galaxy_centre, ucoordinate, vcoordinate) VALUES ('U2016V2013', 3.3913710468965204E16, 2016.0, 2013.0);


INSERT INTO SystemRep (System_id, distance_to_galaxy_centre, ucoordinate, vcoordinate) VALUES ('U2013V2001', 3.378759106510436E16, 2013.0, 2001.0);


INSERT INTO StarRep (System_id,cluster_id,distance_clust_virt_centre,luminosity,no_planets_allowed,angle_in_radians_s,star_color,star_type,star_size)  VALUES ('U2013V2001', 'U2013V2001_0', 4.251428571428571E11, 0.046518975683641606, 'F', 19.0, 'red_.mains', 'm3', 0.09316666666666662);


INSERT INTO ClusterRep (System_id,distance_sys_virt_centre,planetsAllowed,cluster_id,angle_in_radians,cluster_description,number_stars_in_cluster)  VALUES ('U2013V2001', 9.6E10, 'T', 'U2013V2001_0', 1.3439035240356338, 'Cluster Number: 0 SINGLESTAR', 1);


INSERT INTO SystemRep (System_id, distance_to_galaxy_centre, ucoordinate, vcoordinate) VALUES ('U2016V2012', 3.3905300386199204E16, 2016.0, 2012.0);


INSERT INTO SystemRep (System_id, distance_to_galaxy_centre, ucoordinate, vcoordinate) VALUES ('U2013V2000', 3.3779199922637364E16, 2013.0, 2000.0);


INSERT INTO SystemRep (System_id, distance_to_galaxy_centre, ucoordinate, vcoordinate) VALUES ('U2016V2011', 3.3896892397304388E16, 2016.0, 2011.0);


INSERT INTO StarRep (System_id,cluster_id,distance_clust_virt_centre,luminosity,no_planets_allowed,angle_in_radians_s,star_color,star_type,star_size)  VALUES ('U2016V2011', 'U2016V2011_0', 3.5011764705882355E10, 0.21509736004568952, 'F', 310.0, 'orng.mains', 'k4', 1.126);


INSERT INTO ClusterRep (System_id,distance_sys_virt_centre,planetsAllowed,cluster_id,angle_in_radians,cluster_description,number_stars_in_cluster)  VALUES ('U2016V2011', 7.348148148148148E10, 'T', 'U2016V2011_0', 6.178465552059927, 'Cluster Number: 0 SINGLESTAR', 1);


INSERT INTO SystemRep (System_id, distance_to_galaxy_centre, ucoordinate, vcoordinate) VALUES ('U2016V2010', 3.3888486503839264E16, 2016.0, 2010.0);


INSERT INTO SystemRep (System_id, distance_to_galaxy_centre, ucoordinate, vcoordinate) VALUES ('U2010V2019', 3.3913785680171064E16, 2010.0, 2019.0);


INSERT INTO SystemRep (System_id, distance_to_galaxy_centre, ucoordinate, vcoordinate) VALUES ('U2010V2018', 3.390535053945887E16, 2010.0, 2018.0);


INSERT INTO StarRep (System_id,cluster_id,distance_clust_virt_centre,luminosity,no_planets_allowed,angle_in_radians_s,star_color,star_type,star_size)  VALUES ('U2010V2018', 'U2010V2018_0', 1.7505882352941177E11, 2370.0, 'F', 358.0, 'red_.gi.i ', 'm6', 11.04);


INSERT INTO ClusterRep (System_id,distance_sys_virt_centre,planetsAllowed,cluster_id,angle_in_radians,cluster_description,number_stars_in_cluster)  VALUES ('U2010V2018', 1.488E11, 'T', 'U2010V2018_0', 2.199114857512855, 'Cluster Number: 0 SINGLESTAR', 1);


INSERT INTO SystemRep (System_id, distance_to_galaxy_centre, ucoordinate, vcoordinate) VALUES ('U2010V2017', 3.3896917480163652E16, 2010.0, 2017.0);


INSERT INTO SystemRep (System_id, distance_to_galaxy_centre, ucoordinate, vcoordinate) VALUES ('U2010V2016', 3.3888486503839264E16, 2010.0, 2016.0);


INSERT INTO StarRep (System_id,cluster_id,distance_clust_virt_centre,luminosity,no_planets_allowed,angle_in_radians_s,star_color,star_type,star_size)  VALUES ('U2010V2016', 'U2010V2016_0', 5.615094339622642E10, 2.32, 'F', 25.0, 'pyel.mains', 'f6', 39.6);


INSERT INTO ClusterRep (System_id,distance_sys_virt_centre,planetsAllowed,cluster_id,angle_in_radians,cluster_description,number_stars_in_cluster)  VALUES ('U2010V2016', 5.952E11, 'T', 'U2010V2016_0', 3.141592653589793, 'Cluster Number: 0 SINGLESTAR', 1);


INSERT INTO SystemRep (System_id, distance_to_galaxy_centre, ucoordinate, vcoordinate) VALUES ('U2010V2015', 3.3880057612040744E16, 2010.0, 2015.0);


INSERT INTO SystemRep (System_id, distance_to_galaxy_centre, ucoordinate, vcoordinate) VALUES ('U2010V2014', 3.387163080632428E16, 2010.0, 2014.0);


INSERT INTO StarRep (System_id,cluster_id,distance_clust_virt_centre,luminosity,no_planets_allowed,angle_in_radians_s,star_color,star_type,star_size)  VALUES ('U2010V2014', 'U2010V2014_0', 3.5011764705882355E10, 2913.520846857579, 'F', 252.0, 'orng.gi.ii', 'k6', 21.599999999999998);


INSERT INTO ClusterRep (System_id,distance_sys_virt_centre,planetsAllowed,cluster_id,angle_in_radians,cluster_description,number_stars_in_cluster)  VALUES ('U2010V2014', 1.1446153846153847E11, 'T', 'U2010V2014_0', 3.420845333908886, 'Cluster Number: 0 SINGLESTAR', 1);


INSERT INTO SystemRep (System_id, distance_to_galaxy_centre, ucoordinate, vcoordinate) VALUES ('U2010V2013', 3.3863206088247228E16, 2010.0, 2013.0);


INSERT INTO SystemRep (System_id, distance_to_galaxy_centre, ucoordinate, vcoordinate) VALUES ('U2010V2012', 3.38547834593681E16, 2010.0, 2012.0);


INSERT INTO StarRep (System_id,cluster_id,distance_clust_virt_centre,luminosity,no_planets_allowed,angle_in_radians_s,star_color,star_type,star_size)  VALUES ('U2010V2012', 'U2010V2012_0', 3.4206896551724136E10, 0.123, 'F', 291.0, 'orng.mains', 'k8', 1.2120000000000002);


INSERT INTO ClusterRep (System_id,distance_sys_virt_centre,planetsAllowed,cluster_id,angle_in_radians,cluster_description,number_stars_in_cluster)  VALUES ('U2010V2012', 2.2892307692307693E11, 'T', 'U2010V2012_0', 2.5830872929516078, 'Cluster Number: 0 SINGLESTAR', 1);


INSERT INTO SystemRep (System_id, distance_to_galaxy_centre, ucoordinate, vcoordinate) VALUES ('U2010V2011', 3.384636292124659E16, 2010.0, 2011.0);


INSERT INTO SystemRep (System_id, distance_to_galaxy_centre, ucoordinate, vcoordinate) VALUES ('U2010V2010', 3.383794447544354E16, 2010.0, 2010.0);


INSERT INTO StarRep (System_id,cluster_id,distance_clust_virt_centre,luminosity,no_planets_allowed,angle_in_radians_s,star_color,star_type,star_size)  VALUES ('U2010V2010', 'U2010V2010_0', 1.488E11, 0.33238646384236104, 'F', 158.0, 'orng.mains', 'k1', 1.0615);


INSERT INTO ClusterRep (System_id,distance_sys_virt_centre,planetsAllowed,cluster_id,angle_in_radians,cluster_description,number_stars_in_cluster)  VALUES ('U2010V2010', 8.883582089552238E10, 'T', 'U2010V2010_0', 2.8623399732707, 'Cluster Number: 0 SINGLESTAR', 1);


INSERT INTO SystemRep (System_id, distance_to_galaxy_centre, ucoordinate, vcoordinate) VALUES ('U2004V2019', 3.3863432057876708E16, 2004.0, 2019.0);


INSERT INTO SystemRep (System_id, distance_to_galaxy_centre, ucoordinate, vcoordinate) VALUES ('U2004V2018', 3.3854984371306984E16, 2004.0, 2018.0);


INSERT INTO StarRep (System_id,cluster_id,distance_clust_virt_centre,luminosity,no_planets_allowed,angle_in_radians_s,star_color,star_type,star_size)  VALUES ('U2004V2018', 'U2004V2018_0', 7.83157894736842E10, 6566.334846471424, 'F', 72.0, 'ltbl.gi.i ', 'b5', 54.166666666666664);


INSERT INTO ClusterRep (System_id,distance_sys_virt_centre,planetsAllowed,cluster_id,angle_in_radians,cluster_description,number_stars_in_cluster)  VALUES ('U2004V2018', 1.3841860465116278E11, 'T', 'U2004V2018_0', 4.276056667386107, 'Cluster Number: 0 SINGLESTAR', 1);


INSERT INTO SystemRep (System_id, distance_to_galaxy_centre, ucoordinate, vcoordinate) VALUES ('U2004V2017', 3.3846538762994364E16, 2004.0, 2017.0);


INSERT INTO SystemRep (System_id, distance_to_galaxy_centre, ucoordinate, vcoordinate) VALUES ('U2004V2016', 3.383809523449498E16, 2004.0, 2016.0);


INSERT INTO StarRep (System_id,cluster_id,distance_clust_virt_centre,luminosity,no_planets_allowed,angle_in_radians_s,star_color,star_type,star_size)  VALUES ('U2004V2016', 'U2004V2016_0', 7.63076923076923E10, 0.0912, 'F', 111.0, 'red_.mains', 'm0', 1.255);


INSERT INTO ClusterRep (System_id,distance_sys_virt_centre,planetsAllowed,cluster_id,angle_in_radians,cluster_description,number_stars_in_cluster)  VALUES ('U2004V2016', 3.5011764705882355E11, 'T', 'U2004V2016_0', 3.420845333908886, 'Cluster Number: 0 SINGLESTAR', 1);


INSERT INTO SystemRep (System_id, distance_to_galaxy_centre, ucoordinate, vcoordinate) VALUES ('U2004V2015', 3.3829653787366136E16, 2004.0, 2015.0);


INSERT INTO SystemRep (System_id, distance_to_galaxy_centre, ucoordinate, vcoordinate) VALUES ('U2004V2014', 3.3821214423166296E16, 2004.0, 2014.0);


INSERT INTO StarRep (System_id,cluster_id,distance_clust_virt_centre,luminosity,no_planets_allowed,angle_in_radians_s,star_color,star_type,star_size)  VALUES ('U2004V2014', 'U2004V2014_0', 4.1333333333333336E10, 0.28157289615948267, 'F', 338.0, 'orng.mains', 'k2', 1.0830000000000002);


INSERT INTO ClusterRep (System_id,distance_sys_virt_centre,planetsAllowed,cluster_id,angle_in_radians,cluster_description,number_stars_in_cluster)  VALUES ('U2004V2014', 1.0088135593220338E11, 'T', 'U2004V2014_0', 3.717551306747922, 'Cluster Number: 0 SINGLESTAR', 1);


INSERT INTO SystemRep (System_id, distance_to_galaxy_centre, ucoordinate, vcoordinate) VALUES ('U2004V2013', 3.3812777143455104E16, 2004.0, 2013.0);


INSERT INTO StarRep (System_id,cluster_id,distance_clust_virt_centre,luminosity,no_planets_allowed,angle_in_radians_s,star_color,star_type,star_size)  VALUES ('U2004V2013', 'U2004V2013_0', 8.266666666666667E10, 0.123, 'F', 32.0, 'orng.mains', 'k8', 1.2120000000000002);


INSERT INTO ClusterRep (System_id,distance_sys_virt_centre,planetsAllowed,cluster_id,angle_in_radians,cluster_description,number_stars_in_cluster)  VALUES ('U2004V2013', 8.626086956521739E10, 'T', 'U2004V2013_0', 5.131268000863329, 'Cluster Number: 0 SINGLESTAR', 1);


INSERT INTO SystemRep (System_id, distance_to_galaxy_centre, ucoordinate, vcoordinate) VALUES ('U2004V2012', 3.3804341949793372E16, 2004.0, 2012.0);


INSERT INTO SystemRep (System_id, distance_to_galaxy_centre, ucoordinate, vcoordinate) VALUES ('U2004V2011', 3.3795908843743084E16, 2004.0, 2011.0);


INSERT INTO StarRep (System_id,cluster_id,distance_clust_virt_centre,luminosity,no_planets_allowed,angle_in_radians_s,star_color,star_type,star_size)  VALUES ('U2004V2011', 'U2004V2011_0', 4.251428571428571E10, 3.55E-5, 'F', 298.0, 'orng.dwarf', 'dk', 0.598);


INSERT INTO ClusterRep (System_id,distance_sys_virt_centre,planetsAllowed,cluster_id,angle_in_radians,cluster_description,number_stars_in_cluster)  VALUES ('U2004V2011', 7.002352941176471E10, 'T', 'U2004V2011_0', 4.5553093477052, 'Cluster Number: 0 SINGLESTAR', 1);


INSERT INTO SystemRep (System_id, distance_to_galaxy_centre, ucoordinate, vcoordinate) VALUES ('U2004V2010', 3.37874778268674E16, 2004.0, 2010.0);


INSERT INTO StarRep (System_id,cluster_id,distance_clust_virt_centre,luminosity,no_planets_allowed,angle_in_radians_s,star_color,star_type,star_size)  VALUES ('U2004V2010', 'U2004V2010_0', 9.92E11, 0.027468210993475108, 'F', 165.0, 'red_.mains', 'm5', 0.10750000000000004);


INSERT INTO ClusterRep (System_id,distance_sys_virt_centre,planetsAllowed,cluster_id,angle_in_radians,cluster_description,number_stars_in_cluster)  VALUES ('U2004V2010', 2.2044444444444446E11, 'T', 'U2004V2010_0', 4.834562028024293, 'Cluster Number: 0 SINGLESTAR', 1);


INSERT INTO SystemRep (System_id, distance_to_galaxy_centre, ucoordinate, vcoordinate) VALUES ('U2017V2019', 3.397262703257433E16, 2017.0, 2019.0);


INSERT INTO StarRep (System_id,cluster_id,distance_clust_virt_centre,luminosity,no_planets_allowed,angle_in_radians_s,star_color,star_type,star_size)  VALUES ('U2017V2019', 'U2017V2019_0', 9.018181818181818E10, 0.2151094546515456, 'F', 135.0, 'orng.mains', 'k4', 1.126);


INSERT INTO ClusterRep (System_id,distance_sys_virt_centre,planetsAllowed,cluster_id,angle_in_radians,cluster_description,number_stars_in_cluster)  VALUES ('U2017V2019', 4.96E11, 'T', 'U2017V2019_0', 5.951572749300663, 'Cluster Number: 0 SINGLESTAR', 1);


INSERT INTO SystemRep (System_id, distance_to_galaxy_centre, ucoordinate, vcoordinate) VALUES ('U2017V2018', 3.3964206505340412E16, 2017.0, 2018.0);


INSERT INTO StarRep (System_id,cluster_id,distance_clust_virt_centre,luminosity,no_planets_allowed,angle_in_radians_s,star_color,star_type,star_size)  VALUES ('U2017V2018', 'U2017V2018_0', 5.952E10, 705.0, 'F', 134.0, 'ltbl.subgi', 'b8', 38.666666666666664);


INSERT INTO ClusterRep (System_id,distance_sys_virt_centre,planetsAllowed,cluster_id,angle_in_radians,cluster_description,number_stars_in_cluster)  VALUES ('U2017V2018', 8.043243243243243E10, 'T', 'U2017V2018_0', 4.60766922526503, 'Cluster Number: 0 SINGLESTAR', 1);


INSERT INTO SystemRep (System_id, distance_to_galaxy_centre, ucoordinate, vcoordinate) VALUES ('U2017V2017', 3.3955788063168964E16, 2017.0, 2017.0);


INSERT INTO StarRep (System_id,cluster_id,distance_clust_virt_centre,luminosity,no_planets_allowed,angle_in_radians_s,star_color,star_type,star_size)  VALUES ('U2017V2017', 'U2017V2017_0', 3.629268292682927E10, 2.8E-5, 'F', 1.0, 'red_.dwarf', 'dm', 0.6413333333333334);


INSERT INTO ClusterRep (System_id,distance_sys_virt_centre,planetsAllowed,cluster_id,angle_in_radians,cluster_description,number_stars_in_cluster)  VALUES ('U2017V2017', 3.5011764705882355E11, 'T', 'U2017V2017_0', 4.9043751981040655, 'Cluster Number: 0 SINGLESTAR', 1);


INSERT INTO SystemRep (System_id, distance_to_galaxy_centre, ucoordinate, vcoordinate) VALUES ('U2017V2016', 3.394737170761118E16, 2017.0, 2016.0);


INSERT INTO StarRep (System_id,cluster_id,distance_clust_virt_centre,luminosity,no_planets_allowed,angle_in_radians_s,star_color,star_type,star_size)  VALUES ('U2017V2016', 'U2017V2016_0', 3.542857142857143E10, 0.216, 'F', 40.0, 'orng.mains', 'k4', 1.126);


INSERT INTO ClusterRep (System_id,distance_sys_virt_centre,planetsAllowed,cluster_id,angle_in_radians,cluster_description,number_stars_in_cluster)  VALUES ('U2017V2016', 6.687640449438202E10, 'T', 'U2017V2016_0', 4.049163864626845, 'Cluster Number: 0 SINGLESTAR', 1);


INSERT INTO SystemRep (System_id, distance_to_galaxy_centre, ucoordinate, vcoordinate) VALUES ('U2017V2015', 3.3938957440219404E16, 2017.0, 2015.0);


INSERT INTO StarRep (System_id,cluster_id,distance_clust_virt_centre,luminosity,no_planets_allowed,angle_in_radians_s,star_color,star_type,star_size)  VALUES ('U2017V2015', 'U2017V2015_0', 1.6533333333333334E11, 1.1976978403073448, 'F', 267.0, 'yelo.mains', 'g0', 42.0);


INSERT INTO ClusterRep (System_id,distance_sys_virt_centre,planetsAllowed,cluster_id,angle_in_radians,cluster_description,number_stars_in_cluster)  VALUES ('U2017V2015', 1.86E11, 'T', 'U2017V2015_0', 4.328416544945937, 'Cluster Number: 0 SINGLESTAR', 1);


INSERT INTO SystemRep (System_id, distance_to_galaxy_centre, ucoordinate, vcoordinate) VALUES ('U2017V2014', 3.393054526254714E16, 2017.0, 2014.0);


INSERT INTO StarRep (System_id,cluster_id,distance_clust_virt_centre,luminosity,no_planets_allowed,angle_in_radians_s,star_color,star_type,star_size)  VALUES ('U2017V2014', 'U2017V2014_0', 3.674074074074074E10, 2.3068232381457694, 'F', 321.0, 'pyel.mains', 'f6', 39.6);


INSERT INTO ClusterRep (System_id,distance_sys_virt_centre,planetsAllowed,cluster_id,angle_in_radians,cluster_description,number_stars_in_cluster)  VALUES ('U2017V2014', 1.3841860465116278E11, 'T', 'U2017V2014_0', 5.742133239061344, 'Cluster Number: 0 SINGLESTAR', 1);


INSERT INTO SystemRep (System_id, distance_to_galaxy_centre, ucoordinate, vcoordinate) VALUES ('U2017V2013', 3.392213517614904E16, 2017.0, 2013.0);


INSERT INTO StarRep (System_id,cluster_id,distance_clust_virt_centre,luminosity,no_planets_allowed,angle_in_radians_s,star_color,star_type,star_size)  VALUES ('U2017V2013', 'U2017V2013_0', 1.86E11, 0.013386936941182113, 'F', 227.0, 'red_.mains', 'm7', 0.12183333333333335);


INSERT INTO ClusterRep (System_id,distance_sys_virt_centre,planetsAllowed,cluster_id,angle_in_radians,cluster_description,number_stars_in_cluster)  VALUES ('U2017V2013', 1.0262068965517241E11, 'T', 'U2017V2013_0', 5.183627878423159, 'Cluster Number: 0 SINGLESTAR', 1);


INSERT INTO SystemRep (System_id, distance_to_galaxy_centre, ucoordinate, vcoordinate) VALUES ('U2017V2012', 3.391372718258092E16, 2017.0, 2012.0);


INSERT INTO StarRep (System_id,cluster_id,distance_clust_virt_centre,luminosity,no_planets_allowed,angle_in_radians_s,star_color,star_type,star_size)  VALUES ('U2017V2012', 'U2017V2012_0', 6.2E10, 0.0912, 'F', 94.0, 'red_.mains', 'm0', 1.255);


INSERT INTO ClusterRep (System_id,distance_sys_virt_centre,planetsAllowed,cluster_id,angle_in_radians,cluster_description,number_stars_in_cluster)  VALUES ('U2017V2012', 5.952E12, 'T', 'U2017V2012_0', 5.462880558742251, 'Cluster Number: 0 SINGLESTAR', 1);


INSERT INTO SystemRep (System_id, distance_to_galaxy_centre, ucoordinate, vcoordinate) VALUES ('U2017V2011', 3.390532128339975E16, 2017.0, 2011.0);


INSERT INTO SystemRep (System_id, distance_to_galaxy_centre, ucoordinate, vcoordinate) VALUES ('U2017V2010', 3.3896917480163652E16, 2017.0, 2010.0);


INSERT INTO StarRep (System_id,cluster_id,distance_clust_virt_centre,luminosity,no_planets_allowed,angle_in_radians_s,star_color,star_type,star_size)  VALUES ('U2017V2010', 'U2017V2010_0', 2.48E11, 0.0466, 'F', 148.0, 'red_.mains', 'm3', 0.09316666666666662);


INSERT INTO ClusterRep (System_id,distance_sys_virt_centre,planetsAllowed,cluster_id,angle_in_radians,cluster_description,number_stars_in_cluster)  VALUES ('U2017V2010', 4.96E11, 'T', 'U2017V2010_0', 0.5934119456780721, 'Cluster Number: 0 SINGLESTAR', 1);


INSERT INTO SystemRep (System_id, distance_to_galaxy_centre, ucoordinate, vcoordinate) VALUES ('U2007V2009', 3.3804279070882136E16, 2007.0, 2009.0);


INSERT INTO SystemRep (System_id, distance_to_galaxy_centre, ucoordinate, vcoordinate) VALUES ('U2007V2008', 3.3795858528071276E16, 2007.0, 2008.0);


INSERT INTO StarRep (System_id,cluster_id,distance_clust_virt_centre,luminosity,no_planets_allowed,angle_in_radians_s,star_color,star_type,star_size)  VALUES ('U2007V2008', 'U2007V2008_0', 5.2210526315789474E10, 127388.91928981795, 'F', 244.0, 'blue.subgi', 'o8', 27.333333333333336);


INSERT INTO ClusterRep (System_id,distance_sys_virt_centre,planetsAllowed,cluster_id,angle_in_radians,cluster_description,number_stars_in_cluster)  VALUES ('U2007V2008', 8.883582089552238E10, 'T', 'U2007V2008_0', 0.2792526803190927, 'Cluster Number: 0 SINGLESTAR', 1);


INSERT INTO SystemRep (System_id, distance_to_galaxy_centre, ucoordinate, vcoordinate) VALUES ('U2007V2007', 3.378744008070407E16, 2007.0, 2007.0);


INSERT INTO StarRep (System_id,cluster_id,distance_clust_virt_centre,luminosity,no_planets_allowed,angle_in_radians_s,star_color,star_type,star_size)  VALUES ('U2007V2007', 'U2007V2007_0', 5.1310344827586205E10, 0.0734, 'F', 284.0, 'red_.mains', 'm1', 0.07883333333333331);


INSERT INTO ClusterRep (System_id,distance_sys_virt_centre,planetsAllowed,cluster_id,angle_in_radians,cluster_description,number_stars_in_cluster)  VALUES ('U2007V2007', 1.488E11, 'T', 'U2007V2007_0', 5.707226654021458, 'Cluster Number: 0 SINGLESTAR', 1);


INSERT INTO SystemRep (System_id, distance_to_galaxy_centre, ucoordinate, vcoordinate) VALUES ('U2007V2006', 3.3779023730347212E16, 2007.0, 2006.0);


INSERT INTO StarRep (System_id,cluster_id,distance_clust_virt_centre,luminosity,no_planets_allowed,angle_in_radians_s,star_color,star_type,star_size)  VALUES ('U2007V2006', 'U2007V2006_0', 3.2703296703296703E10, 2.319697634383143, 'F', 151.0, 'pyel.mains', 'f6', 39.6);


INSERT INTO ClusterRep (System_id,distance_sys_virt_centre,planetsAllowed,cluster_id,angle_in_radians,cluster_description,number_stars_in_cluster)  VALUES ('U2007V2006', 7.258536585365854E10, 'T', 'U2007V2006_0', 5.986479334340551, 'Cluster Number: 0 SINGLESTAR', 1);


INSERT INTO SystemRep (System_id, distance_to_galaxy_centre, ucoordinate, vcoordinate) VALUES ('U2007V2005', 3.3770609478568548E16, 2007.0, 2005.0);


INSERT INTO SystemRep (System_id, distance_to_galaxy_centre, ucoordinate, vcoordinate) VALUES ('U2007V2004', 3.376219732693712E16, 2007.0, 2004.0);


INSERT INTO SystemRep (System_id, distance_to_galaxy_centre, ucoordinate, vcoordinate) VALUES ('U2007V2003', 3.3753787277023124E16, 2007.0, 2003.0);


INSERT INTO StarRep (System_id,cluster_id,distance_clust_virt_centre,luminosity,no_planets_allowed,angle_in_radians_s,star_color,star_type,star_size)  VALUES ('U2007V2003', 'U2007V2003_0', 5.410909090909091E10, 0.09110993344823978, 'F', 204.0, 'red_.mains', 'm0', 1.255);


INSERT INTO ClusterRep (System_id,distance_sys_virt_centre,planetsAllowed,cluster_id,angle_in_radians,cluster_description,number_stars_in_cluster)  VALUES ('U2007V2003', 6.4E10, 'T', 'U2007V2003_0', 1.117010721276371, 'Cluster Number: 0 SINGLESTAR', 1);


INSERT INTO SystemRep (System_id, distance_to_galaxy_centre, ucoordinate, vcoordinate) VALUES ('U2007V2002', 3.3745379330397932E16, 2007.0, 2002.0);


INSERT INTO SystemRep (System_id, distance_to_galaxy_centre, ucoordinate, vcoordinate) VALUES ('U2007V2001', 3.3736973488634096E16, 2007.0, 2001.0);


INSERT INTO SystemRep (System_id, distance_to_galaxy_centre, ucoordinate, vcoordinate) VALUES ('U2007V2000', 3.372856975330534E16, 2007.0, 2000.0);


INSERT INTO StarRep (System_id,cluster_id,distance_clust_virt_centre,luminosity,no_planets_allowed,angle_in_radians_s,star_color,star_type,star_size)  VALUES ('U2007V2000', 'U2007V2000_0', 3.343820224719101E10, 3.75E-5, 'F', 111.0, 'orng.dwarf', 'dk', 0.5633333333333334);


INSERT INTO ClusterRep (System_id,distance_sys_virt_centre,planetsAllowed,cluster_id,angle_in_radians,cluster_description,number_stars_in_cluster)  VALUES ('U2007V2000', 6.613333333333334E11, 'T', 'U2007V2000_0', 0.5585053606381855, 'Cluster Number: 0 SINGLESTAR', 1);


INSERT INTO SystemRep (System_id, distance_to_galaxy_centre, ucoordinate, vcoordinate) VALUES ('U2003V2009', 3.377064304743752E16, 2003.0, 2009.0);


INSERT INTO StarRep (System_id,cluster_id,distance_clust_virt_centre,luminosity,no_planets_allowed,angle_in_radians_s,star_color,star_type,star_size)  VALUES ('U2003V2009', 'U2003V2009_0', 5.044067796610169E10, 78531.61857668661, 'F', 140.0, 'blue.mains', 'o8', 6.5);


INSERT INTO StarRep (System_id,cluster_id,distance_clust_virt_centre,luminosity,no_planets_allowed,angle_in_radians_s,star_color,star_type,star_size)  VALUES ('U2003V2009', 'U2003V2009_0', 5.2210526315789474E10, 1.2, 'F', 347.0, 'yelo.mains', 'g0', 42.0);


INSERT INTO StarRep (System_id,cluster_id,distance_clust_virt_centre,luminosity,no_planets_allowed,angle_in_radians_s,star_color,star_type,star_size)  VALUES ('U2003V2009', 'U2003V2009_0', 3.864935064935065E10, 2820.0, 'F', 65.0, 'ltbl.gi.i ', 'b7', 55.833333333333336);


INSERT INTO StarRep (System_id,cluster_id,distance_clust_virt_centre,luminosity,no_planets_allowed,angle_in_radians_s,star_color,star_type,star_size)  VALUES ('U2003V2009', 'U2003V2009_0', 4.578461538461539E10, 0.408, 'F', 219.0, 'yelo.mains', 'g9', 47.4);


INSERT INTO StarRep (System_id,cluster_id,distance_clust_virt_centre,luminosity,no_planets_allowed,angle_in_radians_s,star_color,star_type,star_size)  VALUES ('U2003V2009', 'U2003V2009_2', 1.1446153846153847E11, 0.01334364072928549, 'F', 4.0, 'red_.mains', 'm7', 0.12183333333333335);


INSERT INTO StarRep (System_id,cluster_id,distance_clust_virt_centre,luminosity,no_planets_allowed,angle_in_radians_s,star_color,star_type,star_size)  VALUES ('U2003V2009', 'U2003V2009_3', 3.72E11, 0.945, 'F', 277.0, 'yelo.mains', 'g3', 43.8);


INSERT INTO ClusterRep (System_id,distance_sys_virt_centre,planetsAllowed,cluster_id,angle_in_radians,cluster_description,number_stars_in_cluster)  VALUES ('U2003V2009', 3.1026382978723403E12, 'F', 'U2003V2009_3', 4.311239714426573, 'Cluster Number: 3 FIVESTAR_FOURSTARSPREADPLUSONE', 1);


INSERT INTO SystemRep (System_id, distance_to_galaxy_centre, ucoordinate, vcoordinate) VALUES ('U2011V2019', 3.3922185304518812E16, 2011.0, 2019.0);


INSERT INTO StarRep (System_id,cluster_id,distance_clust_virt_centre,luminosity,no_planets_allowed,angle_in_radians_s,star_color,star_type,star_size)  VALUES ('U2011V2019', 'U2011V2019_0', 4.96E11, 27600.0, 'F', 119.0, 'ltbl.gi.ii', 'b5', 50.0);


INSERT INTO ClusterRep (System_id,distance_sys_virt_centre,planetsAllowed,cluster_id,angle_in_radians,cluster_description,number_stars_in_cluster)  VALUES ('U2011V2019', 6.073469387755102E10, 'T', 'U2011V2019_0', 1.0122909661567112, 'Cluster Number: 0 SINGLESTAR', 1);


INSERT INTO SystemRep (System_id, distance_to_galaxy_centre, ucoordinate, vcoordinate) VALUES ('U2003V2008', 3.3762214115557764E16, 2003.0, 2008.0);


INSERT INTO StarRep (System_id,cluster_id,distance_clust_virt_centre,luminosity,no_planets_allowed,angle_in_radians_s,star_color,star_type,star_size)  VALUES ('U2003V2008', 'U2003V2008_0', 5.410909090909091E10, 17.968597486491753, 'F', 61.0, 'pyel.subgi', 'f1', 47.33333333333334);


INSERT INTO StarRep (System_id,cluster_id,distance_clust_virt_centre,luminosity,no_planets_allowed,angle_in_radians_s,star_color,star_type,star_size)  VALUES ('U2003V2008', 'U2003V2008_0', 3.542857142857143E10, 0.013288781699112425, 'F', 356.0, 'red_.mains', 'm7', 0.12183333333333335);


INSERT INTO StarRep (System_id,cluster_id,distance_clust_virt_centre,luminosity,no_planets_allowed,angle_in_radians_s,star_color,star_type,star_size)  VALUES ('U2003V2008', 'U2003V2008_0', 3.1659574468085106E10, 0.0466, 'F', 275.0, 'red_.mains', 'm3', 0.09316666666666662);


INSERT INTO StarRep (System_id,cluster_id,distance_clust_virt_centre,luminosity,no_planets_allowed,angle_in_radians_s,star_color,star_type,star_size)  VALUES ('U2003V2008', 'U2003V2008_0', 6.920930232558139E10, 11389.906636521995, 'F', 153.0, 'whit.sg.i ', 'a6', 13.333333333333334);


INSERT INTO StarRep (System_id,cluster_id,distance_clust_virt_centre,luminosity,no_planets_allowed,angle_in_radians_s,star_color,star_type,star_size)  VALUES ('U2003V2008', 'U2003V2008_2', 5.615094339622642E10, 2.7984530954964665E-5, 'F', 127.0, 'red_.dwarf', 'dm', 0.6413333333333334);


INSERT INTO StarRep (System_id,cluster_id,distance_clust_virt_centre,luminosity,no_planets_allowed,angle_in_radians_s,star_color,star_type,star_size)  VALUES ('U2003V2008', 'U2003V2008_3', 4.441791044776119E10, 0.216, 'F', 199.0, 'orng.mains', 'k4', 1.126);


INSERT INTO ClusterRep (System_id,distance_sys_virt_centre,planetsAllowed,cluster_id,angle_in_radians,cluster_description,number_stars_in_cluster)  VALUES ('U2003V2008', 3.1885714285714287E12, 'F', 'U2003V2008_3', 2.4271400911591043, 'Cluster Number: 3 FIVESTAR_FOURSTARSPREADPLUSONE', 1);


INSERT INTO SystemRep (System_id, distance_to_galaxy_centre, ucoordinate, vcoordinate) VALUES ('U2011V2018', 3.3913752252989052E16, 2011.0, 2018.0);


INSERT INTO SystemRep (System_id, distance_to_galaxy_centre, ucoordinate, vcoordinate) VALUES ('U2003V2007', 3.3753787277023124E16, 2003.0, 2007.0);


INSERT INTO SystemRep (System_id, distance_to_galaxy_centre, ucoordinate, vcoordinate) VALUES ('U2011V2017', 3.390532128339975E16, 2011.0, 2017.0);


INSERT INTO StarRep (System_id,cluster_id,distance_clust_virt_centre,luminosity,no_planets_allowed,angle_in_radians_s,star_color,star_type,star_size)  VALUES ('U2011V2017', 'U2011V2017_0', 4.251428571428571E11, 0.12263568597802997, 'F', 158.0, 'orng.mains', 'k8', 1.2120000000000002);


INSERT INTO ClusterRep (System_id,distance_sys_virt_centre,planetsAllowed,cluster_id,angle_in_radians,cluster_description,number_stars_in_cluster)  VALUES ('U2011V2017', 8.266666666666667E10, 'T', 'U2011V2017_0', 0.15707963267948966, 'Cluster Number: 0 SINGLESTAR', 1);


INSERT INTO SystemRep (System_id, distance_to_galaxy_centre, ucoordinate, vcoordinate) VALUES ('U2003V2006', 3.374536253340183E16, 2003.0, 2006.0);


INSERT INTO StarRep (System_id,cluster_id,distance_clust_virt_centre,luminosity,no_planets_allowed,angle_in_radians_s,star_color,star_type,star_size)  VALUES ('U2003V2006', 'U2003V2006_0', 3.381818181818182E10, 2.7978855744144395E-5, 'F', 287.0, 'red_.dwarf', 'dm', 0.6413333333333334);


INSERT INTO StarRep (System_id,cluster_id,distance_clust_virt_centre,luminosity,no_planets_allowed,angle_in_radians_s,star_color,star_type,star_size)  VALUES ('U2003V2006', 'U2003V2006_0', 4.1333333333333336E10, 3.161118831537874, 'F', 358.0, 'pyel.mains', 'f4', 38.4);


INSERT INTO StarRep (System_id,cluster_id,distance_clust_virt_centre,luminosity,no_planets_allowed,angle_in_radians_s,star_color,star_type,star_size)  VALUES ('U2003V2006', 'U2003V2006_0', 2.1257142857142856E11, 0.123, 'F', 70.0, 'orng.mains', 'k8', 1.2120000000000002);


INSERT INTO StarRep (System_id,cluster_id,distance_clust_virt_centre,luminosity,no_planets_allowed,angle_in_radians_s,star_color,star_type,star_size)  VALUES ('U2003V2006', 'U2003V2006_0', 4.1333333333333336E10, 0.216, 'F', 23.0, 'orng.mains', 'k4', 1.126);


INSERT INTO StarRep (System_id,cluster_id,distance_clust_virt_centre,luminosity,no_planets_allowed,angle_in_radians_s,star_color,star_type,star_size)  VALUES ('U2003V2006', 'U2003V2006_2', 7.258536585365854E10, 0.2144423327933901, 'F', 327.0, 'orng.mains', 'k4', 1.126);


INSERT INTO StarRep (System_id,cluster_id,distance_clust_virt_centre,luminosity,no_planets_allowed,angle_in_radians_s,star_color,star_type,star_size)  VALUES ('U2003V2006', 'U2003V2006_3', 3.91578947368421E10, 2.32, 'F', 6.0, 'pyel.mains', 'f6', 39.6);


INSERT INTO ClusterRep (System_id,distance_sys_virt_centre,planetsAllowed,cluster_id,angle_in_radians,cluster_description,number_stars_in_cluster)  VALUES ('U2003V2006', 3.156363636363636E12, 'F', 'U2003V2006_3', 2.1124863841452437, 'Cluster Number: 3 FIVESTAR_FOURSTARSPREADPLUSONE', 1);


INSERT INTO SystemRep (System_id, distance_to_galaxy_centre, ucoordinate, vcoordinate) VALUES ('U2011V2016', 3.3896892397304388E16, 2011.0, 2016.0);


INSERT INTO SystemRep (System_id, distance_to_galaxy_centre, ucoordinate, vcoordinate) VALUES ('U2003V2005', 3.3736939886263308E16, 2003.0, 2005.0);


INSERT INTO StarRep (System_id,cluster_id,distance_clust_virt_centre,luminosity,no_planets_allowed,angle_in_radians_s,star_color,star_type,star_size)  VALUES ('U2003V2005', 'U2003V2005_0', 1.2939130434782608E11, 1.0, 'F', 194.0, 'yelo.mains', 'g2', 43.199999999999996);


INSERT INTO StarRep (System_id,cluster_id,distance_clust_virt_centre,luminosity,no_planets_allowed,angle_in_radians_s,star_color,star_type,star_size)  VALUES ('U2003V2005', 'U2003V2005_0', 3.1E10, 0.40792096186571397, 'F', 355.0, 'yelo.mains', 'g9', 47.4);


INSERT INTO StarRep (System_id,cluster_id,distance_clust_virt_centre,luminosity,no_planets_allowed,angle_in_radians_s,star_color,star_type,star_size)  VALUES ('U2003V2005', 'U2003V2005_0', 4.021621621621622E10, 2.8E-5, 'F', 120.0, 'red_.dwarf', 'dm', 0.6413333333333334);


INSERT INTO StarRep (System_id,cluster_id,distance_clust_virt_centre,luminosity,no_planets_allowed,angle_in_radians_s,star_color,star_type,star_size)  VALUES ('U2003V2005', 'U2003V2005_0', 2.1257142857142856E11, 0.0912, 'F', 284.0, 'red_.mains', 'm0', 1.255);


INSERT INTO StarRep (System_id,cluster_id,distance_clust_virt_centre,luminosity,no_planets_allowed,angle_in_radians_s,star_color,star_type,star_size)  VALUES ('U2003V2005', 'U2003V2005_2', 4.578461538461539E10, 1.1986800920065221, 'F', 286.0, 'yelo.mains', 'g0', 42.0);


INSERT INTO StarRep (System_id,cluster_id,distance_clust_virt_centre,luminosity,no_planets_allowed,angle_in_radians_s,star_color,star_type,star_size)  VALUES ('U2003V2005', 'U2003V2005_3', 5.2210526315789474E10, 0.0096, 'F', 32.0, 'red_.mains', 'm9', 0.13616666666666666);


INSERT INTO ClusterRep (System_id,distance_sys_virt_centre,planetsAllowed,cluster_id,angle_in_radians,cluster_description,number_stars_in_cluster)  VALUES ('U2003V2005', 3.2347826086956523E12, 'F', 'U2003V2005_3', 2.741793798172965, 'Cluster Number: 3 FIVESTAR_FOURSTARSPREADPLUSONE', 1);


INSERT INTO SystemRep (System_id, distance_to_galaxy_centre, ucoordinate, vcoordinate) VALUES ('U2011V2015', 3.3888465596257616E16, 2011.0, 2015.0);


INSERT INTO StarRep (System_id,cluster_id,distance_clust_virt_centre,luminosity,no_planets_allowed,angle_in_radians_s,star_color,star_type,star_size)  VALUES ('U2011V2015', 'U2011V2015_0', 7.44E10, 0.333, 'F', 25.0, 'orng.mains', 'k1', 1.0615);


INSERT INTO ClusterRep (System_id,distance_sys_virt_centre,planetsAllowed,cluster_id,angle_in_radians,cluster_description,number_stars_in_cluster)  VALUES ('U2011V2015', 3.968E11, 'T', 'U2011V2015_0', 0.4363323129985824, 'Cluster Number: 0 SINGLESTAR', 1);


INSERT INTO SystemRep (System_id, distance_to_galaxy_centre, ucoordinate, vcoordinate) VALUES ('U2003V2004', 3.3728519337178144E16, 2003.0, 2004.0);


INSERT INTO SystemRep (System_id, distance_to_galaxy_centre, ucoordinate, vcoordinate) VALUES ('U2011V2014', 3.388004088181524E16, 2011.0, 2014.0);


INSERT INTO SystemRep (System_id, distance_to_galaxy_centre, ucoordinate, vcoordinate) VALUES ('U2003V2003', 3.3720100887718116E16, 2003.0, 2003.0);


INSERT INTO SystemRep (System_id, distance_to_galaxy_centre, ucoordinate, vcoordinate) VALUES ('U2011V2013', 3.3871618255534236E16, 2011.0, 2013.0);


INSERT INTO StarRep (System_id,cluster_id,distance_clust_virt_centre,luminosity,no_planets_allowed,angle_in_radians_s,star_color,star_type,star_size)  VALUES ('U2011V2013', 'U2011V2013_0', 5.2210526315789474E10, 2.7981398140832276E-5, 'F', 24.0, 'red_.dwarf', 'dm', 0.6413333333333334);


INSERT INTO ClusterRep (System_id,distance_sys_virt_centre,planetsAllowed,cluster_id,angle_in_radians,cluster_description,number_stars_in_cluster)  VALUES ('U2011V2013', 7.83157894736842E10, 'T', 'U2011V2013_0', 5.375614096142535, 'Cluster Number: 0 SINGLESTAR', 1);


INSERT INTO SystemRep (System_id, distance_to_galaxy_centre, ucoordinate, vcoordinate) VALUES ('U2003V2002', 3.371168453945617E16, 2003.0, 2002.0);


INSERT INTO StarRep (System_id,cluster_id,distance_clust_virt_centre,luminosity,no_planets_allowed,angle_in_radians_s,star_color,star_type,star_size)  VALUES ('U2003V2002', 'U2003V2002_0', 8.752941176470589E10, 0.712, 'F', 73.0, 'yelo.mains', 'g5', 45.0);


INSERT INTO StarRep (System_id,cluster_id,distance_clust_virt_centre,luminosity,no_planets_allowed,angle_in_radians_s,star_color,star_type,star_size)  VALUES ('U2003V2002', 'U2003V2002_0', 1.7505882352941177E11, 0.013370174614137883, 'F', 328.0, 'red_.mains', 'm7', 0.12183333333333335);


INSERT INTO StarRep (System_id,cluster_id,distance_clust_virt_centre,luminosity,no_planets_allowed,angle_in_radians_s,star_color,star_type,star_size)  VALUES ('U2003V2002', 'U2003V2002_0', 1.1446153846153847E11, 2.95E-5, 'F', 209.0, 'red_.dwarf', 'dm', 0.6153333333333334);


INSERT INTO StarRep (System_id,cluster_id,distance_clust_virt_centre,luminosity,no_planets_allowed,angle_in_radians_s,star_color,star_type,star_size)  VALUES ('U2003V2002', 'U2003V2002_0', 3.674074074074074E10, 0.0912, 'F', 119.0, 'red_.mains', 'm0', 1.255);


INSERT INTO StarRep (System_id,cluster_id,distance_clust_virt_centre,luminosity,no_planets_allowed,angle_in_radians_s,star_color,star_type,star_size)  VALUES ('U2003V2002', 'U2003V2002_2', 3.542857142857143E10, 0.0276, 'F', 278.0, 'red_.mains', 'm5', 0.10750000000000004);


INSERT INTO StarRep (System_id,cluster_id,distance_clust_virt_centre,luminosity,no_planets_allowed,angle_in_radians_s,star_color,star_type,star_size)  VALUES ('U2003V2002', 'U2003V2002_3', 3.674074074074074E10, 486.06132487530505, 'F', 265.0, 'ltbl.mains', 'b8', 28.8);


INSERT INTO ClusterRep (System_id,distance_sys_virt_centre,planetsAllowed,cluster_id,angle_in_radians,cluster_description,number_stars_in_cluster)  VALUES ('U2003V2002', 3.1744E12, 'F', 'U2003V2002_3', 2.7585931517300004, 'Cluster Number: 3 FIVESTAR_FOURSTARSPREADPLUSONE', 1);


INSERT INTO SystemRep (System_id, distance_to_galaxy_centre, ucoordinate, vcoordinate) VALUES ('U2011V2012', 3.3863197718972732E16, 2011.0, 2012.0);


INSERT INTO StarRep (System_id,cluster_id,distance_clust_virt_centre,luminosity,no_planets_allowed,angle_in_radians_s,star_color,star_type,star_size)  VALUES ('U2011V2012', 'U2011V2012_0', 3.343820224719101E10, 0.013289393651961658, 'F', 250.0, 'red_.mains', 'm7', 0.12183333333333335);


INSERT INTO ClusterRep (System_id,distance_sys_virt_centre,planetsAllowed,cluster_id,angle_in_radians,cluster_description,number_stars_in_cluster)  VALUES ('U2011V2012', 3.132631578947368E11, 'T', 'U2011V2012_0', 5.654866776461628, 'Cluster Number: 0 SINGLESTAR', 1);


INSERT INTO SystemRep (System_id, distance_to_galaxy_centre, ucoordinate, vcoordinate) VALUES ('U2003V2001', 3.3703270293966428E16, 2003.0, 2001.0);


INSERT INTO StarRep (System_id,cluster_id,distance_clust_virt_centre,luminosity,no_planets_allowed,angle_in_radians_s,star_color,star_type,star_size)  VALUES ('U2003V2001', 'U2003V2001_0', 4.376470588235294E10, 0.04655833134202917, 'F', 339.0, 'red_.mains', 'm3', 0.09316666666666662);


INSERT INTO StarRep (System_id,cluster_id,distance_clust_virt_centre,luminosity,no_planets_allowed,angle_in_radians_s,star_color,star_type,star_size)  VALUES ('U2003V2001', 'U2003V2001_0', 7.258536585365854E10, 2.8990115600475222E-5, 'F', 325.0, 'red_.dwarf', 'dm', 0.624);


INSERT INTO StarRep (System_id,cluster_id,distance_clust_virt_centre,luminosity,no_planets_allowed,angle_in_radians_s,star_color,star_type,star_size)  VALUES ('U2003V2001', 'U2003V2001_0', 3.4604651162790695E10, 0.408, 'F', 258.0, 'yelo.mains', 'g9', 47.4);


INSERT INTO StarRep (System_id,cluster_id,distance_clust_virt_centre,luminosity,no_planets_allowed,angle_in_radians_s,star_color,star_type,star_size)  VALUES ('U2003V2001', 'U2003V2001_0', 1.3527272727272728E11, 0.0466, 'F', 21.0, 'red_.mains', 'm3', 0.09316666666666662);


INSERT INTO StarRep (System_id,cluster_id,distance_clust_virt_centre,luminosity,no_planets_allowed,angle_in_radians_s,star_color,star_type,star_size)  VALUES ('U2003V2001', 'U2003V2001_2', 3.306666666666667E11, 2.3159589357172092, 'F', 237.0, 'pyel.mains', 'f6', 39.6);


INSERT INTO StarRep (System_id,cluster_id,distance_clust_virt_centre,luminosity,no_planets_allowed,angle_in_radians_s,star_color,star_type,star_size)  VALUES ('U2003V2001', 'U2003V2001_3', 4.878688524590164E10, 0.046402139741127016, 'F', 291.0, 'red_.mains', 'm3', 0.09316666666666662);


INSERT INTO ClusterRep (System_id,distance_sys_virt_centre,planetsAllowed,cluster_id,angle_in_radians,cluster_description,number_stars_in_cluster)  VALUES ('U2003V2001', 3.2736E12, 'F', 'U2003V2001_3', 3.3859865980614074, 'Cluster Number: 3 FIVESTAR_FOURSTARSPREADPLUSONE', 1);


INSERT INTO SystemRep (System_id, distance_to_galaxy_centre, ucoordinate, vcoordinate) VALUES ('U2011V2011', 3.3854779273690028E16, 2011.0, 2011.0);


INSERT INTO SystemRep (System_id, distance_to_galaxy_centre, ucoordinate, vcoordinate) VALUES ('U2003V2000', 3.369485815282421E16, 2003.0, 2000.0);


INSERT INTO SystemRep (System_id, distance_to_galaxy_centre, ucoordinate, vcoordinate) VALUES ('U2011V2010', 3.384636292124659E16, 2011.0, 2010.0);


INSERT INTO StarRep (System_id,cluster_id,distance_clust_virt_centre,luminosity,no_planets_allowed,angle_in_radians_s,star_color,star_type,star_size)  VALUES ('U2011V2010', 'U2011V2010_0', 3.2703296703296703E10, 0.9429784444272332, 'F', 290.0, 'yelo.mains', 'g3', 43.8);


INSERT INTO ClusterRep (System_id,distance_sys_virt_centre,planetsAllowed,cluster_id,angle_in_radians,cluster_description,number_stars_in_cluster)  VALUES ('U2011V2010', 6.469565217391304E10, 'T', 'U2011V2010_0', 4.817108735504349, 'Cluster Number: 0 SINGLESTAR', 1);


INSERT INTO SystemRep (System_id, distance_to_galaxy_centre, ucoordinate, vcoordinate) VALUES ('U2005V2019', 3.3871819067616904E16, 2005.0, 2019.0);


INSERT INTO StarRep (System_id,cluster_id,distance_clust_virt_centre,luminosity,no_planets_allowed,angle_in_radians_s,star_color,star_type,star_size)  VALUES ('U2005V2019', 'U2005V2019_0', 7.63076923076923E10, 0.333, 'F', 202.0, 'orng.mains', 'k1', 1.0615);


INSERT INTO StarRep (System_id,cluster_id,distance_clust_virt_centre,luminosity,no_planets_allowed,angle_in_radians_s,star_color,star_type,star_size)  VALUES ('U2005V2019', 'U2005V2019_0', 6.469565217391304E10, 1.195732727027121, 'F', 197.0, 'yelo.mains', 'g0', 42.0);


INSERT INTO StarRep (System_id,cluster_id,distance_clust_virt_centre,luminosity,no_planets_allowed,angle_in_radians_s,star_color,star_type,star_size)  VALUES ('U2005V2019', 'U2005V2019_0', 3.2E10, 0.21542215766046677, 'F', 176.0, 'orng.mains', 'k4', 1.126);


INSERT INTO StarRep (System_id,cluster_id,distance_clust_virt_centre,luminosity,no_planets_allowed,angle_in_radians_s,star_color,star_type,star_size)  VALUES ('U2005V2019', 'U2005V2019_0', 4.251428571428571E11, 0.09051349617358168, 'F', 261.0, 'red_.mains', 'm0', 1.255);


INSERT INTO StarRep (System_id,cluster_id,distance_clust_virt_centre,luminosity,no_planets_allowed,angle_in_radians_s,star_color,star_type,star_size)  VALUES ('U2005V2019', 'U2005V2019_0', 9.018181818181818E10, 0.216, 'F', 279.0, 'orng.mains', 'k4', 1.126);


INSERT INTO StarRep (System_id,cluster_id,distance_clust_virt_centre,luminosity,no_planets_allowed,angle_in_radians_s,star_color,star_type,star_size)  VALUES ('U2005V2019', 'U2005V2019_2', 7.085714285714285E10, 983094.6930359993, 'F', 102.0, 'blue.gi.ii', 'o8', 40.0);


INSERT INTO StarRep (System_id,cluster_id,distance_clust_virt_centre,luminosity,no_planets_allowed,angle_in_radians_s,star_color,star_type,star_size)  VALUES ('U2005V2019', 'U2005V2019_3', 6.331914893617021E10, 0.408, 'F', 207.0, 'yelo.mains', 'g9', 47.4);


INSERT INTO StarRep (System_id,cluster_id,distance_clust_virt_centre,luminosity,no_planets_allowed,angle_in_radians_s,star_color,star_type,star_size)  VALUES ('U2005V2019', 'U2005V2019_4', 3.068041237113402E10, 0.3228, 'F', 149.0, 'blue.dwarf', 'do', 0.0232);


INSERT INTO ClusterRep (System_id,distance_sys_virt_centre,planetsAllowed,cluster_id,angle_in_radians,cluster_description,number_stars_in_cluster)  VALUES ('U2005V2019', 1.1670588235294118E11, 'F', 'U2005V2019_4', 1.8849555921538759, 'Cluster Number: 4 FIVESTAR_SPREAD', 1);


INSERT INTO SystemRep (System_id, distance_to_galaxy_centre, ucoordinate, vcoordinate) VALUES ('U2005V2018', 3.3863373473302744E16, 2005.0, 2018.0);


INSERT INTO SystemRep (System_id, distance_to_galaxy_centre, ucoordinate, vcoordinate) VALUES ('U2005V2017', 3.38549299577746E16, 2005.0, 2017.0);


INSERT INTO StarRep (System_id,cluster_id,distance_clust_virt_centre,luminosity,no_planets_allowed,angle_in_radians_s,star_color,star_type,star_size)  VALUES ('U2005V2017', 'U2005V2017_0', 4.1915492957746475E10, 2.3195141185470307, 'F', 68.0, 'pyel.mains', 'f6', 39.6);


INSERT INTO StarRep (System_id,cluster_id,distance_clust_virt_centre,luminosity,no_planets_allowed,angle_in_radians_s,star_color,star_type,star_size)  VALUES ('U2005V2017', 'U2005V2017_0', 8.752941176470589E10, 0.04601484556488512, 'F', 199.0, 'red_.mains', 'm3', 0.09316666666666662);


INSERT INTO StarRep (System_id,cluster_id,distance_clust_virt_centre,luminosity,no_planets_allowed,angle_in_radians_s,star_color,star_type,star_size)  VALUES ('U2005V2017', 'U2005V2017_0', 2.2892307692307693E11, 1.2, 'F', 331.0, 'yelo.mains', 'g0', 42.0);


INSERT INTO StarRep (System_id,cluster_id,distance_clust_virt_centre,luminosity,no_planets_allowed,angle_in_radians_s,star_color,star_type,star_size)  VALUES ('U2005V2017', 'U2005V2017_0', 8.266666666666667E10, 9780.0, 'F', 130.0, 'ltbl.gi.ii', 'b7', 51.333333333333336);


INSERT INTO StarRep (System_id,cluster_id,distance_clust_virt_centre,luminosity,no_planets_allowed,angle_in_radians_s,star_color,star_type,star_size)  VALUES ('U2005V2017', 'U2005V2017_0', 9.92E11, 141000.0, 'F', 306.0, 'blue.mains', 'o8', 5.166666666666667);


INSERT INTO StarRep (System_id,cluster_id,distance_clust_virt_centre,luminosity,no_planets_allowed,angle_in_radians_s,star_color,star_type,star_size)  VALUES ('U2005V2017', 'U2005V2017_2', 4.251428571428571E10, 0.33140611179492574, 'F', 96.0, 'orng.mains', 'k1', 1.0615);


INSERT INTO StarRep (System_id,cluster_id,distance_clust_virt_centre,luminosity,no_planets_allowed,angle_in_radians_s,star_color,star_type,star_size)  VALUES ('U2005V2017', 'U2005V2017_3', 2.976E11, 0.216, 'F', 42.0, 'orng.mains', 'k4', 1.126);


INSERT INTO StarRep (System_id,cluster_id,distance_clust_virt_centre,luminosity,no_planets_allowed,angle_in_radians_s,star_color,star_type,star_size)  VALUES ('U2005V2017', 'U2005V2017_4', 3.91578947368421E10, 0.162, 'F', 163.0, 'orng.mains', 'k6', 1.169);


INSERT INTO ClusterRep (System_id,distance_sys_virt_centre,planetsAllowed,cluster_id,angle_in_radians,cluster_description,number_stars_in_cluster)  VALUES ('U2005V2017', 2.976E12, 'F', 'U2005V2017_4', 0.8552113334772214, 'Cluster Number: 4 FIVESTAR_SPREAD', 1);


INSERT INTO SystemRep (System_id, distance_to_galaxy_centre, ucoordinate, vcoordinate) VALUES ('U2005V2016', 3.3846488522588216E16, 2005.0, 2016.0);


INSERT INTO StarRep (System_id,cluster_id,distance_clust_virt_centre,luminosity,no_planets_allowed,angle_in_radians_s,star_color,star_type,star_size)  VALUES ('U2005V2016', 'U2005V2016_0', 8.502857142857143E10, 0.4077550990516448, 'F', 122.0, 'yelo.mains', 'g9', 47.4);


INSERT INTO StarRep (System_id,cluster_id,distance_clust_virt_centre,luminosity,no_planets_allowed,angle_in_radians_s,star_color,star_type,star_size)  VALUES ('U2005V2016', 'U2005V2016_0', 4.0767123287671234E10, 0.01334878127405211, 'F', 206.0, 'red_.mains', 'm7', 0.12183333333333335);


INSERT INTO StarRep (System_id,cluster_id,distance_clust_virt_centre,luminosity,no_planets_allowed,angle_in_radians_s,star_color,star_type,star_size)  VALUES ('U2005V2016', 'U2005V2016_0', 2.976E11, 13.4676825044638, 'F', 26.0, 'whit.mains', 'a7', 34.199999999999996);


INSERT INTO StarRep (System_id,cluster_id,distance_clust_virt_centre,luminosity,no_planets_allowed,angle_in_radians_s,star_color,star_type,star_size)  VALUES ('U2005V2016', 'U2005V2016_0', 3.585542168674699E10, 1.2, 'F', 196.0, 'yelo.mains', 'g0', 42.0);


INSERT INTO StarRep (System_id,cluster_id,distance_clust_virt_centre,luminosity,no_planets_allowed,angle_in_radians_s,star_color,star_type,star_size)  VALUES ('U2005V2016', 'U2005V2016_0', 5.835294117647059E10, 0.07337288114700452, 'F', 78.0, 'red_.mains', 'm1', 0.07883333333333331);


INSERT INTO StarRep (System_id,cluster_id,distance_clust_virt_centre,luminosity,no_planets_allowed,angle_in_radians_s,star_color,star_type,star_size)  VALUES ('U2005V2016', 'U2005V2016_2', 2.2892307692307693E11, 7.65, 'F', 64.0, 'pyel.mains', 'f1', 36.599999999999994);


INSERT INTO StarRep (System_id,cluster_id,distance_clust_virt_centre,luminosity,no_planets_allowed,angle_in_radians_s,star_color,star_type,star_size)  VALUES ('U2005V2016', 'U2005V2016_3', 1.1446153846153847E11, 2.6E-5, 'F', 293.0, 'red_.dwarf', 'dm', 0.676);


INSERT INTO StarRep (System_id,cluster_id,distance_clust_virt_centre,luminosity,no_planets_allowed,angle_in_radians_s,star_color,star_type,star_size)  VALUES ('U2005V2016', 'U2005V2016_4', 4.3130434782608696E10, 0.0734, 'F', 235.0, 'red_.mains', 'm1', 0.07883333333333331);


INSERT INTO ClusterRep (System_id,distance_sys_virt_centre,planetsAllowed,cluster_id,angle_in_radians,cluster_description,number_stars_in_cluster)  VALUES ('U2005V2016', 1.1022222222222223E11, 'F', 'U2005V2016_4', 2.007128639793479, 'Cluster Number: 4 FIVESTAR_SPREAD', 1);


INSERT INTO SystemRep (System_id, distance_to_galaxy_centre, ucoordinate, vcoordinate) VALUES ('U2005V2015', 3.3838049169300524E16, 2005.0, 2015.0);


INSERT INTO SystemRep (System_id, distance_to_galaxy_centre, ucoordinate, vcoordinate) VALUES ('U2005V2014', 3.3829611899469612E16, 2005.0, 2014.0);


INSERT INTO SystemRep (System_id, distance_to_galaxy_centre, ucoordinate, vcoordinate) VALUES ('U2005V2013', 3.382117671465474E16, 2005.0, 2013.0);


INSERT INTO StarRep (System_id,cluster_id,distance_clust_virt_centre,luminosity,no_planets_allowed,angle_in_radians_s,star_color,star_type,star_size)  VALUES ('U2005V2013', 'U2005V2013_0', 4.441791044776119E10, 141000.0, 'F', 349.0, 'blue.mains', 'o8', 5.166666666666667);


INSERT INTO StarRep (System_id,cluster_id,distance_clust_virt_centre,luminosity,no_planets_allowed,angle_in_radians_s,star_color,star_type,star_size)  VALUES ('U2005V2013', 'U2005V2013_0', 4.878688524590164E10, 141000.0, 'F', 208.0, 'blue.mains', 'o8', 5.166666666666667);


INSERT INTO StarRep (System_id,cluster_id,distance_clust_virt_centre,luminosity,no_planets_allowed,angle_in_radians_s,star_color,star_type,star_size)  VALUES ('U2005V2013', 'U2005V2013_0', 1.0262068965517241E11, 3.75E-5, 'F', 181.0, 'orng.dwarf', 'dk', 0.5633333333333334);


INSERT INTO StarRep (System_id,cluster_id,distance_clust_virt_centre,luminosity,no_planets_allowed,angle_in_radians_s,star_color,star_type,star_size)  VALUES ('U2005V2013', 'U2005V2013_0', 2.1257142857142856E11, 0.026980302702940162, 'F', 65.0, 'red_.mains', 'm5', 0.10750000000000004);


INSERT INTO StarRep (System_id,cluster_id,distance_clust_virt_centre,luminosity,no_planets_allowed,angle_in_radians_s,star_color,star_type,star_size)  VALUES ('U2005V2013', 'U2005V2013_0', 1.417142857142857E11, 0.9433688087512311, 'F', 104.0, 'yelo.mains', 'g3', 43.8);


INSERT INTO StarRep (System_id,cluster_id,distance_clust_virt_centre,luminosity,no_planets_allowed,angle_in_radians_s,star_color,star_type,star_size)  VALUES ('U2005V2013', 'U2005V2013_2', 7.258536585365854E10, 0.2146381858955555, 'F', 57.0, 'orng.mains', 'k4', 1.126);


INSERT INTO StarRep (System_id,cluster_id,distance_clust_virt_centre,luminosity,no_planets_allowed,angle_in_radians_s,star_color,star_type,star_size)  VALUES ('U2005V2013', 'U2005V2013_3', 3.343820224719101E10, 231.0, 'F', 127.0, 'orng.gi.i ', 'k3', 7.053333333333334);


INSERT INTO StarRep (System_id,cluster_id,distance_clust_virt_centre,luminosity,no_planets_allowed,angle_in_radians_s,star_color,star_type,star_size)  VALUES ('U2005V2013', 'U2005V2013_4', 6.2E10, 2.305527323280118, 'F', 249.0, 'pyel.mains', 'f6', 39.6);


INSERT INTO ClusterRep (System_id,distance_sys_virt_centre,planetsAllowed,cluster_id,angle_in_radians,cluster_description,number_stars_in_cluster)  VALUES ('U2005V2013', 9.92E11, 'F', 'U2005V2013_4', 0.9773843811168246, 'Cluster Number: 4 FIVESTAR_SPREAD', 1);


INSERT INTO SystemRep (System_id, distance_to_galaxy_centre, ucoordinate, vcoordinate) VALUES ('U2005V2012', 3.381274361641634E16, 2005.0, 2012.0);


INSERT INTO StarRep (System_id,cluster_id,distance_clust_virt_centre,luminosity,no_planets_allowed,angle_in_radians_s,star_color,star_type,star_size)  VALUES ('U2005V2012', 'U2005V2012_0', 1.488E12, 0.123, 'F', 255.0, 'orng.mains', 'k8', 1.2120000000000002);


INSERT INTO StarRep (System_id,cluster_id,distance_clust_virt_centre,luminosity,no_planets_allowed,angle_in_radians_s,star_color,star_type,star_size)  VALUES ('U2005V2012', 'U2005V2012_0', 3.5011764705882355E10, 0.40684486659279473, 'F', 205.0, 'yelo.mains', 'g9', 47.4);


INSERT INTO StarRep (System_id,cluster_id,distance_clust_virt_centre,luminosity,no_planets_allowed,angle_in_radians_s,star_color,star_type,star_size)  VALUES ('U2005V2012', 'U2005V2012_0', 3.3066666666666668E10, 0.4058739210053973, 'F', 231.0, 'yelo.mains', 'g9', 47.4);


INSERT INTO StarRep (System_id,cluster_id,distance_clust_virt_centre,luminosity,no_planets_allowed,angle_in_radians_s,star_color,star_type,star_size)  VALUES ('U2005V2012', 'U2005V2012_0', 5.5111111111111115E10, 0.0096, 'F', 326.0, 'red_.mains', 'm9', 0.13616666666666666);


INSERT INTO StarRep (System_id,cluster_id,distance_clust_virt_centre,luminosity,no_planets_allowed,angle_in_radians_s,star_color,star_type,star_size)  VALUES ('U2005V2012', 'U2005V2012_0', 3.674074074074074E10, 3.75E-5, 'F', 51.0, 'orng.dwarf', 'dk', 0.5633333333333334);


INSERT INTO StarRep (System_id,cluster_id,distance_clust_virt_centre,luminosity,no_planets_allowed,angle_in_radians_s,star_color,star_type,star_size)  VALUES ('U2005V2012', 'U2005V2012_2', 3.542857142857143E10, 0.25272996375514617, 'F', 70.0, 'red_.mains', 'm9', 0.13616666666666666);


INSERT INTO StarRep (System_id,cluster_id,distance_clust_virt_centre,luminosity,no_planets_allowed,angle_in_radians_s,star_color,star_type,star_size)  VALUES ('U2005V2012', 'U2005V2012_3', 4.723809523809524E10, 1.32E-4, 'F', 98.0, 'pyel.dwarf', 'df', 0.4073333333333333);


INSERT INTO StarRep (System_id,cluster_id,distance_clust_virt_centre,luminosity,no_planets_allowed,angle_in_radians_s,star_color,star_type,star_size)  VALUES ('U2005V2012', 'U2005V2012_4', 3.3066666666666668E10, 2.6E-5, 'F', 221.0, 'red_.dwarf', 'dm', 0.676);


INSERT INTO ClusterRep (System_id,distance_sys_virt_centre,planetsAllowed,cluster_id,angle_in_radians,cluster_description,number_stars_in_cluster)  VALUES ('U2005V2012', 1.488E12, 'F', 'U2005V2012_4', 3.036872898470133, 'Cluster Number: 4 FIVESTAR_SPREAD', 1);


INSERT INTO SystemRep (System_id, distance_to_galaxy_centre, ucoordinate, vcoordinate) VALUES ('U2005V2011', 3.3804312606316016E16, 2005.0, 2011.0);


INSERT INTO SystemRep (System_id, distance_to_galaxy_centre, ucoordinate, vcoordinate) VALUES ('U2016V2009', 3.388008270736351E16, 2016.0, 2009.0);


INSERT INTO SystemRep (System_id, distance_to_galaxy_centre, ucoordinate, vcoordinate) VALUES ('U2005V2010', 3.3795883685916544E16, 2005.0, 2010.0);


INSERT INTO StarRep (System_id,cluster_id,distance_clust_virt_centre,luminosity,no_planets_allowed,angle_in_radians_s,star_color,star_type,star_size)  VALUES ('U2005V2010', 'U2005V2010_0', 4.578461538461539E10, 0.0466, 'F', 309.0, 'red_.mains', 'm3', 0.09316666666666662);


INSERT INTO StarRep (System_id,cluster_id,distance_clust_virt_centre,luminosity,no_planets_allowed,angle_in_radians_s,star_color,star_type,star_size)  VALUES ('U2005V2010', 'U2005V2010_0', 1.24E11, 0.216, 'F', 212.0, 'orng.mains', 'k4', 1.126);


INSERT INTO StarRep (System_id,cluster_id,distance_clust_virt_centre,luminosity,no_planets_allowed,angle_in_radians_s,star_color,star_type,star_size)  VALUES ('U2005V2010', 'U2005V2010_0', 3.4206896551724136E10, 1.2, 'F', 286.0, 'yelo.mains', 'g0', 42.0);


INSERT INTO StarRep (System_id,cluster_id,distance_clust_virt_centre,luminosity,no_planets_allowed,angle_in_radians_s,star_color,star_type,star_size)  VALUES ('U2005V2010', 'U2005V2010_0', 1.488E12, 750.0, 'F', 32.0, 'whit.gi.ii', 'a6', 18.9);


INSERT INTO StarRep (System_id,cluster_id,distance_clust_virt_centre,luminosity,no_planets_allowed,angle_in_radians_s,star_color,star_type,star_size)  VALUES ('U2005V2010', 'U2005V2010_0', 9.92E10, 0.406022053090151, 'F', 183.0, 'yelo.mains', 'g9', 47.4);


INSERT INTO StarRep (System_id,cluster_id,distance_clust_virt_centre,luminosity,no_planets_allowed,angle_in_radians_s,star_color,star_type,star_size)  VALUES ('U2005V2010', 'U2005V2010_2', 1.1022222222222223E11, 0.0912, 'F', 38.0, 'red_.mains', 'm0', 1.255);


INSERT INTO StarRep (System_id,cluster_id,distance_clust_virt_centre,luminosity,no_planets_allowed,angle_in_radians_s,star_color,star_type,star_size)  VALUES ('U2005V2010', 'U2005V2010_3', 3.767088607594936E10, 0.3307331275557261, 'F', 350.0, 'orng.mains', 'k1', 1.0615);


INSERT INTO StarRep (System_id,cluster_id,distance_clust_virt_centre,luminosity,no_planets_allowed,angle_in_radians_s,star_color,star_type,star_size)  VALUES ('U2005V2010', 'U2005V2010_4', 3.542857142857143E10, 4.73, 'F', 292.0, 'yelo.subgi', 'g8', 5.75);


INSERT INTO ClusterRep (System_id,distance_sys_virt_centre,planetsAllowed,cluster_id,angle_in_radians,cluster_description,number_stars_in_cluster)  VALUES ('U2005V2010', 1.0442105263157895E11, 'F', 'U2005V2010_4', 4.1887902047863905, 'Cluster Number: 4 FIVESTAR_SPREAD', 1);


INSERT INTO SystemRep (System_id, distance_to_galaxy_centre, ucoordinate, vcoordinate) VALUES ('U2016V2008', 3.3871681009437956E16, 2016.0, 2008.0);


INSERT INTO StarRep (System_id,cluster_id,distance_clust_virt_centre,luminosity,no_planets_allowed,angle_in_radians_s,star_color,star_type,star_size)  VALUES ('U2016V2008', 'U2016V2008_0', 1.566315789473684E11, 0.21474900812703654, 'F', 177.0, 'orng.mains', 'k4', 1.126);


INSERT INTO ClusterRep (System_id,distance_sys_virt_centre,planetsAllowed,cluster_id,angle_in_radians,cluster_description,number_stars_in_cluster)  VALUES ('U2016V2008', 2.48E11, 'T', 'U2016V2008_0', 0.17453292519943295, 'Cluster Number: 0 SINGLESTAR', 1);


INSERT INTO SystemRep (System_id, distance_to_galaxy_centre, ucoordinate, vcoordinate) VALUES ('U2016V2007', 3.38632814116246E16, 2016.0, 2007.0);


INSERT INTO StarRep (System_id,cluster_id,distance_clust_virt_centre,luminosity,no_planets_allowed,angle_in_radians_s,star_color,star_type,star_size)  VALUES ('U2016V2007', 'U2016V2007_0', 3.674074074074074E10, 0.0734, 'F', 230.0, 'red_.mains', 'm1', 0.07883333333333331);


INSERT INTO ClusterRep (System_id,distance_sys_virt_centre,planetsAllowed,cluster_id,angle_in_radians,cluster_description,number_stars_in_cluster)  VALUES ('U2016V2007', 1.7005714285714285E11, 'T', 'U2016V2007_0', 1.5882496193148399, 'Cluster Number: 0 SINGLESTAR', 1);


INSERT INTO SystemRep (System_id, distance_to_galaxy_centre, ucoordinate, vcoordinate) VALUES ('U2016V2006', 3.385488391548658E16, 2016.0, 2006.0);


INSERT INTO StarRep (System_id,cluster_id,distance_clust_virt_centre,luminosity,no_planets_allowed,angle_in_radians_s,star_color,star_type,star_size)  VALUES ('U2016V2006', 'U2016V2006_0', 1.984E11, 0.2158588964720674, 'F', 97.0, 'orng.mains', 'k4', 1.126);


INSERT INTO ClusterRep (System_id,distance_sys_virt_centre,planetsAllowed,cluster_id,angle_in_radians,cluster_description,number_stars_in_cluster)  VALUES ('U2016V2006', 7.83157894736842E10, 'T', 'U2016V2006_0', 1.8675022996339325, 'Cluster Number: 0 SINGLESTAR', 1);


INSERT INTO SystemRep (System_id, distance_to_galaxy_centre, ucoordinate, vcoordinate) VALUES ('U2016V2005', 3.3846488522588216E16, 2016.0, 2005.0);


INSERT INTO StarRep (System_id,cluster_id,distance_clust_virt_centre,luminosity,no_planets_allowed,angle_in_radians_s,star_color,star_type,star_size)  VALUES ('U2016V2005', 'U2016V2005_0', 1.7505882352941177E11, 2.8E-5, 'F', 137.0, 'red_.dwarf', 'dm', 0.6413333333333334);


INSERT INTO ClusterRep (System_id,distance_sys_virt_centre,planetsAllowed,cluster_id,angle_in_radians,cluster_description,number_stars_in_cluster)  VALUES ('U2016V2005', 1.1904E11, 'T', 'U2016V2005_0', 1.0297442586766543, 'Cluster Number: 0 SINGLESTAR', 1);


INSERT INTO SystemRep (System_id, distance_to_galaxy_centre, ucoordinate, vcoordinate) VALUES ('U2016V2004', 3.383809523449498E16, 2016.0, 2004.0);


INSERT INTO StarRep (System_id,cluster_id,distance_clust_virt_centre,luminosity,no_planets_allowed,angle_in_radians_s,star_color,star_type,star_size)  VALUES ('U2016V2004', 'U2016V2004_0', 6.073469387755102E10, 0.01332493377566348, 'F', 4.0, 'red_.mains', 'm7', 0.12183333333333335);


INSERT INTO ClusterRep (System_id,distance_sys_virt_centre,planetsAllowed,cluster_id,angle_in_radians,cluster_description,number_stars_in_cluster)  VALUES ('U2016V2004', 6.469565217391304E10, 'T', 'U2016V2004_0', 1.3089969389957472, 'Cluster Number: 0 SINGLESTAR', 1);


INSERT INTO SystemRep (System_id, distance_to_galaxy_centre, ucoordinate, vcoordinate) VALUES ('U2016V2003', 3.3829704052773504E16, 2016.0, 2003.0);


INSERT INTO StarRep (System_id,cluster_id,distance_clust_virt_centre,luminosity,no_planets_allowed,angle_in_radians_s,star_color,star_type,star_size)  VALUES ('U2016V2003', 'U2016V2003_0', 2.2892307692307693E11, 3.7481466260444136E-5, 'F', 57.0, 'orng.dwarf', 'dk', 0.5633333333333334);


INSERT INTO ClusterRep (System_id,distance_sys_virt_centre,planetsAllowed,cluster_id,angle_in_radians,cluster_description,number_stars_in_cluster)  VALUES ('U2016V2003', 1.984E12, 'T', 'U2016V2003_0', 2.722713633111154, 'Cluster Number: 0 SINGLESTAR', 1);


INSERT INTO SystemRep (System_id, distance_to_galaxy_centre, ucoordinate, vcoordinate) VALUES ('U2016V2002', 3.3821314978991576E16, 2016.0, 2002.0);


INSERT INTO StarRep (System_id,cluster_id,distance_clust_virt_centre,luminosity,no_planets_allowed,angle_in_radians_s,star_color,star_type,star_size)  VALUES ('U2016V2002', 'U2016V2002_0', 6.6133333333333336E10, 0.0134, 'F', 284.0, 'red_.mains', 'm7', 0.12183333333333335);


INSERT INTO ClusterRep (System_id,distance_sys_virt_centre,planetsAllowed,cluster_id,angle_in_radians,cluster_description,number_stars_in_cluster)  VALUES ('U2016V2002', 1.3226666666666667E11, 'T', 'U2016V2002_0', 3.0019663134302466, 'Cluster Number: 0 SINGLESTAR', 1);


INSERT INTO SystemRep (System_id, distance_to_galaxy_centre, ucoordinate, vcoordinate) VALUES ('U2016V2001', 3.381292801471816E16, 2016.0, 2001.0);


INSERT INTO StarRep (System_id,cluster_id,distance_clust_virt_centre,luminosity,no_planets_allowed,angle_in_radians_s,star_color,star_type,star_size)  VALUES ('U2016V2001', 'U2016V2001_0', 3.72E10, 45000.0, 'F', 191.0, 'ltbl.subgi', 'b1', 34.0);


INSERT INTO ClusterRep (System_id,distance_sys_virt_centre,planetsAllowed,cluster_id,angle_in_radians,cluster_description,number_stars_in_cluster)  VALUES ('U2016V2001', 9.757377049180328E10, 'T', 'U2016V2001_0', 2.443460952792061, 'Cluster Number: 0 SINGLESTAR', 1);


INSERT INTO SystemRep (System_id, distance_to_galaxy_centre, ucoordinate, vcoordinate) VALUES ('U2016V2000', 3.3804543161523364E16, 2016.0, 2000.0);


INSERT INTO StarRep (System_id,cluster_id,distance_clust_virt_centre,luminosity,no_planets_allowed,angle_in_radians_s,star_color,star_type,star_size)  VALUES ('U2016V2000', 'U2016V2000_0', 3.1E10, 0.046119332956005094, 'F', 189.0, 'red_.mains', 'm3', 0.09316666666666662);


INSERT INTO ClusterRep (System_id,distance_sys_virt_centre,planetsAllowed,cluster_id,angle_in_radians,cluster_description,number_stars_in_cluster)  VALUES ('U2016V2000', 2.5878260869565216E11, 'T', 'U2016V2000_0', 1.0821041362364843, 'Cluster Number: 0 SINGLESTAR', 1);


INSERT INTO SystemRep (System_id, distance_to_galaxy_centre, ucoordinate, vcoordinate) VALUES ('U2012V2009', 3.3846371294683864E16, 2012.0, 2009.0);


INSERT INTO StarRep (System_id,cluster_id,distance_clust_virt_centre,luminosity,no_planets_allowed,angle_in_radians_s,star_color,star_type,star_size)  VALUES ('U2012V2009', 'U2012V2009_0', 9.3E10, 0.162, 'F', 86.0, 'orng.mains', 'k6', 1.169);


INSERT INTO ClusterRep (System_id,distance_sys_virt_centre,planetsAllowed,cluster_id,angle_in_radians,cluster_description,number_stars_in_cluster)  VALUES ('U2012V2009', 5.410909090909091E11, 'T', 'U2012V2009_0', 5.009094953223726, 'Cluster Number: 0 SINGLESTAR', 1);


INSERT INTO SystemRep (System_id, distance_to_galaxy_centre, ucoordinate, vcoordinate) VALUES ('U2012V2008', 3.3837961226482428E16, 2012.0, 2008.0);


INSERT INTO StarRep (System_id,cluster_id,distance_clust_virt_centre,luminosity,no_planets_allowed,angle_in_radians_s,star_color,star_type,star_size)  VALUES ('U2012V2008', 'U2012V2008_0', 4.441791044776119E10, 0.0096, 'F', 353.0, 'red_.mains', 'm9', 0.13616666666666666);


INSERT INTO ClusterRep (System_id,distance_sys_virt_centre,planetsAllowed,cluster_id,angle_in_radians,cluster_description,number_stars_in_cluster)  VALUES ('U2012V2008', 2.2892307692307693E11, 'T', 'U2012V2008_0', 4.4505895925855405, 'Cluster Number: 0 SINGLESTAR', 1);


INSERT INTO SystemRep (System_id, distance_to_galaxy_centre, ucoordinate, vcoordinate) VALUES ('U2012V2007', 3.3829553256327344E16, 2012.0, 2007.0);


INSERT INTO StarRep (System_id,cluster_id,distance_clust_virt_centre,luminosity,no_planets_allowed,angle_in_radians_s,star_color,star_type,star_size)  VALUES ('U2012V2007', 'U2012V2007_0', 0.0, 0.04606255921605297, 'F', 220.0, 'red_.mains', 'm3', 0.09316666666666662);


INSERT INTO ClusterRep (System_id,distance_sys_virt_centre,planetsAllowed,cluster_id,angle_in_radians,cluster_description,number_stars_in_cluster)  VALUES ('U2012V2007', 8.752941176470589E10, 'T', 'U2012V2007_0', 4.729842272904633, 'Cluster Number: 0 SINGLESTAR', 1);


INSERT INTO SystemRep (System_id, distance_to_galaxy_centre, ucoordinate, vcoordinate) VALUES ('U2012V2006', 3.3821147385783348E16, 2012.0, 2006.0);


INSERT INTO StarRep (System_id,cluster_id,distance_clust_virt_centre,luminosity,no_planets_allowed,angle_in_radians_s,star_color,star_type,star_size)  VALUES ('U2012V2006', 'U2012V2006_0', 6.6133333333333336E10, 2.95E-5, 'F', 145.0, 'red_.dwarf', 'dm', 0.6153333333333334);


INSERT INTO ClusterRep (System_id,distance_sys_virt_centre,planetsAllowed,cluster_id,angle_in_radians,cluster_description,number_stars_in_cluster)  VALUES ('U2012V2006', 1.7005714285714285E11, 'T', 'U2012V2006_0', 4.1887902047863905, 'Cluster Number: 0 SINGLESTAR', 1);


INSERT INTO SystemRep (System_id, distance_to_galaxy_centre, ucoordinate, vcoordinate) VALUES ('U2012V2005', 3.381274361641634E16, 2012.0, 2005.0);


INSERT INTO SystemRep (System_id, distance_to_galaxy_centre, ucoordinate, vcoordinate) VALUES ('U2012V2004', 3.3804341949793372E16, 2012.0, 2004.0);


INSERT INTO StarRep (System_id,cluster_id,distance_clust_virt_centre,luminosity,no_planets_allowed,angle_in_radians_s,star_color,star_type,star_size)  VALUES ('U2012V2004', 'U2012V2004_0', 4.021621621621622E10, 0.0276, 'F', 292.0, 'red_.mains', 'm5', 0.10750000000000004);


INSERT INTO ClusterRep (System_id,distance_sys_virt_centre,planetsAllowed,cluster_id,angle_in_radians,cluster_description,number_stars_in_cluster)  VALUES ('U2012V2004', 1.984E11, 'T', 'U2012V2004_0', 6.161012259539983, 'Cluster Number: 0 SINGLESTAR', 1);


INSERT INTO SystemRep (System_id, distance_to_galaxy_centre, ucoordinate, vcoordinate) VALUES ('U2012V2003', 3.379594238748267E16, 2012.0, 2003.0);


INSERT INTO StarRep (System_id,cluster_id,distance_clust_virt_centre,luminosity,no_planets_allowed,angle_in_radians_s,star_color,star_type,star_size)  VALUES ('U2012V2003', 'U2012V2003_0', 3.306666666666667E11, 990000.0, 'F', 198.0, 'blue.gi.ii', 'o8', 40.0);


INSERT INTO ClusterRep (System_id,distance_sys_virt_centre,planetsAllowed,cluster_id,angle_in_radians,cluster_description,number_stars_in_cluster)  VALUES ('U2012V2003', 1.2939130434782608E11, 'T', 'U2012V2003_0', 5.585053606381854, 'Cluster Number: 0 SINGLESTAR', 1);


INSERT INTO SystemRep (System_id, distance_to_galaxy_centre, ucoordinate, vcoordinate) VALUES ('U2012V2002', 3.378754493105363E16, 2012.0, 2002.0);


INSERT INTO SystemRep (System_id, distance_to_galaxy_centre, ucoordinate, vcoordinate) VALUES ('U2012V2001', 3.377914958207681E16, 2012.0, 2001.0);


INSERT INTO StarRep (System_id,cluster_id,distance_clust_virt_centre,luminosity,no_planets_allowed,angle_in_radians_s,star_color,star_type,star_size)  VALUES ('U2012V2001', 'U2012V2001_0', 4.1333333333333336E10, 2.299834401139287, 'F', 252.0, 'pyel.mains', 'f6', 39.6);


INSERT INTO ClusterRep (System_id,distance_sys_virt_centre,planetsAllowed,cluster_id,angle_in_radians,cluster_description,number_stars_in_cluster)  VALUES ('U2012V2001', 1.0442105263157895E11, 'T', 'U2012V2001_0', 0.715584993317675, 'Cluster Number: 0 SINGLESTAR', 1);


INSERT INTO SystemRep (System_id, distance_to_galaxy_centre, ucoordinate, vcoordinate) VALUES ('U2012V2000', 3.3770756342123936E16, 2012.0, 2000.0);


INSERT INTO SystemRep (System_id, distance_to_galaxy_centre, ucoordinate, vcoordinate) VALUES ('U2018V2019', 3.3981041303070156E16, 2018.0, 2019.0);


INSERT INTO StarRep (System_id,cluster_id,distance_clust_virt_centre,luminosity,no_planets_allowed,angle_in_radians_s,star_color,star_type,star_size)  VALUES ('U2018V2019', 'U2018V2019_0', 4.0767123287671234E10, 0.3325877382667678, 'F', 161.0, 'orng.mains', 'k1', 1.0615);


INSERT INTO ClusterRep (System_id,distance_sys_virt_centre,planetsAllowed,cluster_id,angle_in_radians,cluster_description,number_stars_in_cluster)  VALUES ('U2018V2019', 1.24E11, 'T', 'U2018V2019_0', 2.844886680750757, 'Cluster Number: 0 SINGLESTAR', 1);


INSERT INTO SystemRep (System_id, distance_to_galaxy_centre, ucoordinate, vcoordinate) VALUES ('U2018V2018', 3.3972622861415456E16, 2018.0, 2018.0);


INSERT INTO StarRep (System_id,cluster_id,distance_clust_virt_centre,luminosity,no_planets_allowed,angle_in_radians_s,star_color,star_type,star_size)  VALUES ('U2018V2018', 'U2018V2018_0', 4.251428571428571E11, 1.55, 'F', 28.0, 'pyel.mains', 'f8', 40.8);


INSERT INTO ClusterRep (System_id,distance_sys_virt_centre,planetsAllowed,cluster_id,angle_in_radians,cluster_description,number_stars_in_cluster)  VALUES ('U2018V2018', 6.6133333333333336E10, 'T', 'U2018V2018_0', 3.141592653589793, 'Cluster Number: 0 SINGLESTAR', 1);


INSERT INTO SystemRep (System_id, distance_to_galaxy_centre, ucoordinate, vcoordinate) VALUES ('U2018V2017', 3.3964206505340412E16, 2018.0, 2017.0);


INSERT INTO StarRep (System_id,cluster_id,distance_clust_virt_centre,luminosity,no_planets_allowed,angle_in_radians_s,star_color,star_type,star_size)  VALUES ('U2018V2017', 'U2018V2017_0', 3.72E11, 0.0276, 'F', 68.0, 'red_.mains', 'm5', 0.10750000000000004);


INSERT INTO ClusterRep (System_id,distance_sys_virt_centre,planetsAllowed,cluster_id,angle_in_radians,cluster_description,number_stars_in_cluster)  VALUES ('U2018V2017', 9.3E10, 'T', 'U2018V2017_0', 2.286381320112572, 'Cluster Number: 0 SINGLESTAR', 1);


INSERT INTO SystemRep (System_id, distance_to_galaxy_centre, ucoordinate, vcoordinate) VALUES ('U2018V2016', 3.395579223639584E16, 2018.0, 2016.0);


INSERT INTO StarRep (System_id,cluster_id,distance_clust_virt_centre,luminosity,no_planets_allowed,angle_in_radians_s,star_color,star_type,star_size)  VALUES ('U2018V2016', 'U2018V2016_0', 7.258536585365854E10, 0.123, 'F', 295.0, 'orng.mains', 'k8', 1.2120000000000002);


INSERT INTO ClusterRep (System_id,distance_sys_virt_centre,planetsAllowed,cluster_id,angle_in_radians,cluster_description,number_stars_in_cluster)  VALUES ('U2018V2016', 8.502857142857142E11, 'T', 'U2018V2016_0', 2.5656340004316647, 'Cluster Number: 0 SINGLESTAR', 1);


INSERT INTO SystemRep (System_id, distance_to_galaxy_centre, ucoordinate, vcoordinate) VALUES ('U2018V2015', 3.39473800561337E16, 2018.0, 2015.0);


INSERT INTO SystemRep (System_id, distance_to_galaxy_centre, ucoordinate, vcoordinate) VALUES ('U2018V2014', 3.3938969966107104E16, 2018.0, 2014.0);


INSERT INTO SystemRep (System_id, distance_to_galaxy_centre, ucoordinate, vcoordinate) VALUES ('U2018V2013', 3.3930561967870324E16, 2018.0, 2013.0);


INSERT INTO StarRep (System_id,cluster_id,distance_clust_virt_centre,luminosity,no_planets_allowed,angle_in_radians_s,star_color,star_type,star_size)  VALUES ('U2018V2013', 'U2018V2013_0', 5.952E11, 0.027579818303013773, 'F', 348.0, 'red_.mains', 'm5', 0.10750000000000004);


INSERT INTO ClusterRep (System_id,distance_sys_virt_centre,planetsAllowed,cluster_id,angle_in_radians,cluster_description,number_stars_in_cluster)  VALUES ('U2018V2013', 3.5011764705882355E11, 'T', 'U2018V2013_0', 3.979350694547071, 'Cluster Number: 0 SINGLESTAR', 1);


INSERT INTO SystemRep (System_id, distance_to_galaxy_centre, ucoordinate, vcoordinate) VALUES ('U2018V2012', 3.392215606297878E16, 2018.0, 2012.0);


INSERT INTO StarRep (System_id,cluster_id,distance_clust_virt_centre,luminosity,no_planets_allowed,angle_in_radians_s,star_color,star_type,star_size)  VALUES ('U2018V2012', 'U2018V2012_0', 7.63076923076923E10, 6162.69667558554, 'F', 255.0, 'red_.gi.ii', 'm1', 34.166666666666664);


INSERT INTO ClusterRep (System_id,distance_sys_virt_centre,planetsAllowed,cluster_id,angle_in_radians,cluster_description,number_stars_in_cluster)  VALUES ('U2018V2012', 1.8036363636363635E11, 'T', 'U2018V2012_0', 3.420845333908886, 'Cluster Number: 0 SINGLESTAR', 1);


INSERT INTO SystemRep (System_id, distance_to_galaxy_centre, ucoordinate, vcoordinate) VALUES ('U2018V2011', 3.3913752252989052E16, 2018.0, 2011.0);


INSERT INTO StarRep (System_id,cluster_id,distance_clust_virt_centre,luminosity,no_planets_allowed,angle_in_radians_s,star_color,star_type,star_size)  VALUES ('U2018V2011', 'U2018V2011_0', 4.1915492957746475E10, 3.65E-5, 'F', 122.0, 'orng.dwarf', 'dk', 0.5806666666666667);


INSERT INTO ClusterRep (System_id,distance_sys_virt_centre,planetsAllowed,cluster_id,angle_in_radians,cluster_description,number_stars_in_cluster)  VALUES ('U2018V2011', 7.936E10, 'T', 'U2018V2011_0', 3.7000980142279785, 'Cluster Number: 0 SINGLESTAR', 1);


INSERT INTO SystemRep (System_id, distance_to_galaxy_centre, ucoordinate, vcoordinate) VALUES ('U2018V2010', 3.390535053945887E16, 2018.0, 2010.0);


INSERT INTO SystemRep (System_id, distance_to_galaxy_centre, ucoordinate, vcoordinate) VALUES ('U2012V2019', 3.393058702583968E16, 2012.0, 2019.0);


INSERT INTO StarRep (System_id,cluster_id,distance_clust_virt_centre,luminosity,no_planets_allowed,angle_in_radians_s,star_color,star_type,star_size)  VALUES ('U2012V2019', 'U2012V2019_0', 7.44E11, 0.0466, 'F', 299.0, 'red_.mains', 'm3', 0.09316666666666662);


INSERT INTO ClusterRep (System_id,distance_sys_virt_centre,planetsAllowed,cluster_id,angle_in_radians,cluster_description,number_stars_in_cluster)  VALUES ('U2012V2019', 3.72E11, 'T', 'U2012V2019_0', 3.036872898470133, 'Cluster Number: 0 SINGLESTAR', 1);


INSERT INTO SystemRep (System_id, distance_to_galaxy_centre, ucoordinate, vcoordinate) VALUES ('U2012V2018', 3.392215606297878E16, 2012.0, 2018.0);


INSERT INTO SystemRep (System_id, distance_to_galaxy_centre, ucoordinate, vcoordinate) VALUES ('U2012V2017', 3.391372718258092E16, 2012.0, 2017.0);


INSERT INTO StarRep (System_id,cluster_id,distance_clust_virt_centre,luminosity,no_planets_allowed,angle_in_radians_s,star_color,star_type,star_size)  VALUES ('U2012V2017', 'U2012V2017_0', 4.96E11, 4.37, 'F', 339.0, 'pyel.mains', 'f3', 37.800000000000004);


INSERT INTO ClusterRep (System_id,distance_sys_virt_centre,planetsAllowed,cluster_id,angle_in_radians,cluster_description,number_stars_in_cluster)  VALUES ('U2012V2017', 6.687640449438202E10, 'T', 'U2012V2017_0', 2.1816615649929116, 'Cluster Number: 0 SINGLESTAR', 1);


INSERT INTO SystemRep (System_id, distance_to_galaxy_centre, ucoordinate, vcoordinate) VALUES ('U2012V2016', 3.3905300386199204E16, 2012.0, 2016.0);


INSERT INTO SystemRep (System_id, distance_to_galaxy_centre, ucoordinate, vcoordinate) VALUES ('U2012V2015', 3.3896875675387904E16, 2012.0, 2015.0);


INSERT INTO StarRep (System_id,cluster_id,distance_clust_virt_centre,luminosity,no_planets_allowed,angle_in_radians_s,star_color,star_type,star_size)  VALUES ('U2012V2015', 'U2012V2015_0', 7.83157894736842E10, 130000.0, 'F', 206.0, 'red_.sg.ii', 'm5', 108.33333333333333);


INSERT INTO ClusterRep (System_id,distance_sys_virt_centre,planetsAllowed,cluster_id,angle_in_radians,cluster_description,number_stars_in_cluster)  VALUES ('U2012V2015', 1.92E11, 'T', 'U2012V2015_0', 2.4609142453120043, 'Cluster Number: 0 SINGLESTAR', 1);


INSERT INTO SystemRep (System_id, distance_to_galaxy_centre, ucoordinate, vcoordinate) VALUES ('U2012V2014', 3.3888453051702436E16, 2012.0, 2014.0);


INSERT INTO StarRep (System_id,cluster_id,distance_clust_virt_centre,luminosity,no_planets_allowed,angle_in_radians_s,star_color,star_type,star_size)  VALUES ('U2012V2014', 'U2012V2014_0', 1.488E12, 7.643073930974679, 'F', 259.0, 'pyel.mains', 'f1', 36.599999999999994);


INSERT INTO ClusterRep (System_id,distance_sys_virt_centre,planetsAllowed,cluster_id,angle_in_radians,cluster_description,number_stars_in_cluster)  VALUES ('U2012V2014', 1.417142857142857E11, 'T', 'U2012V2014_0', 3.8746309394274117, 'Cluster Number: 0 SINGLESTAR', 1);


INSERT INTO SystemRep (System_id, distance_to_galaxy_centre, ucoordinate, vcoordinate) VALUES ('U2012V2013', 3.388003251669939E16, 2012.0, 2013.0);


INSERT INTO StarRep (System_id,cluster_id,distance_clust_virt_centre,luminosity,no_planets_allowed,angle_in_radians_s,star_color,star_type,star_size)  VALUES ('U2012V2013', 'U2012V2013_0', 8.752941176470589E10, 1.69E8, 'F', 126.0, 'blue.sg.ii', 'o8', 12.0);


INSERT INTO ClusterRep (System_id,distance_sys_virt_centre,planetsAllowed,cluster_id,angle_in_radians,cluster_description,number_stars_in_cluster)  VALUES ('U2012V2013', 7.085714285714285E10, 'T', 'U2012V2013_0', 4.153883619746504, 'Cluster Number: 0 SINGLESTAR', 1);


INSERT INTO SystemRep (System_id, distance_to_galaxy_centre, ucoordinate, vcoordinate) VALUES ('U2012V2012', 3.387161407193652E16, 2012.0, 2012.0);


INSERT INTO SystemRep (System_id, distance_to_galaxy_centre, ucoordinate, vcoordinate) VALUES ('U2012V2011', 3.3863197718972732E16, 2012.0, 2011.0);


INSERT INTO StarRep (System_id,cluster_id,distance_clust_virt_centre,luminosity,no_planets_allowed,angle_in_radians_s,star_color,star_type,star_size)  VALUES ('U2012V2011', 'U2012V2011_0', 8.266666666666667E10, 0.16152540209614813, 'F', 166.0, 'orng.mains', 'k6', 1.169);


INSERT INTO ClusterRep (System_id,distance_sys_virt_centre,planetsAllowed,cluster_id,angle_in_radians,cluster_description,number_stars_in_cluster)  VALUES ('U2012V2011', 1.0262068965517241E11, 'T', 'U2012V2011_0', 3.3161255787892263, 'Cluster Number: 0 SINGLESTAR', 1);


INSERT INTO SystemRep (System_id, distance_to_galaxy_centre, ucoordinate, vcoordinate) VALUES ('U2012V2010', 3.38547834593681E16, 2012.0, 2010.0);


INSERT INTO StarRep (System_id,cluster_id,distance_clust_virt_centre,luminosity,no_planets_allowed,angle_in_radians_s,star_color,star_type,star_size)  VALUES ('U2012V2010', 'U2012V2010_0', 4.3130434782608696E10, 0.408, 'F', 33.0, 'yelo.mains', 'g9', 47.4);


INSERT INTO ClusterRep (System_id,distance_sys_virt_centre,planetsAllowed,cluster_id,angle_in_radians,cluster_description,number_stars_in_cluster)  VALUES ('U2012V2010', 0.0, 'T', 'U2012V2010_0', 3.5953782591083185, 'Cluster Number: 0 SINGLESTAR', 1);


INSERT INTO SystemRep (System_id, distance_to_galaxy_centre, ucoordinate, vcoordinate) VALUES ('U2006V2019', 3.3880208183698516E16, 2006.0, 2019.0);


INSERT INTO SystemRep (System_id, distance_to_galaxy_centre, ucoordinate, vcoordinate) VALUES ('U2006V2018', 3.3871764681128732E16, 2006.0, 2018.0);


INSERT INTO SystemRep (System_id, distance_to_galaxy_centre, ucoordinate, vcoordinate) VALUES ('U2006V2017', 3.3863323257872964E16, 2006.0, 2017.0);


INSERT INTO StarRep (System_id,cluster_id,distance_clust_virt_centre,luminosity,no_planets_allowed,angle_in_radians_s,star_color,star_type,star_size)  VALUES ('U2006V2017', 'U2006V2017_0', 1.3527272727272728E11, 0.0466, 'F', 337.0, 'red_.mains', 'm3', 0.09316666666666662);


INSERT INTO ClusterRep (System_id,distance_sys_virt_centre,planetsAllowed,cluster_id,angle_in_radians,cluster_description,number_stars_in_cluster)  VALUES ('U2006V2017', 1.1670588235294118E11, 'T', 'U2006V2017_0', 0.8377580409572781, 'Cluster Number: 0 SINGLESTAR', 1);


INSERT INTO SystemRep (System_id, distance_to_galaxy_centre, ucoordinate, vcoordinate) VALUES ('U2006V2016', 3.385488391548658E16, 2006.0, 2016.0);


INSERT INTO StarRep (System_id,cluster_id,distance_clust_virt_centre,luminosity,no_planets_allowed,angle_in_radians_s,star_color,star_type,star_size)  VALUES ('U2006V2016', 'U2006V2016_0', 3.5011764705882355E10, 2.9475698044647494E-5, 'F', 31.0, 'red_.dwarf', 'dm', 0.6153333333333334);


INSERT INTO ClusterRep (System_id,distance_sys_virt_centre,planetsAllowed,cluster_id,angle_in_radians,cluster_description,number_stars_in_cluster)  VALUES ('U2006V2016', 9.6E10, 'T', 'U2006V2016_0', 2.251474735072685, 'Cluster Number: 0 SINGLESTAR', 1);


INSERT INTO SystemRep (System_id, distance_to_galaxy_centre, ucoordinate, vcoordinate) VALUES ('U2006V2015', 3.3846446655526132E16, 2006.0, 2015.0);


INSERT INTO StarRep (System_id,cluster_id,distance_clust_virt_centre,luminosity,no_planets_allowed,angle_in_radians_s,star_color,star_type,star_size)  VALUES ('U2006V2015', 'U2006V2015_0', 1.566315789473684E11, 0.0466, 'F', 258.0, 'red_.mains', 'm3', 0.09316666666666662);


INSERT INTO ClusterRep (System_id,distance_sys_virt_centre,planetsAllowed,cluster_id,angle_in_radians,cluster_description,number_stars_in_cluster)  VALUES ('U2006V2015', 1.488E12, 'T', 'U2006V2015_0', 2.5307274153917776, 'Cluster Number: 0 SINGLESTAR', 1);


INSERT INTO SystemRep (System_id, distance_to_galaxy_centre, ucoordinate, vcoordinate) VALUES ('U2006V2014', 3.3838011479549324E16, 2006.0, 2014.0);


INSERT INTO StarRep (System_id,cluster_id,distance_clust_virt_centre,luminosity,no_planets_allowed,angle_in_radians_s,star_color,star_type,star_size)  VALUES ('U2006V2014', 'U2006V2014_0', 1.488E11, 1.1973168084955856, 'F', 298.0, 'yelo.mains', 'g0', 42.0);


INSERT INTO ClusterRep (System_id,distance_sys_virt_centre,planetsAllowed,cluster_id,angle_in_radians,cluster_description,number_stars_in_cluster)  VALUES ('U2006V2014', 7.72987012987013E10, 'T', 'U2006V2014_0', 1.6929693744344996, 'Cluster Number: 0 SINGLESTAR', 1);


INSERT INTO SystemRep (System_id, distance_to_galaxy_centre, ucoordinate, vcoordinate) VALUES ('U2006V2013', 3.382957838911505E16, 2006.0, 2013.0);


INSERT INTO StarRep (System_id,cluster_id,distance_clust_virt_centre,luminosity,no_planets_allowed,angle_in_radians_s,star_color,star_type,star_size)  VALUES ('U2006V2013', 'U2006V2013_0', 5.615094339622642E10, 43.0, 'F', 164.0, 'pyel.gi.i ', 'f5', 7.1);


INSERT INTO ClusterRep (System_id,distance_sys_virt_centre,planetsAllowed,cluster_id,angle_in_radians,cluster_description,number_stars_in_cluster)  VALUES ('U2006V2013', 2.976E11, 'T', 'U2006V2013_0', 1.9722220547535922, 'Cluster Number: 0 SINGLESTAR', 1);


INSERT INTO SystemRep (System_id, distance_to_galaxy_centre, ucoordinate, vcoordinate) VALUES ('U2006V2012', 3.3821147385783348E16, 2006.0, 2012.0);


INSERT INTO StarRep (System_id,cluster_id,distance_clust_virt_centre,luminosity,no_planets_allowed,angle_in_radians_s,star_color,star_type,star_size)  VALUES ('U2006V2012', 'U2006V2012_0', 4.3130434782608696E10, 0.045947440125265145, 'F', 163.0, 'red_.mains', 'm3', 0.09316666666666662);


INSERT INTO ClusterRep (System_id,distance_sys_virt_centre,planetsAllowed,cluster_id,angle_in_radians,cluster_description,number_stars_in_cluster)  VALUES ('U2006V2012', 7.348148148148148E10, 'T', 'U2006V2012_0', 0.6283185307179586, 'Cluster Number: 0 SINGLESTAR', 1);


INSERT INTO SystemRep (System_id, distance_to_galaxy_centre, ucoordinate, vcoordinate) VALUES ('U2006V2011', 3.3812718471115452E16, 2006.0, 2011.0);


INSERT INTO StarRep (System_id,cluster_id,distance_clust_virt_centre,luminosity,no_planets_allowed,angle_in_radians_s,star_color,star_type,star_size)  VALUES ('U2006V2011', 'U2006V2011_0', 9.92E11, 0.16192977056692182, 'F', 30.0, 'orng.mains', 'k6', 1.169);


INSERT INTO ClusterRep (System_id,distance_sys_virt_centre,planetsAllowed,cluster_id,angle_in_radians,cluster_description,number_stars_in_cluster)  VALUES ('U2006V2011', 2.48E11, 'T', 'U2006V2011_0', 0.9075712110370514, 'Cluster Number: 0 SINGLESTAR', 1);


INSERT INTO SystemRep (System_id, distance_to_galaxy_centre, ucoordinate, vcoordinate) VALUES ('U2006V2010', 3.380429164667374E16, 2006.0, 2010.0);


INSERT INTO StarRep (System_id,cluster_id,distance_clust_virt_centre,luminosity,no_planets_allowed,angle_in_radians_s,star_color,star_type,star_size)  VALUES ('U2006V2010', 'U2006V2010_0', 2.976E12, 2.6E-5, 'F', 350.0, 'red_.dwarf', 'dm', 0.676);


INSERT INTO ClusterRep (System_id,distance_sys_virt_centre,planetsAllowed,cluster_id,angle_in_radians,cluster_description,number_stars_in_cluster)  VALUES ('U2006V2010', 1.1904E11, 'T', 'U2006V2010_0', 1.7453292519943295, 'Cluster Number: 0 SINGLESTAR', 1);


INSERT INTO SystemRep (System_id, distance_to_galaxy_centre, ucoordinate, vcoordinate) VALUES ('U2000V2019', 3.382990511365611E16, 2000.0, 2019.0);


INSERT INTO SystemRep (System_id, distance_to_galaxy_centre, ucoordinate, vcoordinate) VALUES ('U2000V2018', 3.3821449052960224E16, 2000.0, 2018.0);


INSERT INTO StarRep (System_id,cluster_id,distance_clust_virt_centre,luminosity,no_planets_allowed,angle_in_radians_s,star_color,star_type,star_size)  VALUES ('U2000V2018', 'U2000V2018_0', 1.1022222222222223E11, 13.47199675040585, 'F', 53.0, 'whit.mains', 'a7', 34.199999999999996);


INSERT INTO StarRep (System_id,cluster_id,distance_clust_virt_centre,luminosity,no_planets_allowed,angle_in_radians_s,star_color,star_type,star_size)  VALUES ('U2000V2018', 'U2000V2018_0', 4.8E10, 2.9E-5, 'F', 146.0, 'red_.dwarf', 'dm', 0.624);


INSERT INTO StarRep (System_id,cluster_id,distance_clust_virt_centre,luminosity,no_planets_allowed,angle_in_radians_s,star_color,star_type,star_size)  VALUES ('U2000V2018', 'U2000V2018_0', 8.752941176470589E10, 3.52823379841601E-5, 'F', 303.0, 'orng.dwarf', 'dk', 0.598);


INSERT INTO StarRep (System_id,cluster_id,distance_clust_virt_centre,luminosity,no_planets_allowed,angle_in_radians_s,star_color,star_type,star_size)  VALUES ('U2000V2018', 'U2000V2018_0', 2.976E12, 0.21493895837370458, 'F', 29.0, 'orng.mains', 'k4', 1.126);


INSERT INTO StarRep (System_id,cluster_id,distance_clust_virt_centre,luminosity,no_planets_allowed,angle_in_radians_s,star_color,star_type,star_size)  VALUES ('U2000V2018', 'U2000V2018_0', 4.723809523809524E10, 0.408, 'F', 102.0, 'yelo.mains', 'g9', 47.4);


INSERT INTO StarRep (System_id,cluster_id,distance_clust_virt_centre,luminosity,no_planets_allowed,angle_in_radians_s,star_color,star_type,star_size)  VALUES ('U2000V2018', 'U2000V2018_2', 4.0767123287671234E10, 2.6975676921812947E-5, 'F', 320.0, 'red_.dwarf', 'dm', 0.6586666666666666);


INSERT INTO StarRep (System_id,cluster_id,distance_clust_virt_centre,luminosity,no_planets_allowed,angle_in_radians_s,star_color,star_type,star_size)  VALUES ('U2000V2018', 'U2000V2018_3', 3.1326315789473682E10, 0.0296, 'F', 83.0, 'ltbl.dwarf', 'db', 0.0464);


INSERT INTO StarRep (System_id,cluster_id,distance_clust_virt_centre,luminosity,no_planets_allowed,angle_in_radians_s,star_color,star_type,star_size)  VALUES ('U2000V2018', 'U2000V2018_4', 1.3527272727272728E11, 0.0734, 'F', 21.0, 'red_.mains', 'm1', 0.07883333333333331);


INSERT INTO ClusterRep (System_id,distance_sys_virt_centre,planetsAllowed,cluster_id,angle_in_radians,cluster_description,number_stars_in_cluster)  VALUES ('U2000V2018', 1.92E11, 'F', 'U2000V2018_4', 5.375614096142535, 'Cluster Number: 4 FIVESTAR_SPREAD', 1);


INSERT INTO SystemRep (System_id, distance_to_galaxy_centre, ucoordinate, vcoordinate) VALUES ('U2000V2017', 3.3812995068396764E16, 2000.0, 2017.0);


INSERT INTO StarRep (System_id,cluster_id,distance_clust_virt_centre,luminosity,no_planets_allowed,angle_in_radians_s,star_color,star_type,star_size)  VALUES ('U2000V2017', 'U2000V2017_0', 5.044067796610169E10, 2.5984555840701707E-5, 'F', 280.0, 'red_.dwarf', 'dm', 0.676);


INSERT INTO StarRep (System_id,cluster_id,distance_clust_virt_centre,luminosity,no_planets_allowed,angle_in_radians_s,star_color,star_type,star_size)  VALUES ('U2000V2017', 'U2000V2017_0', 5.952E10, 0.408, 'F', 148.0, 'yelo.mains', 'g9', 47.4);


INSERT INTO StarRep (System_id,cluster_id,distance_clust_virt_centre,luminosity,no_planets_allowed,angle_in_radians_s,star_color,star_type,star_size)  VALUES ('U2000V2017', 'U2000V2017_0', 5.615094339622642E10, 0.0466, 'F', 98.0, 'red_.mains', 'm3', 0.09316666666666662);


INSERT INTO StarRep (System_id,cluster_id,distance_clust_virt_centre,luminosity,no_planets_allowed,angle_in_radians_s,star_color,star_type,star_size)  VALUES ('U2000V2017', 'U2000V2017_0', 9.92E10, 3.75E-5, 'F', 258.0, 'orng.dwarf', 'dk', 0.5633333333333334);


INSERT INTO StarRep (System_id,cluster_id,distance_clust_virt_centre,luminosity,no_planets_allowed,angle_in_radians_s,star_color,star_type,star_size)  VALUES ('U2000V2017', 'U2000V2017_0', 9.018181818181818E10, 268472.95035973605, 'F', 128.0, 'ltbl.sg.i ', 'b0', 10.0);


INSERT INTO StarRep (System_id,cluster_id,distance_clust_virt_centre,luminosity,no_planets_allowed,angle_in_radians_s,star_color,star_type,star_size)  VALUES ('U2000V2017', 'U2000V2017_2', 1.488E12, 2.32, 'F', 314.0, 'pyel.mains', 'f6', 39.6);


INSERT INTO StarRep (System_id,cluster_id,distance_clust_virt_centre,luminosity,no_planets_allowed,angle_in_radians_s,star_color,star_type,star_size)  VALUES ('U2000V2017', 'U2000V2017_3', 5.044067796610169E10, 2.7E-5, 'F', 278.0, 'red_.dwarf', 'dm', 0.6586666666666666);


INSERT INTO StarRep (System_id,cluster_id,distance_clust_virt_centre,luminosity,no_planets_allowed,angle_in_radians_s,star_color,star_type,star_size)  VALUES ('U2000V2017', 'U2000V2017_4', 2.976E12, 1.5499855250048145, 'F', 36.0, 'pyel.mains', 'f8', 40.8);


INSERT INTO ClusterRep (System_id,distance_sys_virt_centre,planetsAllowed,cluster_id,angle_in_radians,cluster_description,number_stars_in_cluster)  VALUES ('U2000V2017', 7.348148148148148E10, 'F', 'U2000V2017_4', 4.363323129985823, 'Cluster Number: 4 FIVESTAR_SPREAD', 1);


INSERT INTO SystemRep (System_id, distance_to_galaxy_centre, ucoordinate, vcoordinate) VALUES ('U2000V2016', 3.3804543161523364E16, 2000.0, 2016.0);


INSERT INTO StarRep (System_id,cluster_id,distance_clust_virt_centre,luminosity,no_planets_allowed,angle_in_radians_s,star_color,star_type,star_size)  VALUES ('U2000V2016', 'U2000V2016_0', 4.878688524590164E10, 0.16127654512900874, 'F', 320.0, 'orng.mains', 'k6', 1.169);


INSERT INTO StarRep (System_id,cluster_id,distance_clust_virt_centre,luminosity,no_planets_allowed,angle_in_radians_s,star_color,star_type,star_size)  VALUES ('U2000V2016', 'U2000V2016_0', 3.4604651162790695E10, 43.0, 'F', 143.0, 'pyel.gi.i ', 'f5', 7.1);


INSERT INTO StarRep (System_id,cluster_id,distance_clust_virt_centre,luminosity,no_planets_allowed,angle_in_radians_s,star_color,star_type,star_size)  VALUES ('U2000V2016', 'U2000V2016_0', 3.1659574468085106E10, 0.708134254981569, 'F', 353.0, 'yelo.mains', 'g5', 45.0);


INSERT INTO StarRep (System_id,cluster_id,distance_clust_virt_centre,luminosity,no_planets_allowed,angle_in_radians_s,star_color,star_type,star_size)  VALUES ('U2000V2016', 'U2000V2016_0', 7.085714285714285E10, 0.09066781320919985, 'F', 291.0, 'red_.mains', 'm0', 1.255);


INSERT INTO StarRep (System_id,cluster_id,distance_clust_virt_centre,luminosity,no_planets_allowed,angle_in_radians_s,star_color,star_type,star_size)  VALUES ('U2000V2016', 'U2000V2016_0', 1.24E11, 2.7994542244681468E-5, 'F', 49.0, 'red_.dwarf', 'dm', 0.6413333333333334);


INSERT INTO StarRep (System_id,cluster_id,distance_clust_virt_centre,luminosity,no_planets_allowed,angle_in_radians_s,star_color,star_type,star_size)  VALUES ('U2000V2016', 'U2000V2016_2', 1.86E11, 1.1971788504657779, 'F', 333.0, 'yelo.mains', 'g0', 42.0);


INSERT INTO StarRep (System_id,cluster_id,distance_clust_virt_centre,luminosity,no_planets_allowed,angle_in_radians_s,star_color,star_type,star_size)  VALUES ('U2000V2016', 'U2000V2016_3', 4.3130434782608696E10, 0.0466, 'F', 55.0, 'red_.mains', 'm3', 0.09316666666666662);


INSERT INTO StarRep (System_id,cluster_id,distance_clust_virt_centre,luminosity,no_planets_allowed,angle_in_radians_s,star_color,star_type,star_size)  VALUES ('U2000V2016', 'U2000V2016_4', 4.65E10, 0.40723467007844993, 'F', 353.0, 'yelo.mains', 'g9', 47.4);


INSERT INTO ClusterRep (System_id,distance_sys_virt_centre,planetsAllowed,cluster_id,angle_in_radians,cluster_description,number_stars_in_cluster)  VALUES ('U2000V2016', 1.984E11, 'F', 'U2000V2016_4', 1.1519173063162575, 'Cluster Number: 4 FIVESTAR_SPREAD', 1);


INSERT INTO SystemRep (System_id, distance_to_galaxy_centre, ucoordinate, vcoordinate) VALUES ('U2000V2015', 3.3796093333898816E16, 2000.0, 2015.0);


INSERT INTO SystemRep (System_id, distance_to_galaxy_centre, ucoordinate, vcoordinate) VALUES ('U2000V2014', 3.37876455870831E16, 2000.0, 2014.0);


INSERT INTO StarRep (System_id,cluster_id,distance_clust_virt_centre,luminosity,no_planets_allowed,angle_in_radians_s,star_color,star_type,star_size)  VALUES ('U2000V2014', 'U2000V2014_0', 2.7054545454545456E11, 2.95E-5, 'F', 185.0, 'red_.dwarf', 'dm', 0.6153333333333334);


INSERT INTO StarRep (System_id,cluster_id,distance_clust_virt_centre,luminosity,no_planets_allowed,angle_in_radians_s,star_color,star_type,star_size)  VALUES ('U2000V2014', 'U2000V2014_0', 5.952E11, 4.479754218998865, 'F', 104.0, 'orng.subgi', 'k3', 2.166666666666667);


INSERT INTO StarRep (System_id,cluster_id,distance_clust_virt_centre,luminosity,no_planets_allowed,angle_in_radians_s,star_color,star_type,star_size)  VALUES ('U2000V2014', 'U2000V2014_0', 3.3066666666666668E10, 909194.069882055, 'F', 281.0, 'blue.sg.i ', 'o8', 123.33333333333334);


INSERT INTO StarRep (System_id,cluster_id,distance_clust_virt_centre,luminosity,no_planets_allowed,angle_in_radians_s,star_color,star_type,star_size)  VALUES ('U2000V2014', 'U2000V2014_0', 4.1333333333333336E10, 108337.73147749888, 'F', 93.0, 'red_.sg.i ', 'm8', 38.666666666666664);


INSERT INTO StarRep (System_id,cluster_id,distance_clust_virt_centre,luminosity,no_planets_allowed,angle_in_radians_s,star_color,star_type,star_size)  VALUES ('U2000V2014', 'U2000V2014_0', 2.2892307692307693E11, 2.32, 'F', 83.0, 'pyel.mains', 'f6', 39.6);


INSERT INTO StarRep (System_id,cluster_id,distance_clust_virt_centre,luminosity,no_planets_allowed,angle_in_radians_s,star_color,star_type,star_size)  VALUES ('U2000V2014', 'U2000V2014_2', 3.968E10, 137050.24364943424, 'F', 140.0, 'red_.sg.ii', 'm8', 113.33333333333333);


INSERT INTO StarRep (System_id,cluster_id,distance_clust_virt_centre,luminosity,no_planets_allowed,angle_in_radians_s,star_color,star_type,star_size)  VALUES ('U2000V2014', 'U2000V2014_3', 1.1904E11, 2.798293372460203E-5, 'F', 45.0, 'red_.dwarf', 'dm', 0.6413333333333334);


INSERT INTO StarRep (System_id,cluster_id,distance_clust_virt_centre,luminosity,no_planets_allowed,angle_in_radians_s,star_color,star_type,star_size)  VALUES ('U2000V2014', 'U2000V2014_4', 1.6533333333333334E11, 126633.79748583917, 'F', 340.0, 'blue.subgi', 'o8', 27.333333333333336);


INSERT INTO ClusterRep (System_id,distance_sys_virt_centre,planetsAllowed,cluster_id,angle_in_radians,cluster_description,number_stars_in_cluster)  VALUES ('U2000V2014', 4.251428571428571E11, 'F', 'U2000V2014_4', 2.722713633111154, 'Cluster Number: 4 FIVESTAR_SPREAD', 1);


INSERT INTO SystemRep (System_id, distance_to_galaxy_centre, ucoordinate, vcoordinate) VALUES ('U2000V2013', 3.3779199922637364E16, 2000.0, 2013.0);


INSERT INTO StarRep (System_id,cluster_id,distance_clust_virt_centre,luminosity,no_planets_allowed,angle_in_radians_s,star_color,star_type,star_size)  VALUES ('U2000V2013', 'U2000V2013_0', 6.6133333333333336E10, 1.1956577621224957, 'F', 91.0, 'yelo.mains', 'g0', 42.0);


INSERT INTO StarRep (System_id,cluster_id,distance_clust_virt_centre,luminosity,no_planets_allowed,angle_in_radians_s,star_color,star_type,star_size)  VALUES ('U2000V2013', 'U2000V2013_0', 1.0262068965517241E11, 1.1989687602861856, 'F', 101.0, 'yelo.mains', 'g0', 42.0);


INSERT INTO StarRep (System_id,cluster_id,distance_clust_virt_centre,luminosity,no_planets_allowed,angle_in_radians_s,star_color,star_type,star_size)  VALUES ('U2000V2013', 'U2000V2013_0', 5.723076923076923E10, 0.21553781915670348, 'F', 331.0, 'orng.mains', 'k4', 1.126);


INSERT INTO StarRep (System_id,cluster_id,distance_clust_virt_centre,luminosity,no_planets_allowed,angle_in_radians_s,star_color,star_type,star_size)  VALUES ('U2000V2013', 'U2000V2013_0', 2.1257142857142856E11, 487.66701111199416, 'F', 355.0, 'ltbl.mains', 'b8', 28.8);


INSERT INTO StarRep (System_id,cluster_id,distance_clust_virt_centre,luminosity,no_planets_allowed,angle_in_radians_s,star_color,star_type,star_size)  VALUES ('U2000V2013', 'U2000V2013_0', 4.0767123287671234E10, 3.8491554073217735E-5, 'F', 30.0, 'orng.dwarf', 'dk', 0.546);


INSERT INTO StarRep (System_id,cluster_id,distance_clust_virt_centre,luminosity,no_planets_allowed,angle_in_radians_s,star_color,star_type,star_size)  VALUES ('U2000V2013', 'U2000V2013_2', 1.6533333333333334E11, 0.939481460881, 'F', 153.0, 'yelo.mains', 'g3', 43.8);


INSERT INTO StarRep (System_id,cluster_id,distance_clust_virt_centre,luminosity,no_planets_allowed,angle_in_radians_s,star_color,star_type,star_size)  VALUES ('U2000V2013', 'U2000V2013_3', 3.068041237113402E10, 0.0134, 'F', 16.0, 'red_.mains', 'm7', 0.12183333333333335);


INSERT INTO StarRep (System_id,cluster_id,distance_clust_virt_centre,luminosity,no_planets_allowed,angle_in_radians_s,star_color,star_type,star_size)  VALUES ('U2000V2013', 'U2000V2013_4', 4.96E10, 0.2948, 'F', 311.0, 'orng.subdw', 'k6', 4.56);


INSERT INTO ClusterRep (System_id,distance_sys_virt_centre,planetsAllowed,cluster_id,angle_in_radians,cluster_description,number_stars_in_cluster)  VALUES ('U2000V2013', 4.578461538461539E11, 'F', 'U2000V2013_4', 4.76474885794452, 'Cluster Number: 4 FIVESTAR_SPREAD', 1);


INSERT INTO SystemRep (System_id, distance_to_galaxy_centre, ucoordinate, vcoordinate) VALUES ('U2000V2012', 3.3770756342123936E16, 2000.0, 2012.0);


INSERT INTO StarRep (System_id,cluster_id,distance_clust_virt_centre,luminosity,no_planets_allowed,angle_in_radians_s,star_color,star_type,star_size)  VALUES ('U2000V2012', 'U2000V2012_0', 3.864935064935065E10, 72.0, 'F', 318.0, 'whit.gi.i ', 'a6', 63.33333333333333);


INSERT INTO StarRep (System_id,cluster_id,distance_clust_virt_centre,luminosity,no_planets_allowed,angle_in_radians_s,star_color,star_type,star_size)  VALUES ('U2000V2012', 'U2000V2012_0', 1.7505882352941177E11, 0.04649701452048573, 'F', 103.0, 'red_.mains', 'm3', 0.09316666666666662);


INSERT INTO StarRep (System_id,cluster_id,distance_clust_virt_centre,luminosity,no_planets_allowed,angle_in_radians_s,star_color,star_type,star_size)  VALUES ('U2000V2012', 'U2000V2012_0', 4.1915492957746475E10, 2.3006651791091404, 'F', 126.0, 'pyel.mains', 'f6', 39.6);


INSERT INTO StarRep (System_id,cluster_id,distance_clust_virt_centre,luminosity,no_planets_allowed,angle_in_radians_s,star_color,star_type,star_size)  VALUES ('U2000V2012', 'U2000V2012_0', 6.920930232558139E10, 0.0912, 'F', 224.0, 'red_.mains', 'm0', 1.255);


INSERT INTO StarRep (System_id,cluster_id,distance_clust_virt_centre,luminosity,no_planets_allowed,angle_in_radians_s,star_color,star_type,star_size)  VALUES ('U2000V2012', 'U2000V2012_0', 6.920930232558139E10, 0.12250693142628337, 'F', 57.0, 'orng.mains', 'k8', 1.2120000000000002);


INSERT INTO StarRep (System_id,cluster_id,distance_clust_virt_centre,luminosity,no_planets_allowed,angle_in_radians_s,star_color,star_type,star_size)  VALUES ('U2000V2012', 'U2000V2012_2', 6.331914893617021E10, 0.0466, 'F', 146.0, 'red_.mains', 'm3', 0.09316666666666662);


INSERT INTO StarRep (System_id,cluster_id,distance_clust_virt_centre,luminosity,no_planets_allowed,angle_in_radians_s,star_color,star_type,star_size)  VALUES ('U2000V2012', 'U2000V2012_3', 4.878688524590164E10, 3.89989775852632E-5, 'F', 211.0, 'orng.dwarf', 'dk', 0.5373333333333334);


INSERT INTO StarRep (System_id,cluster_id,distance_clust_virt_centre,luminosity,no_planets_allowed,angle_in_radians_s,star_color,star_type,star_size)  VALUES ('U2000V2012', 'U2000V2012_4', 7.63076923076923E10, 0.2154966138449811, 'F', 326.0, 'orng.mains', 'k4', 1.126);


INSERT INTO ClusterRep (System_id,distance_sys_virt_centre,planetsAllowed,cluster_id,angle_in_radians,cluster_description,number_stars_in_cluster)  VALUES ('U2000V2012', 9.447619047619048E10, 'F', 'U2000V2012_4', 3.735004599267865, 'Cluster Number: 4 FIVESTAR_SPREAD', 1);


INSERT INTO SystemRep (System_id, distance_to_galaxy_centre, ucoordinate, vcoordinate) VALUES ('U2000V2011', 3.3762314847106324E16, 2000.0, 2011.0);


INSERT INTO StarRep (System_id,cluster_id,distance_clust_virt_centre,luminosity,no_planets_allowed,angle_in_radians_s,star_color,star_type,star_size)  VALUES ('U2000V2011', 'U2000V2011_0', 7.258536585365854E10, 1.55, 'F', 12.0, 'pyel.mains', 'f8', 40.8);


INSERT INTO StarRep (System_id,cluster_id,distance_clust_virt_centre,luminosity,no_planets_allowed,angle_in_radians_s,star_color,star_type,star_size)  VALUES ('U2000V2011', 'U2000V2011_0', 5.410909090909091E10, 0.0134, 'F', 110.0, 'red_.mains', 'm7', 0.12183333333333335);


INSERT INTO StarRep (System_id,cluster_id,distance_clust_virt_centre,luminosity,no_planets_allowed,angle_in_radians_s,star_color,star_type,star_size)  VALUES ('U2000V2011', 'U2000V2011_0', 4.376470588235294E10, 30.0, 'F', 181.0, 'whit.mains', 'a4', 32.4);


INSERT INTO StarRep (System_id,cluster_id,distance_clust_virt_centre,luminosity,no_planets_allowed,angle_in_radians_s,star_color,star_type,star_size)  VALUES ('U2000V2011', 'U2000V2011_0', 3.3066666666666668E10, 0.4936672605818564, 'F', 289.0, 'red_.mains', 'm9', 0.13616666666666666);


INSERT INTO StarRep (System_id,cluster_id,distance_clust_virt_centre,luminosity,no_planets_allowed,angle_in_radians_s,star_color,star_type,star_size)  VALUES ('U2000V2011', 'U2000V2011_0', 3.2703296703296703E10, 2.7E-5, 'F', 189.0, 'red_.dwarf', 'dm', 0.6586666666666666);


INSERT INTO StarRep (System_id,cluster_id,distance_clust_virt_centre,luminosity,no_planets_allowed,angle_in_radians_s,star_color,star_type,star_size)  VALUES ('U2000V2011', 'U2000V2011_2', 3.343820224719101E10, 2.3183534878349117, 'F', 114.0, 'pyel.mains', 'f6', 39.6);


INSERT INTO StarRep (System_id,cluster_id,distance_clust_virt_centre,luminosity,no_planets_allowed,angle_in_radians_s,star_color,star_type,star_size)  VALUES ('U2000V2011', 'U2000V2011_3', 3.864935064935065E10, 0.3323633447976458, 'F', 102.0, 'orng.mains', 'k1', 1.0615);


INSERT INTO StarRep (System_id,cluster_id,distance_clust_virt_centre,luminosity,no_planets_allowed,angle_in_radians_s,star_color,star_type,star_size)  VALUES ('U2000V2011', 'U2000V2011_4', 9.018181818181818E10, 0.07286916690779983, 'F', 37.0, 'red_.mains', 'm1', 0.07883333333333331);


INSERT INTO ClusterRep (System_id,distance_sys_virt_centre,planetsAllowed,cluster_id,angle_in_radians,cluster_description,number_stars_in_cluster)  VALUES ('U2000V2011', 3.5011764705882355E11, 'F', 'U2000V2011_4', 4.886921905584122, 'Cluster Number: 4 FIVESTAR_SPREAD', 1);


INSERT INTO SystemRep (System_id, distance_to_galaxy_centre, ucoordinate, vcoordinate) VALUES ('U2000V2010', 3.3753875439149204E16, 2000.0, 2010.0);


INSERT INTO StarRep (System_id,cluster_id,distance_clust_virt_centre,luminosity,no_planets_allowed,angle_in_radians_s,star_color,star_type,star_size)  VALUES ('U2000V2010', 'U2000V2010_0', 3.91578947368421E10, 0.123, 'F', 278.0, 'orng.mains', 'k8', 1.2120000000000002);


INSERT INTO StarRep (System_id,cluster_id,distance_clust_virt_centre,luminosity,no_planets_allowed,angle_in_radians_s,star_color,star_type,star_size)  VALUES ('U2000V2010', 'U2000V2010_0', 3.767088607594936E10, 2.7E-5, 'F', 107.0, 'red_.dwarf', 'dm', 0.6586666666666666);


INSERT INTO StarRep (System_id,cluster_id,distance_clust_virt_centre,luminosity,no_planets_allowed,angle_in_radians_s,star_color,star_type,star_size)  VALUES ('U2000V2010', 'U2000V2010_0', 9.92E10, 0.0912, 'F', 231.0, 'red_.mains', 'm0', 1.255);


INSERT INTO StarRep (System_id,cluster_id,distance_clust_virt_centre,luminosity,no_planets_allowed,angle_in_radians_s,star_color,star_type,star_size)  VALUES ('U2000V2010', 'U2000V2010_0', 9.3E10, 2.897960743188539E-5, 'F', 191.0, 'red_.dwarf', 'dm', 0.624);


INSERT INTO StarRep (System_id,cluster_id,distance_clust_virt_centre,luminosity,no_planets_allowed,angle_in_radians_s,star_color,star_type,star_size)  VALUES ('U2000V2010', 'U2000V2010_0', 5.723076923076923E10, 0.07327635625482763, 'F', 136.0, 'red_.mains', 'm1', 0.07883333333333331);


INSERT INTO StarRep (System_id,cluster_id,distance_clust_virt_centre,luminosity,no_planets_allowed,angle_in_radians_s,star_color,star_type,star_size)  VALUES ('U2000V2010', 'U2000V2010_2', 9.3E10, 0.027190854889958517, 'F', 127.0, 'red_.mains', 'm5', 0.10750000000000004);


INSERT INTO StarRep (System_id,cluster_id,distance_clust_virt_centre,luminosity,no_planets_allowed,angle_in_radians_s,star_color,star_type,star_size)  VALUES ('U2000V2010', 'U2000V2010_3', 5.835294117647059E10, 4.312513488692257, 'F', 73.0, 'pyel.mains', 'f3', 37.800000000000004);


INSERT INTO StarRep (System_id,cluster_id,distance_clust_virt_centre,luminosity,no_planets_allowed,angle_in_radians_s,star_color,star_type,star_size)  VALUES ('U2000V2010', 'U2000V2010_4', 3.968E10, 0.408, 'F', 9.0, 'yelo.mains', 'g9', 47.4);


INSERT INTO ClusterRep (System_id,distance_sys_virt_centre,planetsAllowed,cluster_id,angle_in_radians,cluster_description,number_stars_in_cluster)  VALUES ('U2000V2010', 3.72E11, 'F', 'U2000V2010_4', 0.6632251157578452, 'Cluster Number: 4 FIVESTAR_SPREAD', 1);


INSERT INTO SystemRep (System_id, distance_to_galaxy_centre, ucoordinate, vcoordinate) VALUES ('U2006V2009', 3.379586691402178E16, 2006.0, 2009.0);


INSERT INTO StarRep (System_id,cluster_id,distance_clust_virt_centre,luminosity,no_planets_allowed,angle_in_radians_s,star_color,star_type,star_size)  VALUES ('U2006V2009', 'U2006V2009_0', 9.018181818181818E10, 0.539622536019593, 'F', 216.0, 'red_.mains', 'm9', 0.13616666666666666);


INSERT INTO ClusterRep (System_id,distance_sys_virt_centre,planetsAllowed,cluster_id,angle_in_radians,cluster_description,number_stars_in_cluster)  VALUES ('U2006V2009', 6.469565217391304E10, 'T', 'U2006V2009_0', 2.0420352248333655, 'Cluster Number: 0 SINGLESTAR', 1);


INSERT INTO SystemRep (System_id, distance_to_galaxy_centre, ucoordinate, vcoordinate) VALUES ('U2006V2008', 3.37874442747243E16, 2006.0, 2008.0);


INSERT INTO StarRep (System_id,cluster_id,distance_clust_virt_centre,luminosity,no_planets_allowed,angle_in_radians_s,star_color,star_type,star_size)  VALUES ('U2006V2008', 'U2006V2008_0', 8.502857142857143E10, 2.32, 'F', 256.0, 'pyel.mains', 'f6', 39.6);


INSERT INTO ClusterRep (System_id,distance_sys_virt_centre,planetsAllowed,cluster_id,angle_in_radians,cluster_description,number_stars_in_cluster)  VALUES ('U2006V2008', 9.018181818181818E10, 'T', 'U2006V2008_0', 1.1868238913561442, 'Cluster Number: 0 SINGLESTAR', 1);


INSERT INTO SystemRep (System_id, distance_to_galaxy_centre, ucoordinate, vcoordinate) VALUES ('U2006V2007', 3.3779023730347212E16, 2006.0, 2007.0);


INSERT INTO StarRep (System_id,cluster_id,distance_clust_virt_centre,luminosity,no_planets_allowed,angle_in_radians_s,star_color,star_type,star_size)  VALUES ('U2006V2007', 'U2006V2007_0', 4.376470588235294E10, 13.462964457944404, 'F', 123.0, 'whit.mains', 'a7', 34.199999999999996);


INSERT INTO ClusterRep (System_id,distance_sys_virt_centre,planetsAllowed,cluster_id,angle_in_radians,cluster_description,number_stars_in_cluster)  VALUES ('U2006V2007', 7.44E11, 'T', 'U2006V2007_0', 1.4660765716752369, 'Cluster Number: 0 SINGLESTAR', 1);


INSERT INTO SystemRep (System_id, distance_to_galaxy_centre, ucoordinate, vcoordinate) VALUES ('U2006V2006', 3.3770605282457584E16, 2006.0, 2006.0);


INSERT INTO StarRep (System_id,cluster_id,distance_clust_virt_centre,luminosity,no_planets_allowed,angle_in_radians_s,star_color,star_type,star_size)  VALUES ('U2006V2006', 'U2006V2006_0', 1.24E11, 2.32, 'F', 243.0, 'pyel.mains', 'f6', 39.6);


INSERT INTO StarRep (System_id,cluster_id,distance_clust_virt_centre,luminosity,no_planets_allowed,angle_in_radians_s,star_color,star_type,star_size)  VALUES ('U2006V2006', 'U2006V2006_0', 5.615094339622642E10, 0.4075023965497373, 'F', 233.0, 'yelo.mains', 'g9', 47.4);


INSERT INTO StarRep (System_id,cluster_id,distance_clust_virt_centre,luminosity,no_planets_allowed,angle_in_radians_s,star_color,star_type,star_size)  VALUES ('U2006V2006', 'U2006V2006_0', 5.1310344827586205E10, 2.301681768901263, 'F', 297.0, 'pyel.mains', 'f6', 39.6);


INSERT INTO StarRep (System_id,cluster_id,distance_clust_virt_centre,luminosity,no_planets_allowed,angle_in_radians_s,star_color,star_type,star_size)  VALUES ('U2006V2006', 'U2006V2006_0', 1.86E11, 1.1972319371961997, 'F', 0.0, 'yelo.mains', 'g0', 42.0);


INSERT INTO StarRep (System_id,cluster_id,distance_clust_virt_centre,luminosity,no_planets_allowed,angle_in_radians_s,star_color,star_type,star_size)  VALUES ('U2006V2006', 'U2006V2006_0', 4.96E11, 3.55E-5, 'F', 193.0, 'orng.dwarf', 'dk', 0.598);


INSERT INTO StarRep (System_id,cluster_id,distance_clust_virt_centre,luminosity,no_planets_allowed,angle_in_radians_s,star_color,star_type,star_size)  VALUES ('U2006V2006', 'U2006V2006_2', 1.1446153846153847E11, 0.12225747655577686, 'F', 308.0, 'orng.mains', 'k8', 1.2120000000000002);


INSERT INTO StarRep (System_id,cluster_id,distance_clust_virt_centre,luminosity,no_planets_allowed,angle_in_radians_s,star_color,star_type,star_size)  VALUES ('U2006V2006', 'U2006V2006_3', 4.578461538461539E10, 0.0096, 'F', 189.0, 'red_.mains', 'm9', 0.13616666666666666);


INSERT INTO StarRep (System_id,cluster_id,distance_clust_virt_centre,luminosity,no_planets_allowed,angle_in_radians_s,star_color,star_type,star_size)  VALUES ('U2006V2006', 'U2006V2006_4', 3.4604651162790695E10, 1.311237432820715E-4, 'F', 133.0, 'pyel.dwarf', 'df', 0.4073333333333333);


INSERT INTO ClusterRep (System_id,distance_sys_virt_centre,planetsAllowed,cluster_id,angle_in_radians,cluster_description,number_stars_in_cluster)  VALUES ('U2006V2006', 9.156923076923077E10, 'F', 'U2006V2006_4', 2.3736477827122884, 'Cluster Number: 4 FIVESTAR_SPREAD', 1);


INSERT INTO SystemRep (System_id, distance_to_galaxy_centre, ucoordinate, vcoordinate) VALUES ('U2006V2005', 3.3762188932623664E16, 2006.0, 2005.0);


INSERT INTO StarRep (System_id,cluster_id,distance_clust_virt_centre,luminosity,no_planets_allowed,angle_in_radians_s,star_color,star_type,star_size)  VALUES ('U2006V2005', 'U2006V2005_0', 5.314285714285714E10, 9.384040931006695, 'F', 110.0, 'whit.mains', 'a9', 35.4);


INSERT INTO StarRep (System_id,cluster_id,distance_clust_virt_centre,luminosity,no_planets_allowed,angle_in_radians_s,star_color,star_type,star_size)  VALUES ('U2006V2005', 'U2006V2005_0', 7.258536585365854E10, 0.013382388360740285, 'F', 235.0, 'red_.mains', 'm7', 0.12183333333333335);


INSERT INTO StarRep (System_id,cluster_id,distance_clust_virt_centre,luminosity,no_planets_allowed,angle_in_radians_s,star_color,star_type,star_size)  VALUES ('U2006V2005', 'U2006V2005_0', 3.815384615384615E10, 877451.871333527, 'F', 93.0, 'blue.sg.ii', 'o8', 36.0);


INSERT INTO StarRep (System_id,cluster_id,distance_clust_virt_centre,luminosity,no_planets_allowed,angle_in_radians_s,star_color,star_type,star_size)  VALUES ('U2006V2005', 'U2006V2005_0', 6.469565217391304E10, 0.0276, 'F', 230.0, 'red_.mains', 'm5', 0.10750000000000004);


INSERT INTO StarRep (System_id,cluster_id,distance_clust_virt_centre,luminosity,no_planets_allowed,angle_in_radians_s,star_color,star_type,star_size)  VALUES ('U2006V2005', 'U2006V2005_0', 3.968E10, 0.0911738865160789, 'F', 219.0, 'red_.mains', 'm0', 1.255);


INSERT INTO StarRep (System_id,cluster_id,distance_clust_virt_centre,luminosity,no_planets_allowed,angle_in_radians_s,star_color,star_type,star_size)  VALUES ('U2006V2005', 'U2006V2005_2', 5.5111111111111115E10, 2.9E-5, 'F', 302.0, 'red_.dwarf', 'dm', 0.624);


INSERT INTO StarRep (System_id,cluster_id,distance_clust_virt_centre,luminosity,no_planets_allowed,angle_in_radians_s,star_color,star_type,star_size)  VALUES ('U2006V2005', 'U2006V2005_3', 1.0628571428571428E11, 2.8E-5, 'F', 23.0, 'red_.dwarf', 'dm', 0.6413333333333334);


INSERT INTO StarRep (System_id,cluster_id,distance_clust_virt_centre,luminosity,no_planets_allowed,angle_in_radians_s,star_color,star_type,star_size)  VALUES ('U2006V2005', 'U2006V2005_4', 4.578461538461539E10, 0.162, 'F', 147.0, 'orng.mains', 'k6', 1.169);


INSERT INTO ClusterRep (System_id,distance_sys_virt_centre,planetsAllowed,cluster_id,angle_in_radians,cluster_description,number_stars_in_cluster)  VALUES ('U2006V2005', 3.72E11, 'F', 'U2006V2005_4', 1.3439035240356338, 'Cluster Number: 4 FIVESTAR_SPREAD', 1);


INSERT INTO SystemRep (System_id, distance_to_galaxy_centre, ucoordinate, vcoordinate) VALUES ('U2006V2004', 3.3753774682414884E16, 2006.0, 2004.0);


INSERT INTO StarRep (System_id,cluster_id,distance_clust_virt_centre,luminosity,no_planets_allowed,angle_in_radians_s,star_color,star_type,star_size)  VALUES ('U2006V2004', 'U2006V2004_0', 1.488E11, 0.945, 'F', 163.0, 'yelo.mains', 'g3', 43.8);


INSERT INTO StarRep (System_id,cluster_id,distance_clust_virt_centre,luminosity,no_planets_allowed,angle_in_radians_s,star_color,star_type,star_size)  VALUES ('U2006V2004', 'U2006V2004_0', 3.767088607594936E10, 3.55E-5, 'F', 242.0, 'orng.dwarf', 'dk', 0.598);


INSERT INTO StarRep (System_id,cluster_id,distance_clust_virt_centre,luminosity,no_planets_allowed,angle_in_radians_s,star_color,star_type,star_size)  VALUES ('U2006V2004', 'U2006V2004_0', 3.968E10, 2.95E-5, 'F', 148.0, 'red_.dwarf', 'dm', 0.6153333333333334);


INSERT INTO StarRep (System_id,cluster_id,distance_clust_virt_centre,luminosity,no_planets_allowed,angle_in_radians_s,star_color,star_type,star_size)  VALUES ('U2006V2004', 'U2006V2004_0', 3.2E10, 2.7981270561220325E-5, 'F', 295.0, 'red_.dwarf', 'dm', 0.6413333333333334);


INSERT INTO StarRep (System_id,cluster_id,distance_clust_virt_centre,luminosity,no_planets_allowed,angle_in_radians_s,star_color,star_type,star_size)  VALUES ('U2006V2004', 'U2006V2004_0', 1.24E11, 2.5998014363105097E-5, 'F', 351.0, 'red_.dwarf', 'dm', 0.676);


INSERT INTO StarRep (System_id,cluster_id,distance_clust_virt_centre,luminosity,no_planets_allowed,angle_in_radians_s,star_color,star_type,star_size)  VALUES ('U2006V2004', 'U2006V2004_2', 3.1E10, 0.0466, 'F', 270.0, 'red_.mains', 'm3', 0.09316666666666662);


INSERT INTO StarRep (System_id,cluster_id,distance_clust_virt_centre,luminosity,no_planets_allowed,angle_in_radians_s,star_color,star_type,star_size)  VALUES ('U2006V2004', 'U2006V2004_3', 6.763636363636364E10, 0.2148415070399554, 'F', 274.0, 'orng.mains', 'k4', 1.126);


INSERT INTO StarRep (System_id,cluster_id,distance_clust_virt_centre,luminosity,no_planets_allowed,angle_in_radians_s,star_color,star_type,star_size)  VALUES ('U2006V2004', 'U2006V2004_4', 5.1310344827586205E10, 0.0734, 'F', 219.0, 'red_.mains', 'm1', 0.07883333333333331);


INSERT INTO ClusterRep (System_id,distance_sys_virt_centre,planetsAllowed,cluster_id,angle_in_radians,cluster_description,number_stars_in_cluster)  VALUES ('U2006V2004', 8.626086956521739E10, 'F', 'U2006V2004_4', 2.4958208303518914, 'Cluster Number: 4 FIVESTAR_SPREAD', 1);


INSERT INTO SystemRep (System_id, distance_to_galaxy_centre, ucoordinate, vcoordinate) VALUES ('U2006V2003', 3.374536253340183E16, 2006.0, 2003.0);


INSERT INTO StarRep (System_id,cluster_id,distance_clust_virt_centre,luminosity,no_planets_allowed,angle_in_radians_s,star_color,star_type,star_size)  VALUES ('U2006V2003', 'U2006V2003_0', 5.5111111111111115E10, 0.216, 'F', 70.0, 'orng.mains', 'k4', 1.126);


INSERT INTO StarRep (System_id,cluster_id,distance_clust_virt_centre,luminosity,no_planets_allowed,angle_in_radians_s,star_color,star_type,star_size)  VALUES ('U2006V2003', 'U2006V2003_0', 5.952E11, 690.474553752372, 'F', 239.0, 'yelo.gi.ii', 'g3', 13.8);


INSERT INTO StarRep (System_id,cluster_id,distance_clust_virt_centre,luminosity,no_planets_allowed,angle_in_radians_s,star_color,star_type,star_size)  VALUES ('U2006V2003', 'U2006V2003_0', 8.266666666666667E10, 0.408, 'F', 198.0, 'yelo.mains', 'g9', 47.4);


INSERT INTO StarRep (System_id,cluster_id,distance_clust_virt_centre,luminosity,no_planets_allowed,angle_in_radians_s,star_color,star_type,star_size)  VALUES ('U2006V2003', 'U2006V2003_0', 8.502857142857143E10, 510.6839892210447, 'F', 197.0, 'pyel.gi.ii', 'f5', 9.0);


INSERT INTO StarRep (System_id,cluster_id,distance_clust_virt_centre,luminosity,no_planets_allowed,angle_in_radians_s,star_color,star_type,star_size)  VALUES ('U2006V2003', 'U2006V2003_0', 3.542857142857143E10, 0.0734, 'F', 298.0, 'red_.mains', 'm1', 0.07883333333333331);


INSERT INTO StarRep (System_id,cluster_id,distance_clust_virt_centre,luminosity,no_planets_allowed,angle_in_radians_s,star_color,star_type,star_size)  VALUES ('U2006V2003', 'U2006V2003_2', 7.63076923076923E10, 2.6E-5, 'F', 282.0, 'red_.dwarf', 'dm', 0.676);


INSERT INTO StarRep (System_id,cluster_id,distance_clust_virt_centre,luminosity,no_planets_allowed,angle_in_radians_s,star_color,star_type,star_size)  VALUES ('U2006V2003', 'U2006V2003_3', 1.6533333333333334E11, 1.1977972537643302, 'F', 246.0, 'yelo.mains', 'g0', 42.0);


INSERT INTO StarRep (System_id,cluster_id,distance_clust_virt_centre,luminosity,no_planets_allowed,angle_in_radians_s,star_color,star_type,star_size)  VALUES ('U2006V2003', 'U2006V2003_4', 2.976E12, 0.40734850855891297, 'F', 190.0, 'yelo.mains', 'g9', 47.4);


INSERT INTO ClusterRep (System_id,distance_sys_virt_centre,planetsAllowed,cluster_id,angle_in_radians,cluster_description,number_stars_in_cluster)  VALUES ('U2006V2003', 8.883582089552238E10, 'F', 'U2006V2003_4', 4.5553093477052, 'Cluster Number: 4 FIVESTAR_SPREAD', 1);


INSERT INTO SystemRep (System_id, distance_to_galaxy_centre, ucoordinate, vcoordinate) VALUES ('U2006V2002', 3.373695248715627E16, 2006.0, 2002.0);


INSERT INTO SystemRep (System_id, distance_to_galaxy_centre, ucoordinate, vcoordinate) VALUES ('U2006V2001', 3.3728544545251164E16, 2006.0, 2001.0);


INSERT INTO StarRep (System_id,cluster_id,distance_clust_virt_centre,luminosity,no_planets_allowed,angle_in_radians_s,star_color,star_type,star_size)  VALUES ('U2006V2001', 'U2006V2001_0', 3.4206896551724136E10, 0.2158137536086469, 'F', 297.0, 'orng.mains', 'k4', 1.126);


INSERT INTO StarRep (System_id,cluster_id,distance_clust_virt_centre,luminosity,no_planets_allowed,angle_in_radians_s,star_color,star_type,star_size)  VALUES ('U2006V2001', 'U2006V2001_0', 3.2703296703296703E10, 0.216, 'F', 241.0, 'orng.mains', 'k4', 1.126);


INSERT INTO StarRep (System_id,cluster_id,distance_clust_virt_centre,luminosity,no_planets_allowed,angle_in_radians_s,star_color,star_type,star_size)  VALUES ('U2006V2001', 'U2006V2001_0', 5.410909090909091E10, 4.308, 'F', 353.0, 'red_.subgi', 'm4', 4.0);


INSERT INTO StarRep (System_id,cluster_id,distance_clust_virt_centre,luminosity,no_planets_allowed,angle_in_radians_s,star_color,star_type,star_size)  VALUES ('U2006V2001', 'U2006V2001_0', 4.65E10, 0.162, 'F', 66.0, 'orng.mains', 'k6', 1.169);


INSERT INTO StarRep (System_id,cluster_id,distance_clust_virt_centre,luminosity,no_planets_allowed,angle_in_radians_s,star_color,star_type,star_size)  VALUES ('U2006V2001', 'U2006V2001_0', 5.5111111111111115E10, 0.9393053737276937, 'F', 325.0, 'yelo.mains', 'g3', 43.8);


INSERT INTO StarRep (System_id,cluster_id,distance_clust_virt_centre,luminosity,no_planets_allowed,angle_in_radians_s,star_color,star_type,star_size)  VALUES ('U2006V2001', 'U2006V2001_2', 4.376470588235294E10, 0.40721979210717435, 'F', 276.0, 'yelo.mains', 'g9', 47.4);


INSERT INTO StarRep (System_id,cluster_id,distance_clust_virt_centre,luminosity,no_planets_allowed,angle_in_radians_s,star_color,star_type,star_size)  VALUES ('U2006V2001', 'U2006V2001_3', 3.674074074074074E10, 0.40781481676797054, 'F', 80.0, 'yelo.mains', 'g9', 47.4);


INSERT INTO StarRep (System_id,cluster_id,distance_clust_virt_centre,luminosity,no_planets_allowed,angle_in_radians_s,star_color,star_type,star_size)  VALUES ('U2006V2001', 'U2006V2001_4', 3.767088607594936E10, 1.69E8, 'F', 205.0, 'blue.sg.ii', 'o8', 12.0);


INSERT INTO ClusterRep (System_id,distance_sys_virt_centre,planetsAllowed,cluster_id,angle_in_radians,cluster_description,number_stars_in_cluster)  VALUES ('U2006V2001', 3.306666666666667E11, 'F', 'U2006V2001_4', 3.5255650890285457, 'Cluster Number: 4 FIVESTAR_SPREAD', 1);


INSERT INTO SystemRep (System_id, distance_to_galaxy_centre, ucoordinate, vcoordinate) VALUES ('U2006V2000', 3.3720138709260612E16, 2006.0, 2000.0);


INSERT INTO StarRep (System_id,cluster_id,distance_clust_virt_centre,luminosity,no_planets_allowed,angle_in_radians_s,star_color,star_type,star_size)  VALUES ('U2006V2000', 'U2006V2000_0', 7.44E11, 510.0, 'F', 295.0, 'pyel.gi.ii', 'f5', 9.0);


INSERT INTO StarRep (System_id,cluster_id,distance_clust_virt_centre,luminosity,no_planets_allowed,angle_in_radians_s,star_color,star_type,star_size)  VALUES ('U2006V2000', 'U2006V2000_0', 1.3527272727272728E11, 1386.098153384112, 'F', 200.0, 'red_.gi.i ', 'm2', 9.813333333333333);


INSERT INTO StarRep (System_id,cluster_id,distance_clust_virt_centre,luminosity,no_planets_allowed,angle_in_radians_s,star_color,star_type,star_size)  VALUES ('U2006V2000', 'U2006V2000_0', 9.3E10, 11400.0, 'F', 126.0, 'whit.sg.i ', 'a6', 13.333333333333334);


INSERT INTO StarRep (System_id,cluster_id,distance_clust_virt_centre,luminosity,no_planets_allowed,angle_in_radians_s,star_color,star_type,star_size)  VALUES ('U2006V2000', 'U2006V2000_0', 4.578461538461539E10, 0.16137259429192838, 'F', 359.0, 'orng.mains', 'k6', 1.169);


INSERT INTO StarRep (System_id,cluster_id,distance_clust_virt_centre,luminosity,no_planets_allowed,angle_in_radians_s,star_color,star_type,star_size)  VALUES ('U2006V2000', 'U2006V2000_0', 4.1333333333333336E10, 3.749502619164136E-5, 'F', 332.0, 'orng.dwarf', 'dk', 0.5633333333333334);


INSERT INTO StarRep (System_id,cluster_id,distance_clust_virt_centre,luminosity,no_planets_allowed,angle_in_radians_s,star_color,star_type,star_size)  VALUES ('U2006V2000', 'U2006V2000_2', 3.036734693877551E10, 0.0466, 'F', 89.0, 'red_.mains', 'm3', 0.09316666666666662);


INSERT INTO StarRep (System_id,cluster_id,distance_clust_virt_centre,luminosity,no_planets_allowed,angle_in_radians_s,star_color,star_type,star_size)  VALUES ('U2006V2000', 'U2006V2000_3', 4.0767123287671234E10, 0.123, 'F', 236.0, 'orng.mains', 'k8', 1.2120000000000002);


INSERT INTO StarRep (System_id,cluster_id,distance_clust_virt_centre,luminosity,no_planets_allowed,angle_in_radians_s,star_color,star_type,star_size)  VALUES ('U2006V2000', 'U2006V2000_4', 5.410909090909091E10, 6.4979998730181885, 'F', 178.0, 'yelo.subgi', 'g0', 1.75);


INSERT INTO ClusterRep (System_id,distance_sys_virt_centre,planetsAllowed,cluster_id,angle_in_radians,cluster_description,number_stars_in_cluster)  VALUES ('U2006V2000', 1.1446153846153847E11, 'F', 'U2006V2000_4', 6.126105674500097, 'Cluster Number: 4 FIVESTAR_SPREAD', 1);


INSERT INTO SystemRep (System_id, distance_to_galaxy_centre, ucoordinate, vcoordinate) VALUES ('U2002V2009', 3.376223929847308E16, 2002.0, 2009.0);


INSERT INTO StarRep (System_id,cluster_id,distance_clust_virt_centre,luminosity,no_planets_allowed,angle_in_radians_s,star_color,star_type,star_size)  VALUES ('U2002V2009', 'U2002V2009_0', 7.44E11, 3.18, 'F', 156.0, 'pyel.mains', 'f4', 38.4);


INSERT INTO StarRep (System_id,cluster_id,distance_clust_virt_centre,luminosity,no_planets_allowed,angle_in_radians_s,star_color,star_type,star_size)  VALUES ('U2002V2009', 'U2002V2009_0', 9.92E10, 1.69E8, 'F', 40.0, 'blue.sg.ii', 'o8', 12.0);


INSERT INTO StarRep (System_id,cluster_id,distance_clust_virt_centre,luminosity,no_planets_allowed,angle_in_radians_s,star_color,star_type,star_size)  VALUES ('U2002V2009', 'U2002V2009_0', 5.314285714285714E10, 0.282, 'F', 92.0, 'orng.mains', 'k2', 1.0830000000000002);


INSERT INTO StarRep (System_id,cluster_id,distance_clust_virt_centre,luminosity,no_planets_allowed,angle_in_radians_s,star_color,star_type,star_size)  VALUES ('U2002V2009', 'U2002V2009_0', 2.976E12, 2.899127586721793E-5, 'F', 319.0, 'red_.dwarf', 'dm', 0.624);


INSERT INTO StarRep (System_id,cluster_id,distance_clust_virt_centre,luminosity,no_planets_allowed,angle_in_radians_s,star_color,star_type,star_size)  VALUES ('U2002V2009', 'U2002V2009_0', 1.86E11, 2.8981821393348225E-5, 'F', 28.0, 'red_.dwarf', 'dm', 0.624);


INSERT INTO StarRep (System_id,cluster_id,distance_clust_virt_centre,luminosity,no_planets_allowed,angle_in_radians_s,star_color,star_type,star_size)  VALUES ('U2002V2009', 'U2002V2009_2', 5.952E10, 0.045881585795437614, 'F', 56.0, 'red_.mains', 'm3', 0.09316666666666662);


INSERT INTO StarRep (System_id,cluster_id,distance_clust_virt_centre,luminosity,no_planets_allowed,angle_in_radians_s,star_color,star_type,star_size)  VALUES ('U2002V2009', 'U2002V2009_3', 5.952E11, 0.123, 'F', 333.0, 'orng.mains', 'k8', 1.2120000000000002);


INSERT INTO StarRep (System_id,cluster_id,distance_clust_virt_centre,luminosity,no_planets_allowed,angle_in_radians_s,star_color,star_type,star_size)  VALUES ('U2002V2009', 'U2002V2009_4', 8.752941176470589E10, 2.32, 'F', 84.0, 'pyel.mains', 'f6', 39.6);


INSERT INTO ClusterRep (System_id,distance_sys_virt_centre,planetsAllowed,cluster_id,angle_in_radians,cluster_description,number_stars_in_cluster)  VALUES ('U2002V2009', 1.526153846153846E11, 'F', 'U2002V2009_4', 2.8797932657906435, 'Cluster Number: 4 FIVESTAR_SPREAD', 1);


INSERT INTO SystemRep (System_id, distance_to_galaxy_centre, ucoordinate, vcoordinate) VALUES ('U2002V2008', 3.3753808268026412E16, 2002.0, 2008.0);


INSERT INTO StarRep (System_id,cluster_id,distance_clust_virt_centre,luminosity,no_planets_allowed,angle_in_radians_s,star_color,star_type,star_size)  VALUES ('U2002V2008', 'U2002V2008_0', 4.96E11, 0.04638486690040563, 'F', 195.0, 'red_.mains', 'm3', 0.09316666666666662);


INSERT INTO StarRep (System_id,cluster_id,distance_clust_virt_centre,luminosity,no_planets_allowed,angle_in_radians_s,star_color,star_type,star_size)  VALUES ('U2002V2008', 'U2002V2008_0', 4.509090909090909E10, 0.027476748110822253, 'F', 35.0, 'red_.mains', 'm5', 0.10750000000000004);


INSERT INTO StarRep (System_id,cluster_id,distance_clust_virt_centre,luminosity,no_planets_allowed,angle_in_radians_s,star_color,star_type,star_size)  VALUES ('U2002V2008', 'U2002V2008_0', 3.036734693877551E10, 72.0, 'F', 347.0, 'whit.gi.i ', 'a6', 63.33333333333333);


INSERT INTO StarRep (System_id,cluster_id,distance_clust_virt_centre,luminosity,no_planets_allowed,angle_in_radians_s,star_color,star_type,star_size)  VALUES ('U2002V2008', 'U2002V2008_0', 2.48E11, 0.0912, 'F', 352.0, 'red_.mains', 'm0', 1.255);


INSERT INTO StarRep (System_id,cluster_id,distance_clust_virt_centre,luminosity,no_planets_allowed,angle_in_radians_s,star_color,star_type,star_size)  VALUES ('U2002V2008', 'U2002V2008_0', 4.251428571428571E11, 1.32E-4, 'F', 309.0, 'pyel.dwarf', 'df', 0.4073333333333333);


INSERT INTO StarRep (System_id,cluster_id,distance_clust_virt_centre,luminosity,no_planets_allowed,angle_in_radians_s,star_color,star_type,star_size)  VALUES ('U2002V2008', 'U2002V2008_2', 4.65E10, 0.04596580045284814, 'F', 75.0, 'red_.mains', 'm3', 0.09316666666666662);


INSERT INTO StarRep (System_id,cluster_id,distance_clust_virt_centre,luminosity,no_planets_allowed,angle_in_radians_s,star_color,star_type,star_size)  VALUES ('U2002V2008', 'U2002V2008_3', 1.984E11, 2.32, 'F', 110.0, 'pyel.mains', 'f6', 39.6);


INSERT INTO StarRep (System_id,cluster_id,distance_clust_virt_centre,luminosity,no_planets_allowed,angle_in_radians_s,star_color,star_type,star_size)  VALUES ('U2002V2008', 'U2002V2008_4', 3.068041237113402E10, 0.4073878517879291, 'F', 41.0, 'yelo.mains', 'g9', 47.4);


INSERT INTO ClusterRep (System_id,distance_sys_virt_centre,planetsAllowed,cluster_id,angle_in_radians,cluster_description,number_stars_in_cluster)  VALUES ('U2002V2008', 6.920930232558139E10, 'F', 'U2002V2008_4', 5.969026041820607, 'Cluster Number: 4 FIVESTAR_SPREAD', 1);


INSERT INTO SystemRep (System_id, distance_to_galaxy_centre, ucoordinate, vcoordinate) VALUES ('U2002V2007', 3.3745379330397932E16, 2002.0, 2007.0);


INSERT INTO SystemRep (System_id, distance_to_galaxy_centre, ucoordinate, vcoordinate) VALUES ('U2002V2006', 3.373695248715627E16, 2002.0, 2006.0);


INSERT INTO StarRep (System_id,cluster_id,distance_clust_virt_centre,luminosity,no_planets_allowed,angle_in_radians_s,star_color,star_type,star_size)  VALUES ('U2002V2006', 'U2002V2006_0', 1.488E12, 0.0466, 'F', 116.0, 'red_.mains', 'm3', 0.09316666666666662);


INSERT INTO StarRep (System_id,cluster_id,distance_clust_virt_centre,luminosity,no_planets_allowed,angle_in_radians_s,star_color,star_type,star_size)  VALUES ('U2002V2006', 'U2002V2006_0', 3.2E10, 1.2, 'F', 44.0, 'yelo.mains', 'g0', 42.0);


INSERT INTO StarRep (System_id,cluster_id,distance_clust_virt_centre,luminosity,no_planets_allowed,angle_in_radians_s,star_color,star_type,star_size)  VALUES ('U2002V2006', 'U2002V2006_0', 1.984E11, 0.013324997947136019, 'F', 198.0, 'red_.mains', 'm7', 0.12183333333333335);


INSERT INTO StarRep (System_id,cluster_id,distance_clust_virt_centre,luminosity,no_planets_allowed,angle_in_radians_s,star_color,star_type,star_size)  VALUES ('U2002V2006', 'U2002V2006_0', 3.343820224719101E10, 1.197766260967518, 'F', 287.0, 'yelo.mains', 'g0', 42.0);


INSERT INTO StarRep (System_id,cluster_id,distance_clust_virt_centre,luminosity,no_planets_allowed,angle_in_radians_s,star_color,star_type,star_size)  VALUES ('U2002V2006', 'U2002V2006_0', 1.1904E11, 2.6991070126257838E-5, 'F', 107.0, 'red_.dwarf', 'dm', 0.6586666666666666);


INSERT INTO StarRep (System_id,cluster_id,distance_clust_virt_centre,luminosity,no_planets_allowed,angle_in_radians_s,star_color,star_type,star_size)  VALUES ('U2002V2006', 'U2002V2006_2', 8.266666666666667E10, 0.0134, 'F', 36.0, 'red_.mains', 'm7', 0.12183333333333335);


INSERT INTO StarRep (System_id,cluster_id,distance_clust_virt_centre,luminosity,no_planets_allowed,angle_in_radians_s,star_color,star_type,star_size)  VALUES ('U2002V2006', 'U2002V2006_3', 3.1659574468085106E10, 0.0672, 'F', 195.0, 'red_.subdw', 'm9', 0.6522);


INSERT INTO StarRep (System_id,cluster_id,distance_clust_virt_centre,luminosity,no_planets_allowed,angle_in_radians_s,star_color,star_type,star_size)  VALUES ('U2002V2006', 'U2002V2006_4', 4.251428571428571E10, 2372.1387541070426, 'F', 127.0, 'red_.gi.i ', 'm6', 11.04);


INSERT INTO ClusterRep (System_id,distance_sys_virt_centre,planetsAllowed,cluster_id,angle_in_radians,cluster_description,number_stars_in_cluster)  VALUES ('U2002V2006', 6.6133333333333336E10, 'F', 'U2002V2006_4', 6.09119908946021, 'Cluster Number: 4 FIVESTAR_SPREAD', 1);


INSERT INTO SystemRep (System_id, distance_to_galaxy_centre, ucoordinate, vcoordinate) VALUES ('U2002V2005', 3.3728527739871244E16, 2002.0, 2005.0);


INSERT INTO StarRep (System_id,cluster_id,distance_clust_virt_centre,luminosity,no_planets_allowed,angle_in_radians_s,star_color,star_type,star_size)  VALUES ('U2002V2005', 'U2002V2005_0', 8.502857142857143E10, 0.21469950560845708, 'F', 343.0, 'orng.mains', 'k4', 1.126);


INSERT INTO StarRep (System_id,cluster_id,distance_clust_virt_centre,luminosity,no_planets_allowed,angle_in_radians_s,star_color,star_type,star_size)  VALUES ('U2002V2005', 'U2002V2005_0', 3.72E10, 0.0466, 'F', 46.0, 'red_.mains', 'm3', 0.09316666666666662);


INSERT INTO StarRep (System_id,cluster_id,distance_clust_virt_centre,luminosity,no_planets_allowed,angle_in_radians_s,star_color,star_type,star_size)  VALUES ('U2002V2005', 'U2002V2005_0', 8.752941176470589E10, 0.123, 'F', 353.0, 'orng.mains', 'k8', 1.2120000000000002);


INSERT INTO StarRep (System_id,cluster_id,distance_clust_virt_centre,luminosity,no_planets_allowed,angle_in_radians_s,star_color,star_type,star_size)  VALUES ('U2002V2005', 'U2002V2005_0', 1.566315789473684E11, 0.0466, 'F', 156.0, 'red_.mains', 'm3', 0.09316666666666662);


INSERT INTO StarRep (System_id,cluster_id,distance_clust_virt_centre,luminosity,no_planets_allowed,angle_in_radians_s,star_color,star_type,star_size)  VALUES ('U2002V2005', 'U2002V2005_0', 3.1659574468085106E10, 0.21509246101745108, 'F', 134.0, 'orng.mains', 'k4', 1.126);


INSERT INTO StarRep (System_id,cluster_id,distance_clust_virt_centre,luminosity,no_planets_allowed,angle_in_radians_s,star_color,star_type,star_size)  VALUES ('U2002V2005', 'U2002V2005_2', 4.65E10, 13.445280946442164, 'F', 30.0, 'whit.mains', 'a7', 34.199999999999996);


INSERT INTO StarRep (System_id,cluster_id,distance_clust_virt_centre,luminosity,no_planets_allowed,angle_in_radians_s,star_color,star_type,star_size)  VALUES ('U2002V2005', 'U2002V2005_3', 5.2210526315789474E10, 2.7E-5, 'F', 30.0, 'red_.dwarf', 'dm', 0.6586666666666666);


INSERT INTO StarRep (System_id,cluster_id,distance_clust_virt_centre,luminosity,no_planets_allowed,angle_in_radians_s,star_color,star_type,star_size)  VALUES ('U2002V2005', 'U2002V2005_4', 6.073469387755102E10, 0.0276, 'F', 141.0, 'red_.mains', 'm5', 0.10750000000000004);


INSERT INTO ClusterRep (System_id,distance_sys_virt_centre,planetsAllowed,cluster_id,angle_in_radians,cluster_description,number_stars_in_cluster)  VALUES ('U2002V2005', 1.4517073170731708E11, 'F', 'U2002V2005_4', 5.061454830783555, 'Cluster Number: 4 FIVESTAR_SPREAD', 1);


INSERT INTO SystemRep (System_id, distance_to_galaxy_centre, ucoordinate, vcoordinate) VALUES ('U2002V2004', 3.372010509011382E16, 2002.0, 2004.0);


INSERT INTO StarRep (System_id,cluster_id,distance_clust_virt_centre,luminosity,no_planets_allowed,angle_in_radians_s,star_color,star_type,star_size)  VALUES ('U2002V2004', 'U2002V2004_0', 8.043243243243243E10, 32800.0, 'F', 22.0, 'ltbl.sg.i ', 'b7', 27.5);


INSERT INTO StarRep (System_id,cluster_id,distance_clust_virt_centre,luminosity,no_planets_allowed,angle_in_radians_s,star_color,star_type,star_size)  VALUES ('U2002V2004', 'U2002V2004_0', 1.6533333333333334E11, 0.282, 'F', 41.0, 'orng.mains', 'k2', 1.0830000000000002);


INSERT INTO StarRep (System_id,cluster_id,distance_clust_virt_centre,luminosity,no_planets_allowed,angle_in_radians_s,star_color,star_type,star_size)  VALUES ('U2002V2004', 'U2002V2004_0', 3.91578947368421E10, 3.1670076623777432, 'F', 247.0, 'pyel.mains', 'f4', 38.4);


INSERT INTO StarRep (System_id,cluster_id,distance_clust_virt_centre,luminosity,no_planets_allowed,angle_in_radians_s,star_color,star_type,star_size)  VALUES ('U2002V2004', 'U2002V2004_0', 9.92E10, 0.4071414911782033, 'F', 188.0, 'yelo.mains', 'g9', 47.4);


INSERT INTO StarRep (System_id,cluster_id,distance_clust_virt_centre,luminosity,no_planets_allowed,angle_in_radians_s,star_color,star_type,star_size)  VALUES ('U2002V2004', 'U2002V2004_0', 3.5011764705882355E10, 0.0912, 'F', 54.0, 'red_.mains', 'm0', 1.255);


INSERT INTO StarRep (System_id,cluster_id,distance_clust_virt_centre,luminosity,no_planets_allowed,angle_in_radians_s,star_color,star_type,star_size)  VALUES ('U2002V2004', 'U2002V2004_2', 3.815384615384615E10, 2590.0, 'F', 49.0, 'red_.gi.i ', 'm8', 11.653333333333332);


INSERT INTO StarRep (System_id,cluster_id,distance_clust_virt_centre,luminosity,no_planets_allowed,angle_in_radians_s,star_color,star_type,star_size)  VALUES ('U2002V2004', 'U2002V2004_3', 4.441791044776119E10, 0.216, 'F', 167.0, 'orng.mains', 'k4', 1.126);


INSERT INTO StarRep (System_id,cluster_id,distance_clust_virt_centre,luminosity,no_planets_allowed,angle_in_radians_s,star_color,star_type,star_size)  VALUES ('U2002V2004', 'U2002V2004_4', 2.2892307692307693E11, 3.4, 'F', 98.0, 'ltbl.subdw', 'b9', 0.2795000000000001);


INSERT INTO ClusterRep (System_id,distance_sys_virt_centre,planetsAllowed,cluster_id,angle_in_radians,cluster_description,number_stars_in_cluster)  VALUES ('U2002V2004', 6.687640449438202E10, 'F', 'U2002V2004_4', 1.8500490071139892, 'Cluster Number: 4 FIVESTAR_SPREAD', 1);


INSERT INTO SystemRep (System_id, distance_to_galaxy_centre, ucoordinate, vcoordinate) VALUES ('U2002V2003', 3.371168453945617E16, 2002.0, 2003.0);


INSERT INTO StarRep (System_id,cluster_id,distance_clust_virt_centre,luminosity,no_planets_allowed,angle_in_radians_s,star_color,star_type,star_size)  VALUES ('U2002V2003', 'U2002V2003_0', 9.018181818181818E10, 79000.0, 'F', 303.0, 'yelo.sg.ii', 'g3', 71.66666666666667);


INSERT INTO StarRep (System_id,cluster_id,distance_clust_virt_centre,luminosity,no_planets_allowed,angle_in_radians_s,star_color,star_type,star_size)  VALUES ('U2002V2003', 'U2002V2003_0', 6.763636363636364E10, 2.8E-5, 'F', 50.0, 'red_.dwarf', 'dm', 0.6413333333333334);


INSERT INTO StarRep (System_id,cluster_id,distance_clust_virt_centre,luminosity,no_planets_allowed,angle_in_radians_s,star_color,star_type,star_size)  VALUES ('U2002V2003', 'U2002V2003_0', 3.234782608695652E10, 3.648201975489325E-5, 'F', 98.0, 'orng.dwarf', 'dk', 0.5806666666666667);


INSERT INTO StarRep (System_id,cluster_id,distance_clust_virt_centre,luminosity,no_planets_allowed,angle_in_radians_s,star_color,star_type,star_size)  VALUES ('U2002V2003', 'U2002V2003_0', 3.72E11, 5397.114377666095, 'F', 123.0, 'pyel.sg.i ', 'f5', 20.833333333333336);


INSERT INTO StarRep (System_id,cluster_id,distance_clust_virt_centre,luminosity,no_planets_allowed,angle_in_radians_s,star_color,star_type,star_size)  VALUES ('U2002V2003', 'U2002V2003_0', 7.44E11, 0.04645303940195723, 'F', 213.0, 'red_.mains', 'm3', 0.09316666666666662);


INSERT INTO StarRep (System_id,cluster_id,distance_clust_virt_centre,luminosity,no_planets_allowed,angle_in_radians_s,star_color,star_type,star_size)  VALUES ('U2002V2003', 'U2002V2003_2', 5.952E10, 1.55, 'F', 11.0, 'pyel.mains', 'f8', 40.8);


INSERT INTO StarRep (System_id,cluster_id,distance_clust_virt_centre,luminosity,no_planets_allowed,angle_in_radians_s,star_color,star_type,star_size)  VALUES ('U2002V2003', 'U2002V2003_3', 6.331914893617021E10, 1.1971025413828358, 'F', 252.0, 'yelo.mains', 'g0', 42.0);


INSERT INTO StarRep (System_id,cluster_id,distance_clust_virt_centre,luminosity,no_planets_allowed,angle_in_radians_s,star_color,star_type,star_size)  VALUES ('U2002V2003', 'U2002V2003_4', 3.542857142857143E10, 0.09104833472442057, 'F', 184.0, 'red_.mains', 'm0', 1.255);


INSERT INTO ClusterRep (System_id,distance_sys_virt_centre,planetsAllowed,cluster_id,angle_in_radians,cluster_description,number_stars_in_cluster)  VALUES ('U2002V2003', 6.469565217391304E10, 'F', 'U2002V2003_4', 1.9722220547535922, 'Cluster Number: 4 FIVESTAR_SPREAD', 1);


INSERT INTO SystemRep (System_id, distance_to_galaxy_centre, ucoordinate, vcoordinate) VALUES ('U2002V2002', 3.3703266089471624E16, 2002.0, 2002.0);


INSERT INTO StarRep (System_id,cluster_id,distance_clust_virt_centre,luminosity,no_planets_allowed,angle_in_radians_s,star_color,star_type,star_size)  VALUES ('U2002V2002', 'U2002V2002_0', 4.578461538461539E10, 10.0, 'F', 169.0, 'blue.subdw', 'o8', 0.15766666666666662);


INSERT INTO StarRep (System_id,cluster_id,distance_clust_virt_centre,luminosity,no_planets_allowed,angle_in_radians_s,star_color,star_type,star_size)  VALUES ('U2002V2002', 'U2002V2002_0', 9.3E10, 0.408, 'F', 52.0, 'yelo.mains', 'g9', 47.4);


INSERT INTO StarRep (System_id,cluster_id,distance_clust_virt_centre,luminosity,no_planets_allowed,angle_in_radians_s,star_color,star_type,star_size)  VALUES ('U2002V2002', 'U2002V2002_0', 2.48E11, 0.04642420659692648, 'F', 253.0, 'red_.mains', 'm3', 0.09316666666666662);


INSERT INTO StarRep (System_id,cluster_id,distance_clust_virt_centre,luminosity,no_planets_allowed,angle_in_radians_s,star_color,star_type,star_size)  VALUES ('U2002V2002', 'U2002V2002_0', 8.043243243243243E10, 0.216, 'F', 352.0, 'orng.mains', 'k4', 1.126);


INSERT INTO StarRep (System_id,cluster_id,distance_clust_virt_centre,luminosity,no_planets_allowed,angle_in_radians_s,star_color,star_type,star_size)  VALUES ('U2002V2002', 'U2002V2002_0', 4.0767123287671234E10, 0.4070836212437687, 'F', 239.0, 'yelo.mains', 'g9', 47.4);


INSERT INTO StarRep (System_id,cluster_id,distance_clust_virt_centre,luminosity,no_planets_allowed,angle_in_radians_s,star_color,star_type,star_size)  VALUES ('U2002V2002', 'U2002V2002_2', 3.815384615384615E10, 0.09066681241283943, 'F', 4.0, 'red_.mains', 'm0', 1.255);


INSERT INTO StarRep (System_id,cluster_id,distance_clust_virt_centre,luminosity,no_planets_allowed,angle_in_radians_s,star_color,star_type,star_size)  VALUES ('U2002V2002', 'U2002V2002_3', 2.7054545454545456E11, 0.4075021961627704, 'F', 87.0, 'yelo.mains', 'g9', 47.4);


INSERT INTO StarRep (System_id,cluster_id,distance_clust_virt_centre,luminosity,no_planets_allowed,angle_in_radians_s,star_color,star_type,star_size)  VALUES ('U2002V2002', 'U2002V2002_4', 4.723809523809524E10, 2.3185541229520923, 'F', 198.0, 'pyel.mains', 'f6', 39.6);


INSERT INTO ClusterRep (System_id,distance_sys_virt_centre,planetsAllowed,cluster_id,angle_in_radians,cluster_description,number_stars_in_cluster)  VALUES ('U2002V2002', 1.3841860465116278E11, 'F', 'U2002V2002_4', 0.9599310885968813, 'Cluster Number: 4 FIVESTAR_SPREAD', 1);


INSERT INTO SystemRep (System_id, distance_to_galaxy_centre, ucoordinate, vcoordinate) VALUES ('U2002V2001', 3.369484974173471E16, 2002.0, 2001.0);


INSERT INTO StarRep (System_id,cluster_id,distance_clust_virt_centre,luminosity,no_planets_allowed,angle_in_radians_s,star_color,star_type,star_size)  VALUES ('U2002V2001', 'U2002V2001_0', 4.441791044776119E10, 0.408, 'F', 209.0, 'yelo.mains', 'g9', 47.4);


INSERT INTO StarRep (System_id,cluster_id,distance_clust_virt_centre,luminosity,no_planets_allowed,angle_in_radians_s,star_color,star_type,star_size)  VALUES ('U2002V2001', 'U2002V2001_0', 4.376470588235294E10, 146000.0, 'F', 47.0, 'blue.subgi', 'o8', 30.0);


INSERT INTO StarRep (System_id,cluster_id,distance_clust_virt_centre,luminosity,no_planets_allowed,angle_in_radians_s,star_color,star_type,star_size)  VALUES ('U2002V2001', 'U2002V2001_0', 5.615094339622642E10, 2.32, 'F', 148.0, 'pyel.mains', 'f6', 39.6);


INSERT INTO StarRep (System_id,cluster_id,distance_clust_virt_centre,luminosity,no_planets_allowed,angle_in_radians_s,star_color,star_type,star_size)  VALUES ('U2002V2001', 'U2002V2001_0', 6.2E10, 59.61604789752095, 'F', 25.0, 'whit.mains', 'a2', 31.200000000000003);


INSERT INTO StarRep (System_id,cluster_id,distance_clust_virt_centre,luminosity,no_planets_allowed,angle_in_radians_s,star_color,star_type,star_size)  VALUES ('U2002V2001', 'U2002V2001_0', 4.65E10, 2.32, 'F', 160.0, 'pyel.mains', 'f6', 39.6);


INSERT INTO StarRep (System_id,cluster_id,distance_clust_virt_centre,luminosity,no_planets_allowed,angle_in_radians_s,star_color,star_type,star_size)  VALUES ('U2002V2001', 'U2002V2001_2', 3.234782608695652E10, 0.216, 'F', 24.0, 'orng.mains', 'k4', 1.126);


INSERT INTO StarRep (System_id,cluster_id,distance_clust_virt_centre,luminosity,no_planets_allowed,angle_in_radians_s,star_color,star_type,star_size)  VALUES ('U2002V2001', 'U2002V2001_3', 1.417142857142857E11, 142000.0, 'F', 224.0, 'blue.gi.i ', 'o8', 48.333333333333336);


INSERT INTO StarRep (System_id,cluster_id,distance_clust_virt_centre,luminosity,no_planets_allowed,angle_in_radians_s,star_color,star_type,star_size)  VALUES ('U2002V2001', 'U2002V2001_4', 1.0628571428571428E11, 0.408, 'F', 155.0, 'yelo.mains', 'g9', 47.4);


INSERT INTO ClusterRep (System_id,distance_sys_virt_centre,planetsAllowed,cluster_id,angle_in_radians,cluster_description,number_stars_in_cluster)  VALUES ('U2002V2001', 6.540659340659341E10, 'F', 'U2002V2001_4', 4.031710572106902, 'Cluster Number: 4 FIVESTAR_SPREAD', 1);


INSERT INTO SystemRep (System_id, distance_to_galaxy_centre, ucoordinate, vcoordinate) VALUES ('U2002V2000', 3.3686435497821136E16, 2002.0, 2000.0);


INSERT INTO StarRep (System_id,cluster_id,distance_clust_virt_centre,luminosity,no_planets_allowed,angle_in_radians_s,star_color,star_type,star_size)  VALUES ('U2002V2000', 'U2002V2000_0', 1.0262068965517241E11, 2.598069278359133E-5, 'F', 223.0, 'red_.dwarf', 'dm', 0.676);


INSERT INTO StarRep (System_id,cluster_id,distance_clust_virt_centre,luminosity,no_planets_allowed,angle_in_radians_s,star_color,star_type,star_size)  VALUES ('U2002V2000', 'U2002V2000_0', 4.1915492957746475E10, 0.21582304797169025, 'F', 59.0, 'orng.mains', 'k4', 1.126);


INSERT INTO StarRep (System_id,cluster_id,distance_clust_virt_centre,luminosity,no_planets_allowed,angle_in_radians_s,star_color,star_type,star_size)  VALUES ('U2002V2000', 'U2002V2000_0', 3.306666666666667E11, 0.0912, 'F', 308.0, 'red_.mains', 'm0', 1.255);


INSERT INTO StarRep (System_id,cluster_id,distance_clust_virt_centre,luminosity,no_planets_allowed,angle_in_radians_s,star_color,star_type,star_size)  VALUES ('U2002V2000', 'U2002V2000_0', 3.5011764705882355E10, 0.046024346354379984, 'F', 58.0, 'red_.mains', 'm3', 0.09316666666666662);


INSERT INTO StarRep (System_id,cluster_id,distance_clust_virt_centre,luminosity,no_planets_allowed,angle_in_radians_s,star_color,star_type,star_size)  VALUES ('U2002V2000', 'U2002V2000_0', 1.3527272727272728E11, 0.0134, 'F', 11.0, 'red_.mains', 'm7', 0.12183333333333335);


INSERT INTO StarRep (System_id,cluster_id,distance_clust_virt_centre,luminosity,no_planets_allowed,angle_in_radians_s,star_color,star_type,star_size)  VALUES ('U2002V2000', 'U2002V2000_2', 1.417142857142857E11, 0.4077281545704161, 'F', 332.0, 'yelo.mains', 'g9', 47.4);


INSERT INTO StarRep (System_id,cluster_id,distance_clust_virt_centre,luminosity,no_planets_allowed,angle_in_radians_s,star_color,star_type,star_size)  VALUES ('U2002V2000', 'U2002V2000_3', 1.1022222222222223E11, 3.748924954331966E-5, 'F', 338.0, 'orng.dwarf', 'dk', 0.5633333333333334);


INSERT INTO StarRep (System_id,cluster_id,distance_clust_virt_centre,luminosity,no_planets_allowed,angle_in_radians_s,star_color,star_type,star_size)  VALUES ('U2002V2000', 'U2002V2000_4', 5.2210526315789474E10, 0.40685381140804483, 'F', 270.0, 'yelo.mains', 'g9', 47.4);


INSERT INTO ClusterRep (System_id,distance_sys_virt_centre,planetsAllowed,cluster_id,angle_in_radians,cluster_description,number_stars_in_cluster)  VALUES ('U2002V2000', 6.2E10, 'F', 'U2002V2000_4', 2.0943951023931953, 'Cluster Number: 4 FIVESTAR_SPREAD', 1);


INSERT INTO SystemRep (System_id, distance_to_galaxy_centre, ucoordinate, vcoordinate) VALUES ('U2019V2019', 3.3989457659661944E16, 2019.0, 2019.0);


INSERT INTO StarRep (System_id,cluster_id,distance_clust_virt_centre,luminosity,no_planets_allowed,angle_in_radians_s,star_color,star_type,star_size)  VALUES ('U2019V2019', 'U2019V2019_0', 5.5111111111111115E10, 4.302, 'F', 214.0, 'red_.subgi', 'm6', 4.333333333333334);


INSERT INTO ClusterRep (System_id,distance_sys_virt_centre,planetsAllowed,cluster_id,angle_in_radians,cluster_description,number_stars_in_cluster)  VALUES ('U2019V2019', 2.834285714285714E11, 'T', 'U2019V2019_0', 2.9146998508305306, 'Cluster Number: 0 SINGLESTAR', 1);


INSERT INTO SystemRep (System_id, distance_to_galaxy_centre, ucoordinate, vcoordinate) VALUES ('U2019V2018', 3.3981041303070156E16, 2019.0, 2018.0);


INSERT INTO StarRep (System_id,cluster_id,distance_clust_virt_centre,luminosity,no_planets_allowed,angle_in_radians_s,star_color,star_type,star_size)  VALUES ('U2019V2018', 'U2019V2018_0', 7.44E11, 0.123, 'F', 79.0, 'orng.mains', 'k8', 1.2120000000000002);


INSERT INTO ClusterRep (System_id,distance_sys_virt_centre,planetsAllowed,cluster_id,angle_in_radians,cluster_description,number_stars_in_cluster)  VALUES ('U2019V2018', 2.2892307692307693E11, 'T', 'U2019V2018_0', 1.8500490071139892, 'Cluster Number: 0 SINGLESTAR', 1);


INSERT INTO SystemRep (System_id, distance_to_galaxy_centre, ucoordinate, vcoordinate) VALUES ('U2019V2017', 3.397262703257433E16, 2019.0, 2017.0);


INSERT INTO StarRep (System_id,cluster_id,distance_clust_virt_centre,luminosity,no_planets_allowed,angle_in_radians_s,star_color,star_type,star_size)  VALUES ('U2019V2017', 'U2019V2017_0', 8.266666666666667E10, 0.40591012554466877, 'F', 305.0, 'yelo.mains', 'g9', 47.4);


INSERT INTO ClusterRep (System_id,distance_sys_virt_centre,planetsAllowed,cluster_id,angle_in_radians,cluster_description,number_stars_in_cluster)  VALUES ('U2019V2017', 8.883582089552238E10, 'T', 'U2019V2017_0', 2.129301687433082, 'Cluster Number: 0 SINGLESTAR', 1);


INSERT INTO SystemRep (System_id, distance_to_galaxy_centre, ucoordinate, vcoordinate) VALUES ('U2019V2009', 3.3905388154354936E16, 2019.0, 2009.0);


INSERT INTO StarRep (System_id,cluster_id,distance_clust_virt_centre,luminosity,no_planets_allowed,angle_in_radians_s,star_color,star_type,star_size)  VALUES ('U2019V2009', 'U2019V2009_0', 4.578461538461539E10, 7.604033408285629, 'F', 93.0, 'pyel.mains', 'f1', 36.599999999999994);


INSERT INTO ClusterRep (System_id,distance_sys_virt_centre,planetsAllowed,cluster_id,angle_in_radians,cluster_description,number_stars_in_cluster)  VALUES ('U2019V2009', 9.6E10, 'T', 'U2019V2009_0', 4.118977034706617, 'Cluster Number: 0 SINGLESTAR', 1);


INSERT INTO SystemRep (System_id, distance_to_galaxy_centre, ucoordinate, vcoordinate) VALUES ('U2019V2016', 3.396421484972488E16, 2019.0, 2016.0);


INSERT INTO StarRep (System_id,cluster_id,distance_clust_virt_centre,luminosity,no_planets_allowed,angle_in_radians_s,star_color,star_type,star_size)  VALUES ('U2019V2016', 'U2019V2016_0', 7.83157894736842E10, 4.0E-5, 'F', 345.0, 'orng.dwarf', 'dk', 0.52);


INSERT INTO ClusterRep (System_id,distance_sys_virt_centre,planetsAllowed,cluster_id,angle_in_radians,cluster_description,number_stars_in_cluster)  VALUES ('U2019V2016', 1.4517073170731708E11, 'T', 'U2019V2016_0', 1.2915436464758039, 'Cluster Number: 0 SINGLESTAR', 1);


INSERT INTO SystemRep (System_id, distance_to_galaxy_centre, ucoordinate, vcoordinate) VALUES ('U2019V2008', 3.389699272863007E16, 2019.0, 2008.0);


INSERT INTO StarRep (System_id,cluster_id,distance_clust_virt_centre,luminosity,no_planets_allowed,angle_in_radians_s,star_color,star_type,star_size)  VALUES ('U2019V2008', 'U2019V2008_0', 0.0, 0.2159721073653543, 'F', 359.0, 'orng.mains', 'k4', 1.126);


INSERT INTO ClusterRep (System_id,distance_sys_virt_centre,planetsAllowed,cluster_id,angle_in_radians,cluster_description,number_stars_in_cluster)  VALUES ('U2019V2008', 7.63076923076923E10, 'T', 'U2019V2008_0', 3.543018381548489, 'Cluster Number: 0 SINGLESTAR', 1);


INSERT INTO SystemRep (System_id, distance_to_galaxy_centre, ucoordinate, vcoordinate) VALUES ('U2019V2015', 3.3955804756073388E16, 2019.0, 2015.0);


INSERT INTO StarRep (System_id,cluster_id,distance_clust_virt_centre,luminosity,no_planets_allowed,angle_in_radians_s,star_color,star_type,star_size)  VALUES ('U2019V2015', 'U2019V2015_0', 4.251428571428571E10, 0.046232422093460894, 'F', 212.0, 'red_.mains', 'm3', 0.09316666666666662);


INSERT INTO ClusterRep (System_id,distance_sys_virt_centre,planetsAllowed,cluster_id,angle_in_radians,cluster_description,number_stars_in_cluster)  VALUES ('U2019V2015', 7.171084337349397E10, 'T', 'U2019V2015_0', 1.5707963267948966, 'Cluster Number: 0 SINGLESTAR', 1);


INSERT INTO SystemRep (System_id, distance_to_galaxy_centre, ucoordinate, vcoordinate) VALUES ('U2019V2007', 3.388859940455728E16, 2019.0, 2007.0);


INSERT INTO StarRep (System_id,cluster_id,distance_clust_virt_centre,luminosity,no_planets_allowed,angle_in_radians_s,star_color,star_type,star_size)  VALUES ('U2019V2007', 'U2019V2007_0', 9.3E10, 0.408, 'F', 226.0, 'yelo.mains', 'g9', 47.4);


INSERT INTO ClusterRep (System_id,distance_sys_virt_centre,planetsAllowed,cluster_id,angle_in_radians,cluster_description,number_stars_in_cluster)  VALUES ('U2019V2007', 2.834285714285714E11, 'T', 'U2019V2007_0', 3.839724354387525, 'Cluster Number: 0 SINGLESTAR', 1);


INSERT INTO SystemRep (System_id, distance_to_galaxy_centre, ucoordinate, vcoordinate) VALUES ('U2019V2014', 3.3947396753172576E16, 2019.0, 2014.0);


INSERT INTO StarRep (System_id,cluster_id,distance_clust_virt_centre,luminosity,no_planets_allowed,angle_in_radians_s,star_color,star_type,star_size)  VALUES ('U2019V2014', 'U2019V2014_0', 8.752941176470589E10, 0.124, 'F', 266.0, 'red_.subdw', 'm3', 0.6174);


INSERT INTO ClusterRep (System_id,distance_sys_virt_centre,planetsAllowed,cluster_id,angle_in_radians,cluster_description,number_stars_in_cluster)  VALUES ('U2019V2014', 6.4E10, 'T', 'U2019V2014_0', 2.9845130209103035, 'Cluster Number: 0 SINGLESTAR', 1);


INSERT INTO SystemRep (System_id, distance_to_galaxy_centre, ucoordinate, vcoordinate) VALUES ('U2019V2006', 3.3880208183698516E16, 2019.0, 2006.0);


INSERT INTO SystemRep (System_id, distance_to_galaxy_centre, ucoordinate, vcoordinate) VALUES ('U2019V2013', 3.3938990842576332E16, 2019.0, 2013.0);


INSERT INTO StarRep (System_id,cluster_id,distance_clust_virt_centre,luminosity,no_planets_allowed,angle_in_radians_s,star_color,star_type,star_size)  VALUES ('U2019V2013', 'U2019V2013_0', 4.441791044776119E10, 0.0466, 'F', 132.0, 'red_.mains', 'm3', 0.09316666666666662);


INSERT INTO ClusterRep (System_id,distance_sys_virt_centre,planetsAllowed,cluster_id,angle_in_radians,cluster_description,number_stars_in_cluster)  VALUES ('U2019V2013', 1.6533333333333334E11, 'T', 'U2019V2013_0', 3.2637657012293966, 'Cluster Number: 0 SINGLESTAR', 1);


INSERT INTO SystemRep (System_id, distance_to_galaxy_centre, ucoordinate, vcoordinate) VALUES ('U2019V2005', 3.3871819067616904E16, 2019.0, 2005.0);


INSERT INTO StarRep (System_id,cluster_id,distance_clust_virt_centre,luminosity,no_planets_allowed,angle_in_radians_s,star_color,star_type,star_size)  VALUES ('U2019V2005', 'U2019V2005_0', 3.1326315789473682E10, 0.162, 'F', 279.0, 'orng.mains', 'k6', 1.169);


INSERT INTO ClusterRep (System_id,distance_sys_virt_centre,planetsAllowed,cluster_id,angle_in_radians,cluster_description,number_stars_in_cluster)  VALUES ('U2019V2005', 1.92E11, 'T', 'U2019V2005_0', 5.235987755982989, 'Cluster Number: 0 SINGLESTAR', 1);


INSERT INTO SystemRep (System_id, distance_to_galaxy_centre, ucoordinate, vcoordinate) VALUES ('U2019V2012', 3.393058702583968E16, 2019.0, 2012.0);


INSERT INTO StarRep (System_id,cluster_id,distance_clust_virt_centre,luminosity,no_planets_allowed,angle_in_radians_s,star_color,star_type,star_size)  VALUES ('U2019V2012', 'U2019V2012_0', 4.3130434782608696E10, 3.18, 'F', 172.0, 'pyel.mains', 'f4', 38.4);


INSERT INTO ClusterRep (System_id,distance_sys_virt_centre,planetsAllowed,cluster_id,angle_in_radians,cluster_description,number_stars_in_cluster)  VALUES ('U2019V2012', 5.952E11, 'T', 'U2019V2012_0', 2.426007660272118, 'Cluster Number: 0 SINGLESTAR', 1);


INSERT INTO SystemRep (System_id, distance_to_galaxy_centre, ucoordinate, vcoordinate) VALUES ('U2019V2004', 3.3863432057876708E16, 2019.0, 2004.0);


INSERT INTO StarRep (System_id,cluster_id,distance_clust_virt_centre,luminosity,no_planets_allowed,angle_in_radians_s,star_color,star_type,star_size)  VALUES ('U2019V2004', 'U2019V2004_0', 1.0262068965517241E11, 2.3070046572336103, 'F', 146.0, 'pyel.mains', 'f6', 39.6);


INSERT INTO ClusterRep (System_id,distance_sys_virt_centre,planetsAllowed,cluster_id,angle_in_radians,cluster_description,number_stars_in_cluster)  VALUES ('U2019V2004', 8.153424657534247E10, 'T', 'U2019V2004_0', 5.532693728822025, 'Cluster Number: 0 SINGLESTAR', 1);


INSERT INTO SystemRep (System_id, distance_to_galaxy_centre, ucoordinate, vcoordinate) VALUES ('U2019V2011', 3.3922185304518812E16, 2019.0, 2011.0);


INSERT INTO StarRep (System_id,cluster_id,distance_clust_virt_centre,luminosity,no_planets_allowed,angle_in_radians_s,star_color,star_type,star_size)  VALUES ('U2019V2011', 'U2019V2011_0', 1.488E12, 14490.893174515579, 'F', 39.0, 'whit.sg.i ', 'a1', 9.166666666666666);


INSERT INTO ClusterRep (System_id,distance_sys_virt_centre,planetsAllowed,cluster_id,angle_in_radians,cluster_description,number_stars_in_cluster)  VALUES ('U2019V2011', 1.1446153846153847E11, 'T', 'U2019V2011_0', 2.705260340591211, 'Cluster Number: 0 SINGLESTAR', 1);


INSERT INTO SystemRep (System_id, distance_to_galaxy_centre, ucoordinate, vcoordinate) VALUES ('U2019V2003', 3.3855047156043364E16, 2019.0, 2003.0);


INSERT INTO SystemRep (System_id, distance_to_galaxy_centre, ucoordinate, vcoordinate) VALUES ('U2019V2010', 3.3913785680171064E16, 2019.0, 2010.0);


INSERT INTO SystemRep (System_id, distance_to_galaxy_centre, ucoordinate, vcoordinate) VALUES ('U2019V2002', 3.384666436368346E16, 2019.0, 2002.0);


INSERT INTO StarRep (System_id,cluster_id,distance_clust_virt_centre,luminosity,no_planets_allowed,angle_in_radians_s,star_color,star_type,star_size)  VALUES ('U2019V2002', 'U2019V2002_0', 9.6E10, 9.977792181177733, 'F', 186.0, 'blue.subdw', 'o8', 0.15766666666666662);


INSERT INTO ClusterRep (System_id,distance_sys_virt_centre,planetsAllowed,cluster_id,angle_in_radians,cluster_description,number_stars_in_cluster)  VALUES ('U2019V2002', 1.2663829787234042E11, 'T', 'U2019V2002_0', 4.677482395344803, 'Cluster Number: 0 SINGLESTAR', 1);


INSERT INTO SystemRep (System_id, distance_to_galaxy_centre, ucoordinate, vcoordinate) VALUES ('U2019V2001', 3.383828368236474E16, 2019.0, 2001.0);


INSERT INTO SystemRep (System_id, distance_to_galaxy_centre, ucoordinate, vcoordinate) VALUES ('U2019V2000', 3.382990511365611E16, 2019.0, 2000.0);


INSERT INTO StarRep (System_id,cluster_id,distance_clust_virt_centre,luminosity,no_planets_allowed,angle_in_radians_s,star_color,star_type,star_size)  VALUES ('U2019V2000', 'U2019V2000_0', 4.723809523809524E10, 0.0466, 'F', 53.0, 'red_.mains', 'm3', 0.09316666666666662);


INSERT INTO ClusterRep (System_id,distance_sys_virt_centre,planetsAllowed,cluster_id,angle_in_radians,cluster_description,number_stars_in_cluster)  VALUES ('U2019V2000', 6.687640449438202E10, 'T', 'U2019V2000_0', 4.956735075663896, 'Cluster Number: 0 SINGLESTAR', 1);


INSERT INTO SystemRep (System_id, distance_to_galaxy_centre, ucoordinate, vcoordinate) VALUES ('U2015V2009', 3.3871651724297356E16, 2015.0, 2009.0);


INSERT INTO StarRep (System_id,cluster_id,distance_clust_virt_centre,luminosity,no_planets_allowed,angle_in_radians_s,star_color,star_type,star_size)  VALUES ('U2015V2009', 'U2015V2009_0', 1.488E12, 3.748349227773504E-5, 'F', 178.0, 'orng.dwarf', 'dk', 0.5633333333333334);


INSERT INTO ClusterRep (System_id,distance_sys_virt_centre,planetsAllowed,cluster_id,angle_in_radians,cluster_description,number_stars_in_cluster)  VALUES ('U2015V2009', 9.6E10, 'T', 'U2015V2009_0', 1.5184364492350666, 'Cluster Number: 0 SINGLESTAR', 1);


INSERT INTO SystemRep (System_id, distance_to_galaxy_centre, ucoordinate, vcoordinate) VALUES ('U2015V2008', 3.386324793458867E16, 2015.0, 2008.0);


INSERT INTO SystemRep (System_id, distance_to_galaxy_centre, ucoordinate, vcoordinate) VALUES ('U2015V2007', 3.3854846244477084E16, 2015.0, 2007.0);


INSERT INTO SystemRep (System_id, distance_to_galaxy_centre, ucoordinate, vcoordinate) VALUES ('U2015V2006', 3.3846446655526132E16, 2015.0, 2006.0);


INSERT INTO SystemRep (System_id, distance_to_galaxy_centre, ucoordinate, vcoordinate) VALUES ('U2015V2005', 3.3838049169300524E16, 2015.0, 2005.0);


INSERT INTO SystemRep (System_id, distance_to_galaxy_centre, ucoordinate, vcoordinate) VALUES ('U2015V2004', 3.3829653787366136E16, 2015.0, 2004.0);


INSERT INTO StarRep (System_id,cluster_id,distance_clust_virt_centre,luminosity,no_planets_allowed,angle_in_radians_s,star_color,star_type,star_size)  VALUES ('U2015V2004', 'U2015V2004_0', 8.752941176470589E10, 0.02705562211011237, 'F', 45.0, 'red_.mains', 'm5', 0.10750000000000004);


INSERT INTO ClusterRep (System_id,distance_sys_virt_centre,planetsAllowed,cluster_id,angle_in_radians,cluster_description,number_stars_in_cluster)  VALUES ('U2015V2004', 1.488E12, 'T', 'U2015V2004_0', 1.7976891295541593, 'Cluster Number: 0 SINGLESTAR', 1);


INSERT INTO SystemRep (System_id, distance_to_galaxy_centre, ucoordinate, vcoordinate) VALUES ('U2015V2003', 3.3821260511289996E16, 2015.0, 2003.0);


INSERT INTO StarRep (System_id,cluster_id,distance_clust_virt_centre,luminosity,no_planets_allowed,angle_in_radians_s,star_color,star_type,star_size)  VALUES ('U2015V2003', 'U2015V2003_0', 3.068041237113402E10, 0.00124, 'F', 99.0, 'whit.dwarf', 'da', 0.07346666666666668);


INSERT INTO ClusterRep (System_id,distance_sys_virt_centre,planetsAllowed,cluster_id,angle_in_radians,cluster_description,number_stars_in_cluster)  VALUES ('U2015V2003', 3.968E11, 'T', 'U2015V2003_0', 3.211405823669566, 'Cluster Number: 0 SINGLESTAR', 1);


INSERT INTO SystemRep (System_id, distance_to_galaxy_centre, ucoordinate, vcoordinate) VALUES ('U2015V2002', 3.3812869342640296E16, 2015.0, 2002.0);


INSERT INTO StarRep (System_id,cluster_id,distance_clust_virt_centre,luminosity,no_planets_allowed,angle_in_radians_s,star_color,star_type,star_size)  VALUES ('U2015V2002', 'U2015V2002_0', 9.6E10, 0.04646266027503655, 'F', 325.0, 'red_.mains', 'm3', 0.09316666666666662);


INSERT INTO ClusterRep (System_id,distance_sys_virt_centre,planetsAllowed,cluster_id,angle_in_radians,cluster_description,number_stars_in_cluster)  VALUES ('U2015V2002', 1.0442105263157895E11, 'T', 'U2015V2002_0', 3.5081117965086026, 'Cluster Number: 0 SINGLESTAR', 1);


INSERT INTO SystemRep (System_id, distance_to_galaxy_centre, ucoordinate, vcoordinate) VALUES ('U2015V2001', 3.3804480282986396E16, 2015.0, 2001.0);


INSERT INTO SystemRep (System_id, distance_to_galaxy_centre, ucoordinate, vcoordinate) VALUES ('U2015V2000', 3.3796093333898816E16, 2015.0, 2000.0);


INSERT INTO SystemRep (System_id, distance_to_galaxy_centre, ucoordinate, vcoordinate) VALUES ('U2011V2009', 3.3837948663204036E16, 2011.0, 2009.0);


INSERT INTO SystemRep (System_id, distance_to_galaxy_centre, ucoordinate, vcoordinate) VALUES ('U2011V2008', 3.382953650112517E16, 2011.0, 2008.0);


INSERT INTO StarRep (System_id,cluster_id,distance_clust_virt_centre,luminosity,no_planets_allowed,angle_in_radians_s,star_color,star_type,star_size)  VALUES ('U2011V2008', 'U2011V2008_0', 1.24E11, 141000.0, 'F', 157.0, 'blue.mains', 'o8', 5.166666666666667);


INSERT INTO ClusterRep (System_id,distance_sys_virt_centre,planetsAllowed,cluster_id,angle_in_radians,cluster_description,number_stars_in_cluster)  VALUES ('U2011V2008', 1.7005714285714285E11, 'T', 'U2011V2008_0', 5.096361415823442, 'Cluster Number: 0 SINGLESTAR', 1);


INSERT INTO SystemRep (System_id, distance_to_galaxy_centre, ucoordinate, vcoordinate) VALUES ('U2011V2007', 3.3821126436573932E16, 2011.0, 2007.0);


INSERT INTO StarRep (System_id,cluster_id,distance_clust_virt_centre,luminosity,no_planets_allowed,angle_in_radians_s,star_color,star_type,star_size)  VALUES ('U2011V2007', 'U2011V2007_0', 1.488E11, 30.354282019881772, 'F', 77.0, 'whit.subgi', 'a7', 44.66666666666667);


INSERT INTO ClusterRep (System_id,distance_sys_virt_centre,planetsAllowed,cluster_id,angle_in_radians,cluster_description,number_stars_in_cluster)  VALUES ('U2011V2007', 6.841379310344827E10, 'T', 'U2011V2007_0', 0.5061454830783556, 'Cluster Number: 0 SINGLESTAR', 1);


INSERT INTO SystemRep (System_id, distance_to_galaxy_centre, ucoordinate, vcoordinate) VALUES ('U2011V2006', 3.3812718471115452E16, 2011.0, 2006.0);


INSERT INTO StarRep (System_id,cluster_id,distance_clust_virt_centre,luminosity,no_planets_allowed,angle_in_radians_s,star_color,star_type,star_size)  VALUES ('U2011V2006', 'U2011V2006_0', 1.3527272727272728E11, 0.0734, 'F', 117.0, 'red_.mains', 'm1', 0.07883333333333331);


INSERT INTO ClusterRep (System_id,distance_sys_virt_centre,planetsAllowed,cluster_id,angle_in_radians,cluster_description,number_stars_in_cluster)  VALUES ('U2011V2006', 9.757377049180328E10, 'T', 'U2011V2006_0', 5.934119456780721, 'Cluster Number: 0 SINGLESTAR', 1);


INSERT INTO SystemRep (System_id, distance_to_galaxy_centre, ucoordinate, vcoordinate) VALUES ('U2011V2005', 3.3804312606316016E16, 2011.0, 2005.0);


INSERT INTO StarRep (System_id,cluster_id,distance_clust_virt_centre,luminosity,no_planets_allowed,angle_in_radians_s,star_color,star_type,star_size)  VALUES ('U2011V2005', 'U2011V2005_0', 5.410909090909091E10, 0.21536442520962304, 'F', 344.0, 'orng.mains', 'k4', 1.126);


INSERT INTO ClusterRep (System_id,distance_sys_virt_centre,planetsAllowed,cluster_id,angle_in_radians,cluster_description,number_stars_in_cluster)  VALUES ('U2011V2005', 1.488E12, 'T', 'U2011V2005_0', 6.230825429619756, 'Cluster Number: 0 SINGLESTAR', 1);


INSERT INTO SystemRep (System_id, distance_to_galaxy_centre, ucoordinate, vcoordinate) VALUES ('U2011V2004', 3.3795908843743084E16, 2011.0, 2004.0);


INSERT INTO StarRep (System_id,cluster_id,distance_clust_virt_centre,luminosity,no_planets_allowed,angle_in_radians_s,star_color,star_type,star_size)  VALUES ('U2011V2004', 'U2011V2004_0', 1.566315789473684E11, 0.07306234533568032, 'F', 37.0, 'red_.mains', 'm1', 0.07883333333333331);


INSERT INTO ClusterRep (System_id,distance_sys_virt_centre,planetsAllowed,cluster_id,angle_in_radians,cluster_description,number_stars_in_cluster)  VALUES ('U2011V2004', 4.251428571428571E11, 'T', 'U2011V2004_0', 1.361356816555577, 'Cluster Number: 0 SINGLESTAR', 1);


INSERT INTO SystemRep (System_id, distance_to_galaxy_centre, ucoordinate, vcoordinate) VALUES ('U2011V2003', 3.3787507184965276E16, 2011.0, 2003.0);


INSERT INTO StarRep (System_id,cluster_id,distance_clust_virt_centre,luminosity,no_planets_allowed,angle_in_radians_s,star_color,star_type,star_size)  VALUES ('U2011V2003', 'U2011V2003_0', 5.835294117647059E10, 2.32, 'F', 264.0, 'pyel.mains', 'f6', 39.6);


INSERT INTO ClusterRep (System_id,distance_sys_virt_centre,planetsAllowed,cluster_id,angle_in_radians,cluster_description,number_stars_in_cluster)  VALUES ('U2011V2003', 1.0628571428571428E11, 'T', 'U2011V2003_0', 1.6406094968746698, 'Cluster Number: 0 SINGLESTAR', 1);


INSERT INTO SystemRep (System_id, distance_to_galaxy_centre, ucoordinate, vcoordinate) VALUES ('U2011V2002', 3.3779107631552376E16, 2011.0, 2002.0);


INSERT INTO StarRep (System_id,cluster_id,distance_clust_virt_centre,luminosity,no_planets_allowed,angle_in_radians_s,star_color,star_type,star_size)  VALUES ('U2011V2002', 'U2011V2002_0', 5.615094339622642E10, 2.8E-5, 'F', 304.0, 'red_.dwarf', 'dm', 0.6413333333333334);


INSERT INTO ClusterRep (System_id,distance_sys_virt_centre,planetsAllowed,cluster_id,angle_in_radians,cluster_description,number_stars_in_cluster)  VALUES ('U2011V2002', 1.984E11, 'T', 'U2011V2002_0', 0.7853981633974483, 'Cluster Number: 0 SINGLESTAR', 1);


INSERT INTO SystemRep (System_id, distance_to_galaxy_centre, ucoordinate, vcoordinate) VALUES ('U2011V2001', 3.377071018507535E16, 2011.0, 2001.0);


INSERT INTO SystemRep (System_id, distance_to_galaxy_centre, ucoordinate, vcoordinate) VALUES ('U2011V2000', 3.3762314847106324E16, 2011.0, 2000.0);


INSERT INTO StarRep (System_id,cluster_id,distance_clust_virt_centre,luminosity,no_planets_allowed,angle_in_radians_s,star_color,star_type,star_size)  VALUES ('U2011V2000', 'U2011V2000_0', 3.674074074074074E10, 0.0466, 'F', 91.0, 'red_.mains', 'm3', 0.09316666666666662);


INSERT INTO ClusterRep (System_id,distance_sys_virt_centre,planetsAllowed,cluster_id,angle_in_radians,cluster_description,number_stars_in_cluster)  VALUES ('U2011V2000', 2.3808E11, 'T', 'U2011V2000_0', 2.775073510670984, 'Cluster Number: 0 SINGLESTAR', 1);


