INSERT INTO SystemRep (System_id, distance_to_galaxy_centre, ucoordinate, vcoordinate) VALUES ('U2033V2039', 3.427568643837436E16, 2033.0, 2039.0);


INSERT INTO StarRep (System_id,cluster_id,distance_clust_virt_centre,luminosity,no_planets_allowed,angle_in_radians_s,star_color,star_type,star_size)  VALUES ('U2033V2039', 'U2033V2039_0', 3.234782608695652E10, 3.55E-5, 'F', 173.0, 'orng.dwarf', 'dk', 0.598);


INSERT INTO StarRep (System_id,cluster_id,distance_clust_virt_centre,luminosity,no_planets_allowed,angle_in_radians_s,star_color,star_type,star_size)  VALUES ('U2033V2039', 'U2033V2039_0', 1.566315789473684E11, 0.0096, 'F', 183.0, 'red_.mains', 'm9', 0.13616666666666666);


INSERT INTO ClusterRep (System_id,distance_sys_virt_centre,planetsAllowed,cluster_id,angle_in_radians,cluster_description,number_stars_in_cluster)  VALUES ('U2033V2039', 2.0524137931034482E11, 'F', 'U2033V2039_1', 0.767944870877505, 'Cluster Number: 1 DOUBLESTAR_BINARY', 0);


INSERT INTO SystemRep (System_id, distance_to_galaxy_centre, ucoordinate, vcoordinate) VALUES ('U2033V2038', 3.4267257676331908E16, 2033.0, 2038.0);


INSERT INTO SystemRep (System_id, distance_to_galaxy_centre, ucoordinate, vcoordinate) VALUES ('U2033V2037', 3.425883097685804E16, 2033.0, 2037.0);


INSERT INTO SystemRep (System_id, distance_to_galaxy_centre, ucoordinate, vcoordinate) VALUES ('U2033V2036', 3.4250406341475132E16, 2033.0, 2036.0);


INSERT INTO StarRep (System_id,cluster_id,distance_clust_virt_centre,luminosity,no_planets_allowed,angle_in_radians_s,star_color,star_type,star_size)  VALUES ('U2033V2036', 'U2033V2036_0', 3.1659574468085106E10, 0.282, 'F', 213.0, 'orng.mains', 'k2', 1.0830000000000002);


INSERT INTO StarRep (System_id,cluster_id,distance_clust_virt_centre,luminosity,no_planets_allowed,angle_in_radians_s,star_color,star_type,star_size)  VALUES ('U2033V2036', 'U2033V2036_0', 5.410909090909091E10, 0.123, 'F', 178.0, 'orng.mains', 'k8', 1.2120000000000002);


INSERT INTO ClusterRep (System_id,distance_sys_virt_centre,planetsAllowed,cluster_id,angle_in_radians,cluster_description,number_stars_in_cluster)  VALUES ('U2033V2036', 8.153424657534247E10, 'F', 'U2033V2036_1', 5.201081170943102, 'Cluster Number: 1 DOUBLESTAR_BINARY', 0);


INSERT INTO SystemRep (System_id, distance_to_galaxy_centre, ucoordinate, vcoordinate) VALUES ('U2033V2035', 3.424198377170669E16, 2033.0, 2035.0);


INSERT INTO SystemRep (System_id, distance_to_galaxy_centre, ucoordinate, vcoordinate) VALUES ('U2033V2034', 3.4233563269077324E16, 2033.0, 2034.0);


INSERT INTO StarRep (System_id,cluster_id,distance_clust_virt_centre,luminosity,no_planets_allowed,angle_in_radians_s,star_color,star_type,star_size)  VALUES ('U2033V2034', 'U2033V2034_0', 1.1022222222222223E11, 2.312563643607915, 'F', 79.0, 'pyel.mains', 'f6', 39.6);


INSERT INTO StarRep (System_id,cluster_id,distance_clust_virt_centre,luminosity,no_planets_allowed,angle_in_radians_s,star_color,star_type,star_size)  VALUES ('U2033V2034', 'U2033V2034_0', 6.920930232558139E10, 2.8E-5, 'F', 180.0, 'red_.dwarf', 'dm', 0.6413333333333334);


INSERT INTO ClusterRep (System_id,distance_sys_virt_centre,planetsAllowed,cluster_id,angle_in_radians,cluster_description,number_stars_in_cluster)  VALUES ('U2033V2034', 2.2892307692307693E11, 'F', 'U2033V2034_1', 1.6406094968746698, 'Cluster Number: 1 DOUBLESTAR_BINARY', 0);


INSERT INTO SystemRep (System_id, distance_to_galaxy_centre, ucoordinate, vcoordinate) VALUES ('U2033V2033', 3.4225144835112796E16, 2033.0, 2033.0);


INSERT INTO SystemRep (System_id, distance_to_galaxy_centre, ucoordinate, vcoordinate) VALUES ('U2033V2032', 3.421672847133998E16, 2033.0, 2032.0);


INSERT INTO StarRep (System_id,cluster_id,distance_clust_virt_centre,luminosity,no_planets_allowed,angle_in_radians_s,star_color,star_type,star_size)  VALUES ('U2033V2032', 'U2033V2032_0', 3.3066666666666668E10, 0.3319839575915851, 'F', 133.0, 'orng.mains', 'k1', 1.0615);


INSERT INTO StarRep (System_id,cluster_id,distance_clust_virt_centre,luminosity,no_planets_allowed,angle_in_radians_s,star_color,star_type,star_size)  VALUES ('U2033V2032', 'U2033V2032_0', 3.629268292682927E10, 43.09441091028406, 'F', 187.0, 'pyel.gi.i ', 'f5', 7.1);


INSERT INTO ClusterRep (System_id,distance_sys_virt_centre,planetsAllowed,cluster_id,angle_in_radians,cluster_description,number_stars_in_cluster)  VALUES ('U2033V2032', 7.171084337349397E10, 'F', 'U2033V2032_1', 2.600540585471551, 'Cluster Number: 1 DOUBLESTAR_BINARY', 0);


INSERT INTO SystemRep (System_id, distance_to_galaxy_centre, ucoordinate, vcoordinate) VALUES ('U2033V2031', 3.4208314179286884E16, 2033.0, 2031.0);


INSERT INTO StarRep (System_id,cluster_id,distance_clust_virt_centre,luminosity,no_planets_allowed,angle_in_radians_s,star_color,star_type,star_size)  VALUES ('U2033V2031', 'U2033V2031_0', 1.2939130434782608E11, 2.32, 'F', 0.0, 'pyel.mains', 'f6', 39.6);


INSERT INTO StarRep (System_id,cluster_id,distance_clust_virt_centre,luminosity,no_planets_allowed,angle_in_radians_s,star_color,star_type,star_size)  VALUES ('U2033V2031', 'U2033V2031_0', 4.251428571428571E10, 0.16157895474842274, 'F', 189.0, 'orng.mains', 'k6', 1.169);


INSERT INTO ClusterRep (System_id,distance_sys_virt_centre,planetsAllowed,cluster_id,angle_in_radians,cluster_description,number_stars_in_cluster)  VALUES ('U2033V2031', 1.6533333333333334E11, 'F', 'U2033V2031_1', 5.305800926062761, 'Cluster Number: 1 DOUBLESTAR_BINARY', 0);


INSERT INTO SystemRep (System_id, distance_to_galaxy_centre, ucoordinate, vcoordinate) VALUES ('U2033V2030', 3.4199901960482636E16, 2033.0, 2030.0);


INSERT INTO SystemRep (System_id, distance_to_galaxy_centre, ucoordinate, vcoordinate) VALUES ('U2027V2039', 3.42252938885848E16, 2027.0, 2039.0);


INSERT INTO StarRep (System_id,cluster_id,distance_clust_virt_centre,luminosity,no_planets_allowed,angle_in_radians_s,star_color,star_type,star_size)  VALUES ('U2027V2039', 'U2027V2039_0', 7.085714285714285E10, 0.216, 'F', 258.0, 'orng.mains', 'k4', 1.126);


INSERT INTO ClusterRep (System_id,distance_sys_virt_centre,planetsAllowed,cluster_id,angle_in_radians,cluster_description,number_stars_in_cluster)  VALUES ('U2027V2039', 7.83157894736842E10, 'T', 'U2027V2039_0', 5.550147021341968, 'Cluster Number: 0 SINGLESTAR', 1);


INSERT INTO SystemRep (System_id, distance_to_galaxy_centre, ucoordinate, vcoordinate) VALUES ('U2027V2038', 3.4216852713164136E16, 2027.0, 2038.0);


INSERT INTO StarRep (System_id,cluster_id,distance_clust_virt_centre,luminosity,no_planets_allowed,angle_in_radians_s,star_color,star_type,star_size)  VALUES ('U2027V2038', 'U2027V2038_0', 4.021621621621622E10, 1.199968734084389, 'F', 125.0, 'yelo.mains', 'g0', 42.0);


INSERT INTO ClusterRep (System_id,distance_sys_virt_centre,planetsAllowed,cluster_id,angle_in_radians,cluster_description,number_stars_in_cluster)  VALUES ('U2027V2038', 3.306666666666667E11, 'T', 'U2027V2038_0', 5.829399701661061, 'Cluster Number: 0 SINGLESTAR', 1);


INSERT INTO SystemRep (System_id, distance_to_galaxy_centre, ucoordinate, vcoordinate) VALUES ('U2027V2037', 3.4208413597230256E16, 2027.0, 2037.0);


INSERT INTO SystemRep (System_id, distance_to_galaxy_centre, ucoordinate, vcoordinate) VALUES ('U2027V2036', 3.4199976542307744E16, 2027.0, 2036.0);


INSERT INTO StarRep (System_id,cluster_id,distance_clust_virt_centre,luminosity,no_planets_allowed,angle_in_radians_s,star_color,star_type,star_size)  VALUES ('U2027V2036', 'U2027V2036_0', 3.91578947368421E10, 0.0134, 'F', 165.0, 'red_.mains', 'm7', 0.12183333333333335);


INSERT INTO ClusterRep (System_id,distance_sys_virt_centre,planetsAllowed,cluster_id,angle_in_radians,cluster_description,number_stars_in_cluster)  VALUES ('U2027V2036', 6.540659340659341E10, 'T', 'U2027V2036_0', 4.97418836818384, 'Cluster Number: 0 SINGLESTAR', 1);


INSERT INTO SystemRep (System_id, distance_to_galaxy_centre, ucoordinate, vcoordinate) VALUES ('U2027V2035', 3.4191541549922316E16, 2027.0, 2035.0);


INSERT INTO StarRep (System_id,cluster_id,distance_clust_virt_centre,luminosity,no_planets_allowed,angle_in_radians_s,star_color,star_type,star_size)  VALUES ('U2027V2035', 'U2027V2035_0', 3.306666666666667E11, 0.07300328477741619, 'F', 32.0, 'red_.mains', 'm1', 0.07883333333333331);


INSERT INTO ClusterRep (System_id,distance_sys_virt_centre,planetsAllowed,cluster_id,angle_in_radians,cluster_description,number_stars_in_cluster)  VALUES ('U2027V2035', 1.7505882352941177E11, 'T', 'U2027V2035_0', 5.253441048502932, 'Cluster Number: 0 SINGLESTAR', 1);


INSERT INTO SystemRep (System_id, distance_to_galaxy_centre, ucoordinate, vcoordinate) VALUES ('U2027V2034', 3.4183108621600816E16, 2027.0, 2034.0);


INSERT INTO StarRep (System_id,cluster_id,distance_clust_virt_centre,luminosity,no_planets_allowed,angle_in_radians_s,star_color,star_type,star_size)  VALUES ('U2027V2034', 'U2027V2034_0', 4.1333333333333336E10, 0.013324167496340496, 'F', 85.0, 'red_.mains', 'm7', 0.12183333333333335);


INSERT INTO ClusterRep (System_id,distance_sys_virt_centre,planetsAllowed,cluster_id,angle_in_radians,cluster_description,number_stars_in_cluster)  VALUES ('U2027V2034', 1.3226666666666667E11, 'T', 'U2027V2034_0', 0.3839724354387525, 'Cluster Number: 0 SINGLESTAR', 1);


INSERT INTO SystemRep (System_id, distance_to_galaxy_centre, ucoordinate, vcoordinate) VALUES ('U2027V2033', 3.417467775887123E16, 2027.0, 2033.0);


INSERT INTO StarRep (System_id,cluster_id,distance_clust_virt_centre,luminosity,no_planets_allowed,angle_in_radians_s,star_color,star_type,star_size)  VALUES ('U2027V2033', 'U2027V2033_0', 4.96E11, 0.0912, 'F', 312.0, 'red_.mains', 'm0', 1.255);


INSERT INTO ClusterRep (System_id,distance_sys_virt_centre,planetsAllowed,cluster_id,angle_in_radians,cluster_description,number_stars_in_cluster)  VALUES ('U2027V2033', 6.920930232558139E10, 'T', 'U2027V2033_0', 0.6806784082777885, 'Cluster Number: 0 SINGLESTAR', 1);


INSERT INTO SystemRep (System_id, distance_to_galaxy_centre, ucoordinate, vcoordinate) VALUES ('U2027V2032', 3.4166248963262676E16, 2027.0, 2032.0);


INSERT INTO StarRep (System_id,cluster_id,distance_clust_virt_centre,luminosity,no_planets_allowed,angle_in_radians_s,star_color,star_type,star_size)  VALUES ('U2027V2032', 'U2027V2032_0', 3.72E11, 705.0, 'F', 352.0, 'ltbl.subgi', 'b8', 38.666666666666664);


INSERT INTO ClusterRep (System_id,distance_sys_virt_centre,planetsAllowed,cluster_id,angle_in_radians,cluster_description,number_stars_in_cluster)  VALUES ('U2027V2032', 9.92E10, 'T', 'U2027V2032_0', 6.108652381980153, 'Cluster Number: 0 SINGLESTAR', 1);


INSERT INTO SystemRep (System_id, distance_to_galaxy_centre, ucoordinate, vcoordinate) VALUES ('U2027V2031', 3.415782223630541E16, 2027.0, 2031.0);


INSERT INTO StarRep (System_id,cluster_id,distance_clust_virt_centre,luminosity,no_planets_allowed,angle_in_radians_s,star_color,star_type,star_size)  VALUES ('U2027V2031', 'U2027V2031_0', 7.44E10, 2.798895767184645E-5, 'F', 219.0, 'red_.dwarf', 'dm', 0.6413333333333334);


INSERT INTO ClusterRep (System_id,distance_sys_virt_centre,planetsAllowed,cluster_id,angle_in_radians,cluster_description,number_stars_in_cluster)  VALUES ('U2027V2031', 1.984E12, 'T', 'U2027V2031_0', 0.10471975511965977, 'Cluster Number: 0 SINGLESTAR', 1);


INSERT INTO SystemRep (System_id, distance_to_galaxy_centre, ucoordinate, vcoordinate) VALUES ('U2027V2030', 3.41493975795308E16, 2027.0, 2030.0);


INSERT INTO SystemRep (System_id, distance_to_galaxy_centre, ucoordinate, vcoordinate) VALUES ('U2021V2039', 3.4174976305387424E16, 2021.0, 2039.0);


INSERT INTO SystemRep (System_id, distance_to_galaxy_centre, ucoordinate, vcoordinate) VALUES ('U2021V2038', 3.416652269851528E16, 2021.0, 2038.0);


INSERT INTO SystemRep (System_id, distance_to_galaxy_centre, ucoordinate, vcoordinate) VALUES ('U2021V2037', 3.415807114801654E16, 2021.0, 2037.0);


INSERT INTO StarRep (System_id,cluster_id,distance_clust_virt_centre,luminosity,no_planets_allowed,angle_in_radians_s,star_color,star_type,star_size)  VALUES ('U2021V2037', 'U2021V2037_0', 3.629268292682927E10, 0.2152139729388532, 'F', 311.0, 'orng.mains', 'k4', 1.126);


INSERT INTO StarRep (System_id,cluster_id,distance_clust_virt_centre,luminosity,no_planets_allowed,angle_in_radians_s,star_color,star_type,star_size)  VALUES ('U2021V2037', 'U2021V2037_0', 3.1E10, 0.216, 'F', 288.0, 'orng.mains', 'k4', 1.126);


INSERT INTO ClusterRep (System_id,distance_sys_virt_centre,planetsAllowed,cluster_id,angle_in_radians,cluster_description,number_stars_in_cluster)  VALUES ('U2021V2037', 1.1904E11, 'F', 'U2021V2037_1', 0.29670597283903605, 'Cluster Number: 1 DOUBLESTAR_BINARY', 0);


INSERT INTO SystemRep (System_id, distance_to_galaxy_centre, ucoordinate, vcoordinate) VALUES ('U2021V2036', 3.4149621655417972E16, 2021.0, 2036.0);


INSERT INTO SystemRep (System_id, distance_to_galaxy_centre, ucoordinate, vcoordinate) VALUES ('U2021V2035', 3.414117422224748E16, 2021.0, 2035.0);


INSERT INTO SystemRep (System_id, distance_to_galaxy_centre, ucoordinate, vcoordinate) VALUES ('U2021V2034', 3.413272885003413E16, 2021.0, 2034.0);


INSERT INTO StarRep (System_id,cluster_id,distance_clust_virt_centre,luminosity,no_planets_allowed,angle_in_radians_s,star_color,star_type,star_size)  VALUES ('U2021V2034', 'U2021V2034_0', 0.0, 1.55, 'F', 309.0, 'pyel.mains', 'f8', 40.8);


INSERT INTO StarRep (System_id,cluster_id,distance_clust_virt_centre,luminosity,no_planets_allowed,angle_in_radians_s,star_color,star_type,star_size)  VALUES ('U2021V2034', 'U2021V2034_0', 1.1022222222222223E11, 1.1986851993527932, 'F', 247.0, 'yelo.mains', 'g0', 42.0);


INSERT INTO ClusterRep (System_id,distance_sys_virt_centre,planetsAllowed,cluster_id,angle_in_radians,cluster_description,number_stars_in_cluster)  VALUES ('U2021V2034', 1.0821818181818182E11, 'F', 'U2021V2034_1', 2.6179938779914944, 'Cluster Number: 1 DOUBLESTAR_BINARY', 0);


INSERT INTO SystemRep (System_id, distance_to_galaxy_centre, ucoordinate, vcoordinate) VALUES ('U2021V2033', 3.4124285540308092E16, 2021.0, 2033.0);


INSERT INTO SystemRep (System_id, distance_to_galaxy_centre, ucoordinate, vcoordinate) VALUES ('U2021V2032', 3.411584429460071E16, 2021.0, 2032.0);


INSERT INTO StarRep (System_id,cluster_id,distance_clust_virt_centre,luminosity,no_planets_allowed,angle_in_radians_s,star_color,star_type,star_size)  VALUES ('U2021V2032', 'U2021V2032_0', 9.3E10, 6187.207531829024, 'F', 176.0, 'red_.gi.ii', 'm1', 34.166666666666664);


INSERT INTO StarRep (System_id,cluster_id,distance_clust_virt_centre,luminosity,no_planets_allowed,angle_in_radians_s,star_color,star_type,star_size)  VALUES ('U2021V2032', 'U2021V2032_0', 1.984E11, 0.04645476393030891, 'F', 249.0, 'red_.mains', 'm3', 0.09316666666666662);


INSERT INTO ClusterRep (System_id,distance_sys_virt_centre,planetsAllowed,cluster_id,angle_in_radians,cluster_description,number_stars_in_cluster)  VALUES ('U2021V2032', 8.502857142857142E11, 'F', 'U2021V2032_1', 5.323254218582705, 'Cluster Number: 1 DOUBLESTAR_BINARY', 0);


INSERT INTO SystemRep (System_id, distance_to_galaxy_centre, ucoordinate, vcoordinate) VALUES ('U2021V2031', 3.4107405114444456E16, 2021.0, 2031.0);


INSERT INTO StarRep (System_id,cluster_id,distance_clust_virt_centre,luminosity,no_planets_allowed,angle_in_radians_s,star_color,star_type,star_size)  VALUES ('U2021V2031', 'U2021V2031_0', 8.752941176470589E10, 0.123, 'F', 216.0, 'orng.mains', 'k8', 1.2120000000000002);


INSERT INTO StarRep (System_id,cluster_id,distance_clust_virt_centre,luminosity,no_planets_allowed,angle_in_radians_s,star_color,star_type,star_size)  VALUES ('U2021V2031', 'U2021V2031_0', 5.835294117647059E10, 0.2815012688387215, 'F', 244.0, 'orng.mains', 'k2', 1.0830000000000002);


INSERT INTO ClusterRep (System_id,distance_sys_virt_centre,planetsAllowed,cluster_id,angle_in_radians,cluster_description,number_stars_in_cluster)  VALUES ('U2021V2031', 1.1446153846153847E11, 'F', 'U2021V2031_1', 3.473205211468716, 'Cluster Number: 1 DOUBLESTAR_BINARY', 0);


INSERT INTO SystemRep (System_id, distance_to_galaxy_centre, ucoordinate, vcoordinate) VALUES ('U2021V2030', 3.4098968001372944E16, 2021.0, 2030.0);


INSERT INTO SystemRep (System_id, distance_to_galaxy_centre, ucoordinate, vcoordinate) VALUES ('U2034V2039', 3.4284092461887216E16, 2034.0, 2039.0);


INSERT INTO StarRep (System_id,cluster_id,distance_clust_virt_centre,luminosity,no_planets_allowed,angle_in_radians_s,star_color,star_type,star_size)  VALUES ('U2034V2039', 'U2034V2039_0', 9.92E11, 0.0134, 'F', 142.0, 'red_.mains', 'm7', 0.12183333333333335);


INSERT INTO StarRep (System_id,cluster_id,distance_clust_virt_centre,luminosity,no_planets_allowed,angle_in_radians_s,star_color,star_type,star_size)  VALUES ('U2034V2039', 'U2034V2039_0', 4.021621621621622E10, 2.32, 'F', 78.0, 'pyel.mains', 'f6', 39.6);


INSERT INTO ClusterRep (System_id,distance_sys_virt_centre,planetsAllowed,cluster_id,angle_in_radians,cluster_description,number_stars_in_cluster)  VALUES ('U2034V2039', 4.96E11, 'F', 'U2034V2039_1', 6.073745796940266, 'Cluster Number: 1 DOUBLESTAR_BINARY', 0);


INSERT INTO SystemRep (System_id, distance_to_galaxy_centre, ucoordinate, vcoordinate) VALUES ('U2034V2038', 3.427566576697818E16, 2034.0, 2038.0);


INSERT INTO SystemRep (System_id, distance_to_galaxy_centre, ucoordinate, vcoordinate) VALUES ('U2034V2037', 3.4267241135148304E16, 2034.0, 2037.0);


INSERT INTO StarRep (System_id,cluster_id,distance_clust_virt_centre,luminosity,no_planets_allowed,angle_in_radians_s,star_color,star_type,star_size)  VALUES ('U2034V2037', 'U2034V2037_0', 4.509090909090909E10, 2.9E-5, 'F', 196.0, 'red_.dwarf', 'dm', 0.624);


INSERT INTO StarRep (System_id,cluster_id,distance_clust_virt_centre,luminosity,no_planets_allowed,angle_in_radians_s,star_color,star_type,star_size)  VALUES ('U2034V2037', 'U2034V2037_0', 2.2892307692307693E11, 2.32, 'F', 85.0, 'pyel.mains', 'f6', 39.6);


INSERT INTO ClusterRep (System_id,distance_sys_virt_centre,planetsAllowed,cluster_id,angle_in_radians,cluster_description,number_stars_in_cluster)  VALUES ('U2034V2037', 8.502857142857143E10, 'F', 'U2034V2037_1', 0.767944870877505, 'Cluster Number: 1 DOUBLESTAR_BINARY', 0);


INSERT INTO SystemRep (System_id, distance_to_galaxy_centre, ucoordinate, vcoordinate) VALUES ('U2034V2036', 3.4258818567919588E16, 2034.0, 2036.0);


INSERT INTO SystemRep (System_id, distance_to_galaxy_centre, ucoordinate, vcoordinate) VALUES ('U2029V2029', 3.4157805642126836E16, 2029.0, 2029.0);


INSERT INTO SystemRep (System_id, distance_to_galaxy_centre, ucoordinate, vcoordinate) VALUES ('U2034V2035', 3.4250398066815164E16, 2034.0, 2035.0);


INSERT INTO SystemRep (System_id, distance_to_galaxy_centre, ucoordinate, vcoordinate) VALUES ('U2029V2028', 3.414938928039563E16, 2029.0, 2028.0);


INSERT INTO StarRep (System_id,cluster_id,distance_clust_virt_centre,luminosity,no_planets_allowed,angle_in_radians_s,star_color,star_type,star_size)  VALUES ('U2029V2028', 'U2029V2028_0', 3.343820224719101E10, 0.408, 'F', 84.0, 'yelo.mains', 'g9', 47.4);


INSERT INTO ClusterRep (System_id,distance_sys_virt_centre,planetsAllowed,cluster_id,angle_in_radians,cluster_description,number_stars_in_cluster)  VALUES ('U2029V2028', 8.502857142857142E11, 'T', 'U2029V2028_0', 5.323254218582705, 'Cluster Number: 0 SINGLESTAR', 1);


INSERT INTO SystemRep (System_id, distance_to_galaxy_centre, ucoordinate, vcoordinate) VALUES ('U2034V2034', 3.4241979633359284E16, 2034.0, 2034.0);


INSERT INTO SystemRep (System_id, distance_to_galaxy_centre, ucoordinate, vcoordinate) VALUES ('U2029V2027', 3.414097499447138E16, 2029.0, 2027.0);


INSERT INTO StarRep (System_id,cluster_id,distance_clust_virt_centre,luminosity,no_planets_allowed,angle_in_radians_s,star_color,star_type,star_size)  VALUES ('U2029V2027', 'U2029V2027_0', 3.2703296703296703E10, 0.124, 'F', 124.0, 'red_.subdw', 'm3', 0.6174);


INSERT INTO ClusterRep (System_id,distance_sys_virt_centre,planetsAllowed,cluster_id,angle_in_radians,cluster_description,number_stars_in_cluster)  VALUES ('U2029V2027', 7.44E10, 'T', 'U2029V2027_0', 4.485496177625427, 'Cluster Number: 0 SINGLESTAR', 1);


INSERT INTO SystemRep (System_id, distance_to_galaxy_centre, ucoordinate, vcoordinate) VALUES ('U2034V2033', 3.4233563269077324E16, 2034.0, 2033.0);


INSERT INTO StarRep (System_id,cluster_id,distance_clust_virt_centre,luminosity,no_planets_allowed,angle_in_radians_s,star_color,star_type,star_size)  VALUES ('U2034V2033', 'U2034V2033_0', 3.036734693877551E10, 0.045995648132547036, 'F', 62.0, 'red_.mains', 'm3', 0.09316666666666662);


INSERT INTO StarRep (System_id,cluster_id,distance_clust_virt_centre,luminosity,no_planets_allowed,angle_in_radians_s,star_color,star_type,star_size)  VALUES ('U2034V2033', 'U2034V2033_0', 2.976E12, 1.4, 'F', 87.0, 'whit.subdw', 'a8', 2.8800000000000003);


INSERT INTO ClusterRep (System_id,distance_sys_virt_centre,planetsAllowed,cluster_id,angle_in_radians,cluster_description,number_stars_in_cluster)  VALUES ('U2034V2033', 2.7054545454545456E11, 'F', 'U2034V2033_1', 3.473205211468716, 'Cluster Number: 1 DOUBLESTAR_BINARY', 0);


INSERT INTO SystemRep (System_id, distance_to_galaxy_centre, ucoordinate, vcoordinate) VALUES ('U2029V2026', 3.4132562785889256E16, 2029.0, 2026.0);


INSERT INTO StarRep (System_id,cluster_id,distance_clust_virt_centre,luminosity,no_planets_allowed,angle_in_radians_s,star_color,star_type,star_size)  VALUES ('U2029V2026', 'U2029V2026_0', 1.24E11, 0.04634257702689548, 'F', 350.0, 'red_.mains', 'm3', 0.09316666666666662);


INSERT INTO ClusterRep (System_id,distance_sys_virt_centre,planetsAllowed,cluster_id,angle_in_radians,cluster_description,number_stars_in_cluster)  VALUES ('U2029V2026', 2.7054545454545456E11, 'T', 'U2029V2026_0', 4.76474885794452, 'Cluster Number: 0 SINGLESTAR', 1);


INSERT INTO SystemRep (System_id, distance_to_galaxy_centre, ucoordinate, vcoordinate) VALUES ('U2034V2032', 3.422514897549578E16, 2034.0, 2032.0);


INSERT INTO StarRep (System_id,cluster_id,distance_clust_virt_centre,luminosity,no_planets_allowed,angle_in_radians_s,star_color,star_type,star_size)  VALUES ('U2034V2032', 'U2034V2032_0', 2.976E12, 1.1992097465101799, 'F', 102.0, 'yelo.mains', 'g0', 42.0);


INSERT INTO StarRep (System_id,cluster_id,distance_clust_virt_centre,luminosity,no_planets_allowed,angle_in_radians_s,star_color,star_type,star_size)  VALUES ('U2034V2032', 'U2034V2032_0', 7.83157894736842E10, 0.0912, 'F', 82.0, 'red_.mains', 'm0', 1.255);


INSERT INTO ClusterRep (System_id,distance_sys_virt_centre,planetsAllowed,cluster_id,angle_in_radians,cluster_description,number_stars_in_cluster)  VALUES ('U2034V2032', 9.018181818181818E10, 'F', 'U2034V2032_1', 1.6231562043547263, 'Cluster Number: 1 DOUBLESTAR_BINARY', 0);


INSERT INTO SystemRep (System_id, distance_to_galaxy_centre, ucoordinate, vcoordinate) VALUES ('U2029V2025', 3.412415265618556E16, 2029.0, 2025.0);


INSERT INTO SystemRep (System_id, distance_to_galaxy_centre, ucoordinate, vcoordinate) VALUES ('U2034V2031', 3.4216736754142292E16, 2034.0, 2031.0);


INSERT INTO StarRep (System_id,cluster_id,distance_clust_virt_centre,luminosity,no_planets_allowed,angle_in_radians_s,star_color,star_type,star_size)  VALUES ('U2034V2031', 'U2034V2031_0', 9.018181818181818E10, 381.0, 'F', 329.0, 'orng.gi.i ', 'k7', 8.28);


INSERT INTO StarRep (System_id,cluster_id,distance_clust_virt_centre,luminosity,no_planets_allowed,angle_in_radians_s,star_color,star_type,star_size)  VALUES ('U2034V2031', 'U2034V2031_0', 1.1446153846153847E11, 182000.0, 'F', 84.0, 'ltbl.sg.ii', 'b7', 17.0);


INSERT INTO ClusterRep (System_id,distance_sys_virt_centre,planetsAllowed,cluster_id,angle_in_radians,cluster_description,number_stars_in_cluster)  VALUES ('U2034V2031', 3.306666666666667E11, 'F', 'U2034V2031_1', 4.34586983746588, 'Cluster Number: 1 DOUBLESTAR_BINARY', 0);


INSERT INTO SystemRep (System_id, distance_to_galaxy_centre, ucoordinate, vcoordinate) VALUES ('U2029V2024', 3.4115744606897736E16, 2029.0, 2024.0);


INSERT INTO StarRep (System_id,cluster_id,distance_clust_virt_centre,luminosity,no_planets_allowed,angle_in_radians_s,star_color,star_type,star_size)  VALUES ('U2029V2024', 'U2029V2024_0', 1.417142857142857E11, 0.0466, 'F', 271.0, 'red_.mains', 'm3', 0.09316666666666662);


INSERT INTO ClusterRep (System_id,distance_sys_virt_centre,planetsAllowed,cluster_id,angle_in_radians,cluster_description,number_stars_in_cluster)  VALUES ('U2029V2024', 7.936E10, 'T', 'U2029V2024_0', 0.17453292519943295, 'Cluster Number: 0 SINGLESTAR', 1);


INSERT INTO SystemRep (System_id, distance_to_galaxy_centre, ucoordinate, vcoordinate) VALUES ('U2034V2030', 3.4208326606545604E16, 2034.0, 2030.0);


INSERT INTO SystemRep (System_id, distance_to_galaxy_centre, ucoordinate, vcoordinate) VALUES ('U2029V2023', 3.410733863956436E16, 2029.0, 2023.0);


INSERT INTO SystemRep (System_id, distance_to_galaxy_centre, ucoordinate, vcoordinate) VALUES ('U2029V2022', 3.409893475572514E16, 2029.0, 2022.0);


INSERT INTO StarRep (System_id,cluster_id,distance_clust_virt_centre,luminosity,no_planets_allowed,angle_in_radians_s,star_color,star_type,star_size)  VALUES ('U2029V2022', 'U2029V2022_0', 1.3527272727272728E11, 7.548632550447158, 'F', 310.0, 'pyel.mains', 'f1', 36.599999999999994);


INSERT INTO ClusterRep (System_id,distance_sys_virt_centre,planetsAllowed,cluster_id,angle_in_radians,cluster_description,number_stars_in_cluster)  VALUES ('U2029V2022', 1.2146938775510204E11, 'T', 'U2029V2022_0', 5.602506898901797, 'Cluster Number: 0 SINGLESTAR', 1);


INSERT INTO SystemRep (System_id, distance_to_galaxy_centre, ucoordinate, vcoordinate) VALUES ('U2029V2021', 3.409053295692093E16, 2029.0, 2021.0);


INSERT INTO SystemRep (System_id, distance_to_galaxy_centre, ucoordinate, vcoordinate) VALUES ('U2029V2020', 3.4082133244693708E16, 2029.0, 2020.0);


INSERT INTO StarRep (System_id,cluster_id,distance_clust_virt_centre,luminosity,no_planets_allowed,angle_in_radians_s,star_color,star_type,star_size)  VALUES ('U2029V2020', 'U2029V2020_0', 5.410909090909091E10, 79000.0, 'F', 177.0, 'yelo.sg.ii', 'g3', 71.66666666666667);


INSERT INTO ClusterRep (System_id,distance_sys_virt_centre,planetsAllowed,cluster_id,angle_in_radians,cluster_description,number_stars_in_cluster)  VALUES ('U2029V2020', 6.6133333333333336E10, 'T', 'U2029V2020_0', 5.899212871740834, 'Cluster Number: 0 SINGLESTAR', 1);


INSERT INTO SystemRep (System_id, distance_to_galaxy_centre, ucoordinate, vcoordinate) VALUES ('U2025V2029', 3.412415265618556E16, 2025.0, 2029.0);


INSERT INTO SystemRep (System_id, distance_to_galaxy_centre, ucoordinate, vcoordinate) VALUES ('U2025V2028', 3.4115727992252256E16, 2025.0, 2028.0);


INSERT INTO SystemRep (System_id, distance_to_galaxy_centre, ucoordinate, vcoordinate) VALUES ('U2025V2027', 3.410730540207573E16, 2025.0, 2027.0);


INSERT INTO StarRep (System_id,cluster_id,distance_clust_virt_centre,luminosity,no_planets_allowed,angle_in_radians_s,star_color,star_type,star_size)  VALUES ('U2025V2027', 'U2025V2027_0', 5.835294117647059E10, 0.3212585339602036, 'F', 133.0, 'blue.dwarf', 'do', 0.0232);


INSERT INTO StarRep (System_id,cluster_id,distance_clust_virt_centre,luminosity,no_planets_allowed,angle_in_radians_s,star_color,star_type,star_size)  VALUES ('U2025V2027', 'U2025V2027_0', 4.578461538461539E10, 1.55, 'F', 165.0, 'pyel.mains', 'f8', 40.8);


INSERT INTO ClusterRep (System_id,distance_sys_virt_centre,planetsAllowed,cluster_id,angle_in_radians,cluster_description,number_stars_in_cluster)  VALUES ('U2025V2027', 3.968E11, 'F', 'U2025V2027_1', 0.6806784082777885, 'Cluster Number: 1 DOUBLESTAR_BINARY', 0);


INSERT INTO SystemRep (System_id, distance_to_galaxy_centre, ucoordinate, vcoordinate) VALUES ('U2025V2026', 3.409888488719266E16, 2025.0, 2026.0);


INSERT INTO StarRep (System_id,cluster_id,distance_clust_virt_centre,luminosity,no_planets_allowed,angle_in_radians_s,star_color,star_type,star_size)  VALUES ('U2025V2026', 'U2025V2026_0', 3.5011764705882355E10, 3.1704328007002682, 'F', 40.0, 'pyel.mains', 'f4', 38.4);


INSERT INTO StarRep (System_id,cluster_id,distance_clust_virt_centre,luminosity,no_planets_allowed,angle_in_radians_s,star_color,star_type,star_size)  VALUES ('U2025V2026', 'U2025V2026_0', 3.3066666666666668E10, 0.333, 'F', 162.0, 'orng.mains', 'k1', 1.0615);


INSERT INTO ClusterRep (System_id,distance_sys_virt_centre,planetsAllowed,cluster_id,angle_in_radians,cluster_description,number_stars_in_cluster)  VALUES ('U2025V2026', 4.96E11, 'F', 'U2025V2026_1', 1.5533430342749535, 'Cluster Number: 1 DOUBLESTAR_BINARY', 0);


INSERT INTO SystemRep (System_id, distance_to_galaxy_centre, ucoordinate, vcoordinate) VALUES ('U2025V2025', 3.409046644914088E16, 2025.0, 2025.0);


INSERT INTO StarRep (System_id,cluster_id,distance_clust_virt_centre,luminosity,no_planets_allowed,angle_in_radians_s,star_color,star_type,star_size)  VALUES ('U2025V2025', 'U2025V2025_0', 6.073469387755102E10, 0.40677559340355984, 'F', 94.0, 'yelo.mains', 'g9', 47.4);


INSERT INTO StarRep (System_id,cluster_id,distance_clust_virt_centre,luminosity,no_planets_allowed,angle_in_radians_s,star_color,star_type,star_size)  VALUES ('U2025V2025', 'U2025V2025_0', 1.0262068965517241E11, 0.162, 'F', 169.0, 'orng.mains', 'k6', 1.169);


INSERT INTO ClusterRep (System_id,distance_sys_virt_centre,planetsAllowed,cluster_id,angle_in_radians,cluster_description,number_stars_in_cluster)  VALUES ('U2025V2025', 8.502857142857143E10, 'F', 'U2025V2025_1', 2.5132741228718345, 'Cluster Number: 1 DOUBLESTAR_BINARY', 0);


INSERT INTO SystemRep (System_id, distance_to_galaxy_centre, ucoordinate, vcoordinate) VALUES ('U2025V2024', 3.408205008945935E16, 2025.0, 2024.0);


INSERT INTO StarRep (System_id,cluster_id,distance_clust_virt_centre,luminosity,no_planets_allowed,angle_in_radians_s,star_color,star_type,star_size)  VALUES ('U2025V2024', 'U2025V2024_0', 3.036734693877551E10, 0.04594182101972244, 'F', 319.0, 'red_.mains', 'm3', 0.09316666666666662);


INSERT INTO StarRep (System_id,cluster_id,distance_clust_virt_centre,luminosity,no_planets_allowed,angle_in_radians_s,star_color,star_type,star_size)  VALUES ('U2025V2024', 'U2025V2024_0', 6.331914893617021E10, 0.123, 'F', 130.0, 'orng.mains', 'k8', 1.2120000000000002);


INSERT INTO ClusterRep (System_id,distance_sys_virt_centre,planetsAllowed,cluster_id,angle_in_radians,cluster_description,number_stars_in_cluster)  VALUES ('U2025V2024', 2.2044444444444446E11, 'F', 'U2025V2024_1', 1.2566370614359172, 'Cluster Number: 1 DOUBLESTAR_BINARY', 0);


INSERT INTO SystemRep (System_id, distance_to_galaxy_centre, ucoordinate, vcoordinate) VALUES ('U2028V2039', 3.4233687449804176E16, 2028.0, 2039.0);


INSERT INTO SystemRep (System_id, distance_to_galaxy_centre, ucoordinate, vcoordinate) VALUES ('U2025V2023', 3.4073635809688172E16, 2025.0, 2023.0);


INSERT INTO StarRep (System_id,cluster_id,distance_clust_virt_centre,luminosity,no_planets_allowed,angle_in_radians_s,star_color,star_type,star_size)  VALUES ('U2025V2023', 'U2025V2023_0', 9.6E10, 0.0912, 'F', 186.0, 'red_.mains', 'm0', 1.255);


INSERT INTO StarRep (System_id,cluster_id,distance_clust_virt_centre,luminosity,no_planets_allowed,angle_in_radians_s,star_color,star_type,star_size)  VALUES ('U2025V2023', 'U2025V2023_0', 8.502857142857143E10, 2.8E-5, 'F', 132.0, 'red_.dwarf', 'dm', 0.6413333333333334);


INSERT INTO ClusterRep (System_id,distance_sys_virt_centre,planetsAllowed,cluster_id,angle_in_radians,cluster_description,number_stars_in_cluster)  VALUES ('U2025V2023', 7.63076923076923E10, 'F', 'U2025V2023_1', 3.9618974020271276, 'Cluster Number: 1 DOUBLESTAR_BINARY', 0);


INSERT INTO SystemRep (System_id, distance_to_galaxy_centre, ucoordinate, vcoordinate) VALUES ('U2028V2038', 3.4225248344537224E16, 2028.0, 2038.0);


INSERT INTO StarRep (System_id,cluster_id,distance_clust_virt_centre,luminosity,no_planets_allowed,angle_in_radians_s,star_color,star_type,star_size)  VALUES ('U2028V2038', 'U2028V2038_0', 4.1915492957746475E10, 0.09089920218028832, 'F', 176.0, 'red_.mains', 'm0', 1.255);


INSERT INTO ClusterRep (System_id,distance_sys_virt_centre,planetsAllowed,cluster_id,angle_in_radians,cluster_description,number_stars_in_cluster)  VALUES ('U2028V2038', 1.1230188679245284E11, 'T', 'U2028V2038_0', 4.537856055185257, 'Cluster Number: 0 SINGLESTAR', 1);


INSERT INTO SystemRep (System_id, distance_to_galaxy_centre, ucoordinate, vcoordinate) VALUES ('U2025V2022', 3.406522361136859E16, 2025.0, 2022.0);


INSERT INTO StarRep (System_id,cluster_id,distance_clust_virt_centre,luminosity,no_planets_allowed,angle_in_radians_s,star_color,star_type,star_size)  VALUES ('U2025V2022', 'U2025V2022_0', 3.1659574468085106E10, 0.0466, 'F', 239.0, 'red_.mains', 'm3', 0.09316666666666662);


INSERT INTO StarRep (System_id,cluster_id,distance_clust_virt_centre,luminosity,no_planets_allowed,angle_in_radians_s,star_color,star_type,star_size)  VALUES ('U2025V2022', 'U2025V2022_0', 4.0767123287671234E10, 142000.0, 'F', 139.0, 'blue.gi.i ', 'o8', 48.333333333333336);


INSERT INTO ClusterRep (System_id,distance_sys_virt_centre,planetsAllowed,cluster_id,angle_in_radians,cluster_description,number_stars_in_cluster)  VALUES ('U2025V2022', 1.6086486486486487E11, 'F', 'U2025V2022_1', 4.939281783143953, 'Cluster Number: 1 DOUBLESTAR_BINARY', 0);


INSERT INTO SystemRep (System_id, distance_to_galaxy_centre, ucoordinate, vcoordinate) VALUES ('U2028V2037', 3.4216811299272876E16, 2028.0, 2037.0);


INSERT INTO SystemRep (System_id, distance_to_galaxy_centre, ucoordinate, vcoordinate) VALUES ('U2025V2021', 3.405681349604299E16, 2025.0, 2021.0);


INSERT INTO SystemRep (System_id, distance_to_galaxy_centre, ucoordinate, vcoordinate) VALUES ('U2028V2036', 3.420837631553535E16, 2028.0, 2036.0);


INSERT INTO StarRep (System_id,cluster_id,distance_clust_virt_centre,luminosity,no_planets_allowed,angle_in_radians_s,star_color,star_type,star_size)  VALUES ('U2028V2036', 'U2028V2036_0', 5.952E11, 0.282, 'F', 42.0, 'orng.mains', 'k2', 1.0830000000000002);


INSERT INTO ClusterRep (System_id,distance_sys_virt_centre,planetsAllowed,cluster_id,angle_in_radians,cluster_description,number_stars_in_cluster)  VALUES ('U2028V2036', 6.331914893617021E10, 'T', 'U2028V2036_0', 4.834562028024293, 'Cluster Number: 0 SINGLESTAR', 1);


INSERT INTO SystemRep (System_id, distance_to_galaxy_centre, ucoordinate, vcoordinate) VALUES ('U2025V2020', 3.4048405465254904E16, 2025.0, 2020.0);


INSERT INTO StarRep (System_id,cluster_id,distance_clust_virt_centre,luminosity,no_planets_allowed,angle_in_radians_s,star_color,star_type,star_size)  VALUES ('U2025V2020', 'U2025V2020_0', 9.92E10, 82.0, 'F', 146.0, 'yelo.gi.i ', 'g8', 5.52);


INSERT INTO StarRep (System_id,cluster_id,distance_clust_virt_centre,luminosity,no_planets_allowed,angle_in_radians_s,star_color,star_type,star_size)  VALUES ('U2025V2020', 'U2025V2020_0', 3.068041237113402E10, 2.32, 'F', 136.0, 'pyel.mains', 'f6', 39.6);


INSERT INTO ClusterRep (System_id,distance_sys_virt_centre,planetsAllowed,cluster_id,angle_in_radians,cluster_description,number_stars_in_cluster)  VALUES ('U2025V2020', 1.8036363636363635E11, 'F', 'U2025V2020_1', 5.811946409141117, 'Cluster Number: 1 DOUBLESTAR_BINARY', 0);


INSERT INTO SystemRep (System_id, distance_to_galaxy_centre, ucoordinate, vcoordinate) VALUES ('U2021V2029', 3.409053295692093E16, 2021.0, 2029.0);


INSERT INTO StarRep (System_id,cluster_id,distance_clust_virt_centre,luminosity,no_planets_allowed,angle_in_radians_s,star_color,star_type,star_size)  VALUES ('U2021V2029', 'U2021V2029_0', 4.441791044776119E10, 0.33199247461514036, 'F', 83.0, 'orng.mains', 'k1', 1.0615);


INSERT INTO StarRep (System_id,cluster_id,distance_clust_virt_centre,luminosity,no_planets_allowed,angle_in_radians_s,star_color,star_type,star_size)  VALUES ('U2021V2029', 'U2021V2029_0', 7.63076923076923E10, 0.19147602426360563, 'F', 246.0, 'red_.mains', 'm9', 0.13616666666666666);


INSERT INTO ClusterRep (System_id,distance_sys_virt_centre,planetsAllowed,cluster_id,angle_in_radians,cluster_description,number_stars_in_cluster)  VALUES ('U2021V2029', 1.488E12, 'F', 'U2021V2029_1', 6.19591884457987, 'Cluster Number: 1 DOUBLESTAR_BINARY', 0);


INSERT INTO SystemRep (System_id, distance_to_galaxy_centre, ucoordinate, vcoordinate) VALUES ('U2028V2035', 3.4199943394849996E16, 2028.0, 2035.0);


INSERT INTO SystemRep (System_id, distance_to_galaxy_centre, ucoordinate, vcoordinate) VALUES ('U2021V2028', 3.4082099982624308E16, 2021.0, 2028.0);


INSERT INTO SystemRep (System_id, distance_to_galaxy_centre, ucoordinate, vcoordinate) VALUES ('U2028V2034', 3.4191512538743296E16, 2028.0, 2034.0);


INSERT INTO StarRep (System_id,cluster_id,distance_clust_virt_centre,luminosity,no_planets_allowed,angle_in_radians_s,star_color,star_type,star_size)  VALUES ('U2028V2034', 'U2028V2034_0', 4.251428571428571E11, 2.8977436620872243E-5, 'F', 82.0, 'red_.dwarf', 'dm', 0.624);


INSERT INTO ClusterRep (System_id,distance_sys_virt_centre,planetsAllowed,cluster_id,angle_in_radians,cluster_description,number_stars_in_cluster)  VALUES ('U2028V2034', 8.752941176470589E10, 'T', 'U2028V2034_0', 3.979350694547071, 'Cluster Number: 0 SINGLESTAR', 1);


INSERT INTO SystemRep (System_id, distance_to_galaxy_centre, ucoordinate, vcoordinate) VALUES ('U2021V2027', 3.4073669080020132E16, 2021.0, 2027.0);


INSERT INTO SystemRep (System_id, distance_to_galaxy_centre, ucoordinate, vcoordinate) VALUES ('U2028V2033', 3.4183083748742856E16, 2028.0, 2033.0);


INSERT INTO SystemRep (System_id, distance_to_galaxy_centre, ucoordinate, vcoordinate) VALUES ('U2021V2026', 3.406524025064658E16, 2021.0, 2026.0);


INSERT INTO SystemRep (System_id, distance_to_galaxy_centre, ucoordinate, vcoordinate) VALUES ('U2028V2032', 3.4174657026377424E16, 2028.0, 2032.0);


INSERT INTO StarRep (System_id,cluster_id,distance_clust_virt_centre,luminosity,no_planets_allowed,angle_in_radians_s,star_color,star_type,star_size)  VALUES ('U2028V2032', 'U2028V2032_0', 7.63076923076923E10, 0.0466, 'F', 309.0, 'red_.mains', 'm3', 0.09316666666666662);


INSERT INTO ClusterRep (System_id,distance_sys_virt_centre,planetsAllowed,cluster_id,angle_in_radians,cluster_description,number_stars_in_cluster)  VALUES ('U2028V2032', 5.410909090909091E11, 'T', 'U2028V2032_0', 4.258603374866164, 'Cluster Number: 0 SINGLESTAR', 1);


INSERT INTO SystemRep (System_id, distance_to_galaxy_centre, ucoordinate, vcoordinate) VALUES ('U2021V2025', 3.405681349604299E16, 2021.0, 2025.0);


INSERT INTO StarRep (System_id,cluster_id,distance_clust_virt_centre,luminosity,no_planets_allowed,angle_in_radians_s,star_color,star_type,star_size)  VALUES ('U2021V2025', 'U2021V2025_0', 4.723809523809524E10, 0.333, 'F', 3.0, 'orng.mains', 'k1', 1.0615);


INSERT INTO StarRep (System_id,cluster_id,distance_clust_virt_centre,luminosity,no_planets_allowed,angle_in_radians_s,star_color,star_type,star_size)  VALUES ('U2021V2025', 'U2021V2025_0', 4.578461538461539E10, 0.408, 'F', 255.0, 'yelo.mains', 'g9', 47.4);


INSERT INTO ClusterRep (System_id,distance_sys_virt_centre,planetsAllowed,cluster_id,angle_in_radians,cluster_description,number_stars_in_cluster)  VALUES ('U2021V2025', 4.251428571428571E11, 'F', 'U2021V2025_1', 3.5779249665883754, 'Cluster Number: 1 DOUBLESTAR_BINARY', 0);


INSERT INTO SystemRep (System_id, distance_to_galaxy_centre, ucoordinate, vcoordinate) VALUES ('U2028V2031', 3.416623237317688E16, 2028.0, 2031.0);


INSERT INTO StarRep (System_id,cluster_id,distance_clust_virt_centre,luminosity,no_planets_allowed,angle_in_radians_s,star_color,star_type,star_size)  VALUES ('U2028V2031', 'U2028V2031_0', 9.92E11, 2.95E-5, 'F', 3.0, 'red_.dwarf', 'dm', 0.6153333333333334);


INSERT INTO ClusterRep (System_id,distance_sys_virt_centre,planetsAllowed,cluster_id,angle_in_radians,cluster_description,number_stars_in_cluster)  VALUES ('U2028V2031', 2.7054545454545456E11, 'T', 'U2028V2031_0', 5.672320068981571, 'Cluster Number: 0 SINGLESTAR', 1);


INSERT INTO SystemRep (System_id, distance_to_galaxy_centre, ucoordinate, vcoordinate) VALUES ('U2021V2024', 3.4048388817749836E16, 2021.0, 2024.0);


INSERT INTO StarRep (System_id,cluster_id,distance_clust_virt_centre,luminosity,no_planets_allowed,angle_in_radians_s,star_color,star_type,star_size)  VALUES ('U2021V2024', 'U2021V2024_0', 4.578461538461539E10, 3.65E-5, 'F', 43.0, 'orng.dwarf', 'dk', 0.5806666666666667);


INSERT INTO StarRep (System_id,cluster_id,distance_clust_virt_centre,luminosity,no_planets_allowed,angle_in_radians_s,star_color,star_type,star_size)  VALUES ('U2021V2024', 'U2021V2024_0', 9.92E11, 126393.49956875938, 'F', 250.0, 'blue.subgi', 'o8', 27.333333333333336);


INSERT INTO ClusterRep (System_id,distance_sys_virt_centre,planetsAllowed,cluster_id,angle_in_radians,cluster_description,number_stars_in_cluster)  VALUES ('U2021V2024', 1.0262068965517241E11, 'F', 'U2021V2024_1', 1.7453292519943295, 'Cluster Number: 1 DOUBLESTAR_BINARY', 0);


INSERT INTO SystemRep (System_id, distance_to_galaxy_centre, ucoordinate, vcoordinate) VALUES ('U2028V2030', 3.4157809790672236E16, 2028.0, 2030.0);


INSERT INTO SystemRep (System_id, distance_to_galaxy_centre, ucoordinate, vcoordinate) VALUES ('U2021V2023', 3.4039966217308736E16, 2021.0, 2023.0);


INSERT INTO StarRep (System_id,cluster_id,distance_clust_virt_centre,luminosity,no_planets_allowed,angle_in_radians_s,star_color,star_type,star_size)  VALUES ('U2021V2023', 'U2021V2023_0', 3.068041237113402E10, 0.0276, 'F', 270.0, 'red_.mains', 'm5', 0.10750000000000004);


INSERT INTO StarRep (System_id,cluster_id,distance_clust_virt_centre,luminosity,no_planets_allowed,angle_in_radians_s,star_color,star_type,star_size)  VALUES ('U2021V2023', 'U2021V2023_0', 3.3066666666666668E10, 0.216, 'F', 252.0, 'orng.mains', 'k4', 1.126);


INSERT INTO ClusterRep (System_id,distance_sys_virt_centre,planetsAllowed,cluster_id,angle_in_radians,cluster_description,number_stars_in_cluster)  VALUES ('U2021V2023', 5.952E11, 'F', 'U2021V2023_1', 4.4505895925855405, 'Cluster Number: 1 DOUBLESTAR_BINARY', 0);


INSERT INTO SystemRep (System_id, distance_to_galaxy_centre, ucoordinate, vcoordinate) VALUES ('U2021V2022', 3.403154569626246E16, 2021.0, 2022.0);


INSERT INTO StarRep (System_id,cluster_id,distance_clust_virt_centre,luminosity,no_planets_allowed,angle_in_radians_s,star_color,star_type,star_size)  VALUES ('U2021V2022', 'U2021V2022_0', 4.878688524590164E10, 1.31574494813166E-4, 'F', 323.0, 'pyel.dwarf', 'df', 0.4073333333333333);


INSERT INTO StarRep (System_id,cluster_id,distance_clust_virt_centre,luminosity,no_planets_allowed,angle_in_radians_s,star_color,star_type,star_size)  VALUES ('U2021V2022', 'U2021V2022_0', 1.0262068965517241E11, 0.0734, 'F', 259.0, 'red_.mains', 'm1', 0.07883333333333331);


INSERT INTO ClusterRep (System_id,distance_sys_virt_centre,planetsAllowed,cluster_id,angle_in_radians,cluster_description,number_stars_in_cluster)  VALUES ('U2021V2022', 8.752941176470589E10, 'F', 'U2021V2022_1', 5.410520681182422, 'Cluster Number: 1 DOUBLESTAR_BINARY', 0);


INSERT INTO SystemRep (System_id, distance_to_galaxy_centre, ucoordinate, vcoordinate) VALUES ('U2021V2021', 3.4023127256154924E16, 2021.0, 2021.0);


INSERT INTO StarRep (System_id,cluster_id,distance_clust_virt_centre,luminosity,no_planets_allowed,angle_in_radians_s,star_color,star_type,star_size)  VALUES ('U2021V2021', 'U2021V2021_0', 3.1659574468085106E10, 0.0466, 'F', 190.0, 'red_.mains', 'm3', 0.09316666666666662);


INSERT INTO StarRep (System_id,cluster_id,distance_clust_virt_centre,luminosity,no_planets_allowed,angle_in_radians_s,star_color,star_type,star_size)  VALUES ('U2021V2021', 'U2021V2021_0', 1.7505882352941177E11, 600.0, 'F', 261.0, 'pyel.gi.ii', 'f0', 26.1);


INSERT INTO ClusterRep (System_id,distance_sys_virt_centre,planetsAllowed,cluster_id,angle_in_radians,cluster_description,number_stars_in_cluster)  VALUES ('U2021V2021', 2.976E11, 'F', 'U2021V2021_1', 1.8325957145940461, 'Cluster Number: 1 DOUBLESTAR_BINARY', 0);


INSERT INTO SystemRep (System_id, distance_to_galaxy_centre, ucoordinate, vcoordinate) VALUES ('U2021V2020', 3.4014710898531184E16, 2021.0, 2020.0);


INSERT INTO SystemRep (System_id, distance_to_galaxy_centre, ucoordinate, vcoordinate) VALUES ('U2038V2029', 3.423364605627861E16, 2038.0, 2029.0);


INSERT INTO StarRep (System_id,cluster_id,distance_clust_virt_centre,luminosity,no_planets_allowed,angle_in_radians_s,star_color,star_type,star_size)  VALUES ('U2038V2029', 'U2038V2029_0', 4.376470588235294E10, 182000.0, 'F', 294.0, 'ltbl.sg.ii', 'b7', 17.0);


INSERT INTO StarRep (System_id,cluster_id,distance_clust_virt_centre,luminosity,no_planets_allowed,angle_in_radians_s,star_color,star_type,star_size)  VALUES ('U2038V2029', 'U2038V2029_0', 1.1022222222222223E11, 0.21499790870455182, 'F', 202.0, 'orng.mains', 'k4', 1.126);


INSERT INTO ClusterRep (System_id,distance_sys_virt_centre,planetsAllowed,cluster_id,angle_in_radians,cluster_description,number_stars_in_cluster)  VALUES ('U2038V2029', 1.984E12, 'F', 'U2038V2029_1', 0.6632251157578452, 'Cluster Number: 1 DOUBLESTAR_BINARY', 0);


INSERT INTO SystemRep (System_id, distance_to_galaxy_centre, ucoordinate, vcoordinate) VALUES ('U2038V2028', 3.4225248344537224E16, 2038.0, 2028.0);


INSERT INTO SystemRep (System_id, distance_to_galaxy_centre, ucoordinate, vcoordinate) VALUES ('U2038V2027', 3.4216852713164136E16, 2038.0, 2027.0);


INSERT INTO SystemRep (System_id, distance_to_galaxy_centre, ucoordinate, vcoordinate) VALUES ('U2038V2026', 3.4208459163691076E16, 2038.0, 2026.0);


INSERT INTO StarRep (System_id,cluster_id,distance_clust_virt_centre,luminosity,no_planets_allowed,angle_in_radians_s,star_color,star_type,star_size)  VALUES ('U2038V2026', 'U2038V2026_0', 2.976E12, 0.03496492359427879, 'F', 161.0, 'red_.mains', 'm9', 0.13616666666666666);


INSERT INTO StarRep (System_id,cluster_id,distance_clust_virt_centre,luminosity,no_planets_allowed,angle_in_radians_s,star_color,star_type,star_size)  VALUES ('U2038V2026', 'U2038V2026_0', 1.984E11, 3.898604263350339E-5, 'F', 204.0, 'orng.dwarf', 'dk', 0.5373333333333334);


INSERT INTO ClusterRep (System_id,distance_sys_virt_centre,planetsAllowed,cluster_id,angle_in_radians,cluster_description,number_stars_in_cluster)  VALUES ('U2038V2026', 1.1022222222222223E11, 'F', 'U2038V2026_1', 3.385938748868999, 'Cluster Number: 1 DOUBLESTAR_BINARY', 0);


INSERT INTO SystemRep (System_id, distance_to_galaxy_centre, ucoordinate, vcoordinate) VALUES ('U2038V2025', 3.4200067697650892E16, 2038.0, 2025.0);


INSERT INTO SystemRep (System_id, distance_to_galaxy_centre, ucoordinate, vcoordinate) VALUES ('U2038V2024', 3.419167831657756E16, 2038.0, 2024.0);


INSERT INTO StarRep (System_id,cluster_id,distance_clust_virt_centre,luminosity,no_planets_allowed,angle_in_radians_s,star_color,star_type,star_size)  VALUES ('U2038V2024', 'U2038V2024_0', 4.65E10, 2.5996631047074418E-5, 'F', 214.0, 'red_.dwarf', 'dm', 0.676);


INSERT INTO StarRep (System_id,cluster_id,distance_clust_virt_centre,luminosity,no_planets_allowed,angle_in_radians_s,star_color,star_type,star_size)  VALUES ('U2038V2024', 'U2038V2024_0', 5.615094339622642E10, 2.6E-5, 'F', 211.0, 'red_.dwarf', 'dm', 0.676);


INSERT INTO ClusterRep (System_id,distance_sys_virt_centre,planetsAllowed,cluster_id,angle_in_radians,cluster_description,number_stars_in_cluster)  VALUES ('U2038V2024', 4.578461538461539E11, 'F', 'U2038V2024_1', 4.34586983746588, 'Cluster Number: 1 DOUBLESTAR_BINARY', 0);


INSERT INTO SystemRep (System_id, distance_to_galaxy_centre, ucoordinate, vcoordinate) VALUES ('U2038V2023', 3.4183291022006176E16, 2038.0, 2023.0);


INSERT INTO StarRep (System_id,cluster_id,distance_clust_virt_centre,luminosity,no_planets_allowed,angle_in_radians_s,star_color,star_type,star_size)  VALUES ('U2038V2023', 'U2038V2023_0', 3.036734693877551E10, 2.3032163631086604, 'F', 121.0, 'pyel.mains', 'f6', 39.6);


INSERT INTO StarRep (System_id,cluster_id,distance_clust_virt_centre,luminosity,no_planets_allowed,angle_in_radians_s,star_color,star_type,star_size)  VALUES ('U2038V2023', 'U2038V2023_0', 3.864935064935065E10, 59.734306893454935, 'F', 208.0, 'whit.mains', 'a2', 31.200000000000003);


INSERT INTO ClusterRep (System_id,distance_sys_virt_centre,planetsAllowed,cluster_id,angle_in_radians,cluster_description,number_stars_in_cluster)  VALUES ('U2038V2023', 5.952E11, 'F', 'U2038V2023_1', 5.218534463463045, 'Cluster Number: 1 DOUBLESTAR_BINARY', 0);


INSERT INTO SystemRep (System_id, distance_to_galaxy_centre, ucoordinate, vcoordinate) VALUES ('U2038V2022', 3.417490581547297E16, 2038.0, 2022.0);


INSERT INTO StarRep (System_id,cluster_id,distance_clust_virt_centre,luminosity,no_planets_allowed,angle_in_radians_s,star_color,star_type,star_size)  VALUES ('U2038V2022', 'U2038V2022_0', 9.3E10, 13.5, 'F', 348.0, 'whit.mains', 'a7', 34.199999999999996);


INSERT INTO StarRep (System_id,cluster_id,distance_clust_virt_centre,luminosity,no_planets_allowed,angle_in_radians_s,star_color,star_type,star_size)  VALUES ('U2038V2022', 'U2038V2022_0', 4.578461538461539E10, 0.12274237941854652, 'F', 210.0, 'orng.mains', 'k8', 1.2120000000000002);


INSERT INTO ClusterRep (System_id,distance_sys_virt_centre,planetsAllowed,cluster_id,angle_in_radians,cluster_description,number_stars_in_cluster)  VALUES ('U2038V2022', 9.757377049180328E10, 'F', 'U2038V2022_1', 1.6406094968746698, 'Cluster Number: 1 DOUBLESTAR_BINARY', 0);


INSERT INTO SystemRep (System_id, distance_to_galaxy_centre, ucoordinate, vcoordinate) VALUES ('U2038V2021', 3.416652269851528E16, 2038.0, 2021.0);


INSERT INTO SystemRep (System_id, distance_to_galaxy_centre, ucoordinate, vcoordinate) VALUES ('U2038V2020', 3.41581416726716E16, 2038.0, 2020.0);


INSERT INTO SystemRep (System_id, distance_to_galaxy_centre, ucoordinate, vcoordinate) VALUES ('U2034V2029', 3.4199918534235604E16, 2034.0, 2029.0);


INSERT INTO StarRep (System_id,cluster_id,distance_clust_virt_centre,luminosity,no_planets_allowed,angle_in_radians_s,star_color,star_type,star_size)  VALUES ('U2034V2029', 'U2034V2029_0', 9.92E10, 1062.3753381286442, 'F', 249.0, 'ltbl.gi.i ', 'b9', 57.49999999999999);


INSERT INTO StarRep (System_id,cluster_id,distance_clust_virt_centre,luminosity,no_planets_allowed,angle_in_radians_s,star_color,star_type,star_size)  VALUES ('U2034V2029', 'U2034V2029_0', 5.723076923076923E10, 0.21453730077286912, 'F', 93.0, 'orng.mains', 'k4', 1.126);


INSERT INTO ClusterRep (System_id,distance_sys_virt_centre,planetsAllowed,cluster_id,angle_in_radians,cluster_description,number_stars_in_cluster)  VALUES ('U2034V2029', 2.1257142857142856E11, 'F', 'U2034V2029_1', 1.7278759594743864, 'Cluster Number: 1 DOUBLESTAR_BINARY', 0);


INSERT INTO SystemRep (System_id, distance_to_galaxy_centre, ucoordinate, vcoordinate) VALUES ('U2034V2028', 3.4191512538743296E16, 2034.0, 2028.0);


INSERT INTO StarRep (System_id,cluster_id,distance_clust_virt_centre,luminosity,no_planets_allowed,angle_in_radians_s,star_color,star_type,star_size)  VALUES ('U2034V2028', 'U2034V2028_0', 9.3E10, 0.0912, 'F', 289.0, 'red_.mains', 'm0', 1.255);


INSERT INTO StarRep (System_id,cluster_id,distance_clust_virt_centre,luminosity,no_planets_allowed,angle_in_radians_s,star_color,star_type,star_size)  VALUES ('U2034V2028', 'U2034V2028_0', 3.381818181818182E10, 1.1994088789183552, 'F', 88.0, 'yelo.mains', 'g0', 42.0);


INSERT INTO ClusterRep (System_id,distance_sys_virt_centre,planetsAllowed,cluster_id,angle_in_radians,cluster_description,number_stars_in_cluster)  VALUES ('U2034V2028', 8.153424657534247E10, 'F', 'U2034V2028_1', 6.178465552059927, 'Cluster Number: 1 DOUBLESTAR_BINARY', 0);


INSERT INTO SystemRep (System_id, distance_to_galaxy_centre, ucoordinate, vcoordinate) VALUES ('U2034V2027', 3.4183108621600816E16, 2034.0, 2027.0);


INSERT INTO StarRep (System_id,cluster_id,distance_clust_virt_centre,luminosity,no_planets_allowed,angle_in_radians_s,star_color,star_type,star_size)  VALUES ('U2034V2027', 'U2034V2027_0', 1.0628571428571428E11, 0.12269827473553196, 'F', 209.0, 'orng.mains', 'k8', 1.2120000000000002);


INSERT INTO StarRep (System_id,cluster_id,distance_clust_virt_centre,luminosity,no_planets_allowed,angle_in_radians_s,star_color,star_type,star_size)  VALUES ('U2034V2027', 'U2034V2027_0', 1.86E11, 0.013318332769264132, 'F', 97.0, 'red_.mains', 'm7', 0.12183333333333335);


INSERT INTO ClusterRep (System_id,distance_sys_virt_centre,planetsAllowed,cluster_id,angle_in_radians,cluster_description,number_stars_in_cluster)  VALUES ('U2034V2027', 7.171084337349397E10, 'F', 'U2034V2027_1', 3.560471674068432, 'Cluster Number: 1 DOUBLESTAR_BINARY', 0);


INSERT INTO SystemRep (System_id, distance_to_galaxy_centre, ucoordinate, vcoordinate) VALUES ('U2034V2026', 3.4174706784341428E16, 2034.0, 2026.0);


INSERT INTO StarRep (System_id,cluster_id,distance_clust_virt_centre,luminosity,no_planets_allowed,angle_in_radians_s,star_color,star_type,star_size)  VALUES ('U2034V2026', 'U2034V2026_0', 4.96E10, 0.333, 'F', 76.0, 'orng.mains', 'k1', 1.0615);


INSERT INTO StarRep (System_id,cluster_id,distance_clust_virt_centre,luminosity,no_planets_allowed,angle_in_radians_s,star_color,star_type,star_size)  VALUES ('U2034V2026', 'U2034V2026_0', 7.44E11, 2.3045887016153173, 'F', 99.0, 'pyel.mains', 'f6', 39.6);


INSERT INTO ClusterRep (System_id,distance_sys_virt_centre,planetsAllowed,cluster_id,angle_in_radians,cluster_description,number_stars_in_cluster)  VALUES ('U2034V2026', 1.7005714285714285E11, 'F', 'U2034V2026_1', 6.265732014659642, 'Cluster Number: 1 DOUBLESTAR_BINARY', 0);


INSERT INTO SystemRep (System_id, distance_to_galaxy_centre, ucoordinate, vcoordinate) VALUES ('U2022V2039', 3.4183357349184996E16, 2022.0, 2039.0);


INSERT INTO SystemRep (System_id, distance_to_galaxy_centre, ucoordinate, vcoordinate) VALUES ('U2034V2025', 3.4166307028499524E16, 2034.0, 2025.0);


INSERT INTO SystemRep (System_id, distance_to_galaxy_centre, ucoordinate, vcoordinate) VALUES ('U2022V2038', 3.417490581547297E16, 2022.0, 2038.0);


INSERT INTO StarRep (System_id,cluster_id,distance_clust_virt_centre,luminosity,no_planets_allowed,angle_in_radians_s,star_color,star_type,star_size)  VALUES ('U2022V2038', 'U2022V2038_0', 5.723076923076923E10, 9769.164599709547, 'F', 43.0, 'ltbl.gi.ii', 'b7', 51.333333333333336);


INSERT INTO StarRep (System_id,cluster_id,distance_clust_virt_centre,luminosity,no_planets_allowed,angle_in_radians_s,star_color,star_type,star_size)  VALUES ('U2022V2038', 'U2022V2038_0', 9.92E10, 493.45896167770314, 'F', 243.0, 'ltbl.mains', 'b8', 28.8);


INSERT INTO ClusterRep (System_id,distance_sys_virt_centre,planetsAllowed,cluster_id,angle_in_radians,cluster_description,number_stars_in_cluster)  VALUES ('U2022V2038', 2.976E12, 'F', 'U2022V2038_1', 3.193952531149623, 'Cluster Number: 1 DOUBLESTAR_BINARY', 0);


INSERT INTO SystemRep (System_id, distance_to_galaxy_centre, ucoordinate, vcoordinate) VALUES ('U2034V2024', 3.4157909355610624E16, 2034.0, 2024.0);


INSERT INTO StarRep (System_id,cluster_id,distance_clust_virt_centre,luminosity,no_planets_allowed,angle_in_radians_s,star_color,star_type,star_size)  VALUES ('U2034V2024', 'U2034V2024_0', 4.878688524590164E10, 0.09042177663989034, 'F', 346.0, 'red_.mains', 'm0', 1.255);


INSERT INTO StarRep (System_id,cluster_id,distance_clust_virt_centre,luminosity,no_planets_allowed,angle_in_radians_s,star_color,star_type,star_size)  VALUES ('U2034V2024', 'U2034V2024_0', 4.441791044776119E10, 495.0, 'F', 177.0, 'ltbl.mains', 'b8', 28.8);


INSERT INTO ClusterRep (System_id,distance_sys_virt_centre,planetsAllowed,cluster_id,angle_in_radians,cluster_description,number_stars_in_cluster)  VALUES ('U2034V2024', 2.7054545454545456E11, 'F', 'U2034V2024_1', 2.4958208303518914, 'Cluster Number: 1 DOUBLESTAR_BINARY', 0);


INSERT INTO SystemRep (System_id, distance_to_galaxy_centre, ucoordinate, vcoordinate) VALUES ('U2022V2037', 3.416645633865543E16, 2022.0, 2037.0);


INSERT INTO StarRep (System_id,cluster_id,distance_clust_virt_centre,luminosity,no_planets_allowed,angle_in_radians_s,star_color,star_type,star_size)  VALUES ('U2022V2037', 'U2022V2037_0', 5.5111111111111115E10, 0.12249663095665796, 'F', 83.0, 'orng.mains', 'k8', 1.2120000000000002);


INSERT INTO StarRep (System_id,cluster_id,distance_clust_virt_centre,luminosity,no_planets_allowed,angle_in_radians_s,star_color,star_type,star_size)  VALUES ('U2022V2037', 'U2022V2037_0', 4.509090909090909E10, 3.75E-5, 'F', 238.0, 'orng.dwarf', 'dk', 0.5633333333333334);


INSERT INTO ClusterRep (System_id,distance_sys_virt_centre,planetsAllowed,cluster_id,angle_in_radians,cluster_description,number_stars_in_cluster)  VALUES ('U2022V2037', 1.2663829787234042E11, 'F', 'U2022V2037_1', 1.361356816555577, 'Cluster Number: 1 DOUBLESTAR_BINARY', 0);


INSERT INTO SystemRep (System_id, distance_to_galaxy_centre, ucoordinate, vcoordinate) VALUES ('U2034V2023', 3.4149513767211384E16, 2034.0, 2023.0);


INSERT INTO SystemRep (System_id, distance_to_galaxy_centre, ucoordinate, vcoordinate) VALUES ('U2022V2036', 3.4158008920258804E16, 2022.0, 2036.0);


INSERT INTO StarRep (System_id,cluster_id,distance_clust_virt_centre,luminosity,no_planets_allowed,angle_in_radians_s,star_color,star_type,star_size)  VALUES ('U2022V2036', 'U2022V2036_0', 3.4604651162790695E10, 0.333, 'F', 310.0, 'orng.mains', 'k1', 1.0615);


INSERT INTO StarRep (System_id,cluster_id,distance_clust_virt_centre,luminosity,no_planets_allowed,angle_in_radians_s,star_color,star_type,star_size)  VALUES ('U2022V2036', 'U2022V2036_0', 5.5111111111111115E10, 0.945, 'F', 240.0, 'yelo.mains', 'g3', 43.8);


INSERT INTO ClusterRep (System_id,distance_sys_virt_centre,planetsAllowed,cluster_id,angle_in_radians,cluster_description,number_stars_in_cluster)  VALUES ('U2022V2036', 6.073469387755102E10, 'F', 'U2022V2036_1', 4.066617157146788, 'Cluster Number: 1 DOUBLESTAR_BINARY', 0);


INSERT INTO SystemRep (System_id, distance_to_galaxy_centre, ucoordinate, vcoordinate) VALUES ('U2034V2022', 3.414112026483958E16, 2034.0, 2022.0);


INSERT INTO SystemRep (System_id, distance_to_galaxy_centre, ucoordinate, vcoordinate) VALUES ('U2022V2035', 3.4149563561810624E16, 2022.0, 2035.0);


INSERT INTO StarRep (System_id,cluster_id,distance_clust_virt_centre,luminosity,no_planets_allowed,angle_in_radians_s,star_color,star_type,star_size)  VALUES ('U2022V2035', 'U2022V2035_0', 5.314285714285714E10, 0.408, 'F', 204.0, 'yelo.mains', 'g9', 47.4);


INSERT INTO StarRep (System_id,cluster_id,distance_clust_virt_centre,luminosity,no_planets_allowed,angle_in_radians_s,star_color,star_type,star_size)  VALUES ('U2022V2035', 'U2022V2035_0', 1.566315789473684E11, 2.317438014219879, 'F', 273.0, 'pyel.mains', 'f6', 39.6);


INSERT INTO ClusterRep (System_id,distance_sys_virt_centre,planetsAllowed,cluster_id,angle_in_radians,cluster_description,number_stars_in_cluster)  VALUES ('U2022V2035', 1.7505882352941177E11, 'F', 'U2022V2035_1', 4.642575810304916, 'Cluster Number: 1 DOUBLESTAR_BINARY', 0);


INSERT INTO SystemRep (System_id, distance_to_galaxy_centre, ucoordinate, vcoordinate) VALUES ('U2034V2021', 3.413272885003413E16, 2034.0, 2021.0);


INSERT INTO StarRep (System_id,cluster_id,distance_clust_virt_centre,luminosity,no_planets_allowed,angle_in_radians_s,star_color,star_type,star_size)  VALUES ('U2034V2021', 'U2034V2021_0', 4.723809523809524E10, 231.0, 'F', 26.0, 'orng.gi.i ', 'k3', 7.053333333333334);


INSERT INTO StarRep (System_id,cluster_id,distance_clust_virt_centre,luminosity,no_planets_allowed,angle_in_radians_s,star_color,star_type,star_size)  VALUES ('U2034V2021', 'U2034V2021_0', 5.952E11, 5.8E-5, 'F', 172.0, 'yelo.dwarf', 'dg', 0.442);


INSERT INTO ClusterRep (System_id,distance_sys_virt_centre,planetsAllowed,cluster_id,angle_in_radians,cluster_description,number_stars_in_cluster)  VALUES ('U2034V2021', 8.883582089552238E10, 'F', 'U2034V2021_1', 0.6632251157578452, 'Cluster Number: 1 DOUBLESTAR_BINARY', 0);


INSERT INTO SystemRep (System_id, distance_to_galaxy_centre, ucoordinate, vcoordinate) VALUES ('U2022V2034', 3.414112026483958E16, 2022.0, 2034.0);


INSERT INTO StarRep (System_id,cluster_id,distance_clust_virt_centre,luminosity,no_planets_allowed,angle_in_radians_s,star_color,star_type,star_size)  VALUES ('U2022V2034', 'U2022V2034_0', 5.2210526315789474E10, 0.2244, 'F', 244.0, 'orng.subdw', 'k8', 4.680000000000001);


INSERT INTO StarRep (System_id,cluster_id,distance_clust_virt_centre,luminosity,no_planets_allowed,angle_in_radians_s,star_color,star_type,star_size)  VALUES ('U2022V2034', 'U2022V2034_0', 5.410909090909091E10, 13.47824493856168, 'F', 268.0, 'whit.mains', 'a7', 34.199999999999996);


INSERT INTO ClusterRep (System_id,distance_sys_virt_centre,planetsAllowed,cluster_id,angle_in_radians,cluster_description,number_stars_in_cluster)  VALUES ('U2022V2034', 7.63076923076923E10, 'F', 'U2022V2034_1', 2.8099800957108703, 'Cluster Number: 1 DOUBLESTAR_BINARY', 0);


INSERT INTO SystemRep (System_id, distance_to_galaxy_centre, ucoordinate, vcoordinate) VALUES ('U2034V2020', 3.412433952433506E16, 2034.0, 2020.0);


INSERT INTO StarRep (System_id,cluster_id,distance_clust_virt_centre,luminosity,no_planets_allowed,angle_in_radians_s,star_color,star_type,star_size)  VALUES ('U2034V2020', 'U2034V2020_0', 3.1326315789473682E10, 2.948902579145831E-5, 'F', 252.0, 'red_.dwarf', 'dm', 0.6153333333333334);


INSERT INTO StarRep (System_id,cluster_id,distance_clust_virt_centre,luminosity,no_planets_allowed,angle_in_radians_s,star_color,star_type,star_size)  VALUES ('U2034V2020', 'U2034V2020_0', 3.234782608695652E10, 1.0, 'F', 174.0, 'yelo.mains', 'g2', 43.199999999999996);


INSERT INTO ClusterRep (System_id,distance_sys_virt_centre,planetsAllowed,cluster_id,angle_in_radians,cluster_description,number_stars_in_cluster)  VALUES ('U2034V2020', 3.132631578947368E11, 'F', 'U2034V2020_1', 3.368485456349056, 'Cluster Number: 1 DOUBLESTAR_BINARY', 0);


INSERT INTO SystemRep (System_id, distance_to_galaxy_centre, ucoordinate, vcoordinate) VALUES ('U2030V2029', 3.4166224078130964E16, 2030.0, 2029.0);


INSERT INTO StarRep (System_id,cluster_id,distance_clust_virt_centre,luminosity,no_planets_allowed,angle_in_radians_s,star_color,star_type,star_size)  VALUES ('U2030V2029', 'U2030V2029_0', 4.878688524590164E10, 0.08547012520427652, 'F', 67.0, 'red_.subdw', 'm7', 0.6406);


INSERT INTO ClusterRep (System_id,distance_sys_virt_centre,planetsAllowed,cluster_id,angle_in_radians,cluster_description,number_stars_in_cluster)  VALUES ('U2030V2029', 6.4E10, 'T', 'U2030V2029_0', 0.3665191429188092, 'Cluster Number: 0 SINGLESTAR', 1);


INSERT INTO SystemRep (System_id, distance_to_galaxy_centre, ucoordinate, vcoordinate) VALUES ('U2022V2033', 3.41326790308755E16, 2022.0, 2033.0);


INSERT INTO SystemRep (System_id, distance_to_galaxy_centre, ucoordinate, vcoordinate) VALUES ('U2030V2028', 3.4157809790672236E16, 2030.0, 2028.0);


INSERT INTO SystemRep (System_id, distance_to_galaxy_centre, ucoordinate, vcoordinate) VALUES ('U2022V2032', 3.4124239861449336E16, 2022.0, 2032.0);


INSERT INTO StarRep (System_id,cluster_id,distance_clust_virt_centre,luminosity,no_planets_allowed,angle_in_radians_s,star_color,star_type,star_size)  VALUES ('U2022V2032', 'U2022V2032_0', 3.3066666666666668E10, 0.04594542259503942, 'F', 110.0, 'red_.mains', 'm3', 0.09316666666666662);


INSERT INTO StarRep (System_id,cluster_id,distance_clust_virt_centre,luminosity,no_planets_allowed,angle_in_radians_s,star_color,star_type,star_size)  VALUES ('U2022V2032', 'U2022V2032_0', 6.920930232558139E10, 0.09098393096895509, 'F', 270.0, 'red_.mains', 'm0', 1.255);


INSERT INTO ClusterRep (System_id,distance_sys_virt_centre,planetsAllowed,cluster_id,angle_in_radians,cluster_description,number_stars_in_cluster)  VALUES ('U2022V2032', 1.984E11, 'F', 'U2022V2032_1', 5.515240436302081, 'Cluster Number: 1 DOUBLESTAR_BINARY', 0);


INSERT INTO SystemRep (System_id, distance_to_galaxy_centre, ucoordinate, vcoordinate) VALUES ('U2030V2027', 3.41493975795308E16, 2030.0, 2027.0);


INSERT INTO SystemRep (System_id, distance_to_galaxy_centre, ucoordinate, vcoordinate) VALUES ('U2022V2031', 3.4115802758093204E16, 2022.0, 2031.0);


INSERT INTO SystemRep (System_id, distance_to_galaxy_centre, ucoordinate, vcoordinate) VALUES ('U2030V2026', 3.414098744624145E16, 2030.0, 2026.0);


INSERT INTO SystemRep (System_id, distance_to_galaxy_centre, ucoordinate, vcoordinate) VALUES ('U2022V2030', 3.4107367722340344E16, 2022.0, 2030.0);


INSERT INTO StarRep (System_id,cluster_id,distance_clust_virt_centre,luminosity,no_planets_allowed,angle_in_radians_s,star_color,star_type,star_size)  VALUES ('U2022V2030', 'U2022V2030_0', 5.5111111111111115E10, 0.541110679790354, 'F', 164.0, 'red_.mains', 'm9', 0.13616666666666666);


INSERT INTO StarRep (System_id,cluster_id,distance_clust_virt_centre,luminosity,no_planets_allowed,angle_in_radians_s,star_color,star_type,star_size)  VALUES ('U2022V2030', 'U2022V2030_0', 3.629268292682927E10, 0.04592747939383964, 'F', 277.0, 'red_.mains', 'm3', 0.09316666666666662);


INSERT INTO ClusterRep (System_id,distance_sys_virt_centre,planetsAllowed,cluster_id,angle_in_radians,cluster_description,number_stars_in_cluster)  VALUES ('U2022V2030', 6.763636363636364E10, 'F', 'U2022V2030_1', 0.19198621771937624, 'Cluster Number: 1 DOUBLESTAR_BINARY', 0);


INSERT INTO SystemRep (System_id, distance_to_galaxy_centre, ucoordinate, vcoordinate) VALUES ('U2030V2025', 3.41325793923401E16, 2030.0, 2025.0);


INSERT INTO SystemRep (System_id, distance_to_galaxy_centre, ucoordinate, vcoordinate) VALUES ('U2030V2024', 3.4124173419363816E16, 2030.0, 2024.0);


INSERT INTO StarRep (System_id,cluster_id,distance_clust_virt_centre,luminosity,no_planets_allowed,angle_in_radians_s,star_color,star_type,star_size)  VALUES ('U2030V2024', 'U2030V2024_0', 2.7054545454545456E11, 1.196891912467472, 'F', 292.0, 'yelo.mains', 'g0', 42.0);


INSERT INTO ClusterRep (System_id,distance_sys_virt_centre,planetsAllowed,cluster_id,angle_in_radians,cluster_description,number_stars_in_cluster)  VALUES ('U2030V2024', 6.136082474226804E10, 'T', 'U2030V2024_0', 5.585053606381854, 'Cluster Number: 0 SINGLESTAR', 1);


INSERT INTO SystemRep (System_id, distance_to_galaxy_centre, ucoordinate, vcoordinate) VALUES ('U2030V2023', 3.4115769528850788E16, 2030.0, 2023.0);


INSERT INTO StarRep (System_id,cluster_id,distance_clust_virt_centre,luminosity,no_planets_allowed,angle_in_radians_s,star_color,star_type,star_size)  VALUES ('U2030V2023', 'U2030V2023_0', 2.2892307692307693E11, 0.0134, 'F', 332.0, 'red_.mains', 'm7', 0.12183333333333335);


INSERT INTO ClusterRep (System_id,distance_sys_virt_centre,planetsAllowed,cluster_id,angle_in_radians,cluster_description,number_stars_in_cluster)  VALUES ('U2030V2023', 8.383098591549295E10, 'T', 'U2030V2023_0', 4.747295565424577, 'Cluster Number: 0 SINGLESTAR', 1);


INSERT INTO SystemRep (System_id, distance_to_galaxy_centre, ucoordinate, vcoordinate) VALUES ('U2030V2022', 3.4107367722340344E16, 2030.0, 2022.0);


INSERT INTO StarRep (System_id,cluster_id,distance_clust_virt_centre,luminosity,no_planets_allowed,angle_in_radians_s,star_color,star_type,star_size)  VALUES ('U2030V2022', 'U2030V2022_0', 6.469565217391304E10, 0.07327060657266471, 'F', 199.0, 'red_.mains', 'm1', 0.07883333333333331);


INSERT INTO ClusterRep (System_id,distance_sys_virt_centre,planetsAllowed,cluster_id,angle_in_radians,cluster_description,number_stars_in_cluster)  VALUES ('U2030V2022', 4.578461538461539E11, 'T', 'U2030V2022_0', 5.026548245743669, 'Cluster Number: 0 SINGLESTAR', 1);


INSERT INTO SystemRep (System_id, distance_to_galaxy_centre, ucoordinate, vcoordinate) VALUES ('U2030V2021', 3.4098968001372944E16, 2030.0, 2021.0);


INSERT INTO SystemRep (System_id, distance_to_galaxy_centre, ucoordinate, vcoordinate) VALUES ('U2030V2020', 3.4090570367490188E16, 2030.0, 2020.0);


INSERT INTO SystemRep (System_id, distance_to_galaxy_centre, ucoordinate, vcoordinate) VALUES ('U2035V2039', 3.42925005571063E16, 2035.0, 2039.0);


INSERT INTO StarRep (System_id,cluster_id,distance_clust_virt_centre,luminosity,no_planets_allowed,angle_in_radians_s,star_color,star_type,star_size)  VALUES ('U2035V2039', 'U2035V2039_0', 4.878688524590164E10, 0.02724140912212853, 'F', 206.0, 'red_.mains', 'm5', 0.10750000000000004);


INSERT INTO StarRep (System_id,cluster_id,distance_clust_virt_centre,luminosity,no_planets_allowed,angle_in_radians_s,star_color,star_type,star_size)  VALUES ('U2035V2039', 'U2035V2039_0', 3.968E10, 53900.0, 'F', 16.0, 'red_.sg.i ', 'm1', 34.0);


INSERT INTO ClusterRep (System_id,distance_sys_virt_centre,planetsAllowed,cluster_id,angle_in_radians,cluster_description,number_stars_in_cluster)  VALUES ('U2035V2039', 6.469565217391304E10, 'F', 'U2035V2039_1', 1.9198621771937625, 'Cluster Number: 1 DOUBLESTAR_BINARY', 0);


INSERT INTO SystemRep (System_id, distance_to_galaxy_centre, ucoordinate, vcoordinate) VALUES ('U2035V2038', 3.4284075928825964E16, 2035.0, 2038.0);


INSERT INTO SystemRep (System_id, distance_to_galaxy_centre, ucoordinate, vcoordinate) VALUES ('U2035V2037', 3.427565336413449E16, 2035.0, 2037.0);


INSERT INTO StarRep (System_id,cluster_id,distance_clust_virt_centre,luminosity,no_planets_allowed,angle_in_radians_s,star_color,star_type,star_size)  VALUES ('U2035V2037', 'U2035V2037_0', 3.1659574468085106E10, 0.123, 'F', 73.0, 'orng.mains', 'k8', 1.2120000000000002);


INSERT INTO StarRep (System_id,cluster_id,distance_clust_virt_centre,luminosity,no_planets_allowed,angle_in_radians_s,star_color,star_type,star_size)  VALUES ('U2035V2037', 'U2035V2037_0', 4.723809523809524E10, 0.216, 'F', 18.0, 'orng.mains', 'k4', 1.126);


INSERT INTO ClusterRep (System_id,distance_sys_virt_centre,planetsAllowed,cluster_id,angle_in_radians,cluster_description,number_stars_in_cluster)  VALUES ('U2035V2037', 1.3527272727272728E11, 'F', 'U2035V2037_1', 4.625122517784973, 'Cluster Number: 1 DOUBLESTAR_BINARY', 0);


INSERT INTO SystemRep (System_id, distance_to_galaxy_centre, ucoordinate, vcoordinate) VALUES ('U2035V2036', 3.4267232864553508E16, 2035.0, 2036.0);


INSERT INTO SystemRep (System_id, distance_to_galaxy_centre, ucoordinate, vcoordinate) VALUES ('U2035V2035', 3.4258814431605772E16, 2035.0, 2035.0);


INSERT INTO StarRep (System_id,cluster_id,distance_clust_virt_centre,luminosity,no_planets_allowed,angle_in_radians_s,star_color,star_type,star_size)  VALUES ('U2035V2035', 'U2035V2035_0', 5.1310344827586205E10, 0.0466, 'F', 127.0, 'red_.mains', 'm3', 0.09316666666666662);


INSERT INTO StarRep (System_id,cluster_id,distance_clust_virt_centre,luminosity,no_planets_allowed,angle_in_radians_s,star_color,star_type,star_size)  VALUES ('U2035V2035', 'U2035V2035_0', 1.488E12, 0.12212272965414751, 'F', 25.0, 'orng.mains', 'k8', 1.2120000000000002);


INSERT INTO ClusterRep (System_id,distance_sys_virt_centre,planetsAllowed,cluster_id,angle_in_radians,cluster_description,number_stars_in_cluster)  VALUES ('U2035V2035', 1.984E12, 'F', 'U2035V2035_1', 5.585053606381854, 'Cluster Number: 1 DOUBLESTAR_BINARY', 0);


INSERT INTO SystemRep (System_id, distance_to_galaxy_centre, ucoordinate, vcoordinate) VALUES ('U2035V2034', 3.4250398066815164E16, 2035.0, 2034.0);


INSERT INTO SystemRep (System_id, distance_to_galaxy_centre, ucoordinate, vcoordinate) VALUES ('U2035V2033', 3.424198377170669E16, 2035.0, 2033.0);


INSERT INTO StarRep (System_id,cluster_id,distance_clust_virt_centre,luminosity,no_planets_allowed,angle_in_radians_s,star_color,star_type,star_size)  VALUES ('U2035V2033', 'U2035V2033_0', 3.234782608695652E10, 990000.0, 'F', 33.0, 'blue.gi.ii', 'o8', 40.0);


INSERT INTO StarRep (System_id,cluster_id,distance_clust_virt_centre,luminosity,no_planets_allowed,angle_in_radians_s,star_color,star_type,star_size)  VALUES ('U2035V2033', 'U2035V2033_0', 1.1022222222222223E11, 0.027531322821211304, 'F', 22.0, 'red_.mains', 'm5', 0.10750000000000004);


INSERT INTO ClusterRep (System_id,distance_sys_virt_centre,planetsAllowed,cluster_id,angle_in_radians,cluster_description,number_stars_in_cluster)  VALUES ('U2035V2033', 0.0, 'F', 'U2035V2033_1', 0.17453292519943295, 'Cluster Number: 1 DOUBLESTAR_BINARY', 0);


INSERT INTO SystemRep (System_id, distance_to_galaxy_centre, ucoordinate, vcoordinate) VALUES ('U2035V2032', 3.423357154780646E16, 2035.0, 2032.0);


INSERT INTO SystemRep (System_id, distance_to_galaxy_centre, ucoordinate, vcoordinate) VALUES ('U2035V2031', 3.422516139664174E16, 2035.0, 2031.0);


INSERT INTO SystemRep (System_id, distance_to_galaxy_centre, ucoordinate, vcoordinate) VALUES ('U2035V2030', 3.4216753319740904E16, 2035.0, 2030.0);


INSERT INTO SystemRep (System_id, distance_to_galaxy_centre, ucoordinate, vcoordinate) VALUES ('U2029V2039', 3.4242083091894276E16, 2029.0, 2039.0);


INSERT INTO StarRep (System_id,cluster_id,distance_clust_virt_centre,luminosity,no_planets_allowed,angle_in_radians_s,star_color,star_type,star_size)  VALUES ('U2029V2039', 'U2029V2039_0', 3.306666666666667E11, 0.046395290849082185, 'F', 252.0, 'red_.mains', 'm3', 0.09316666666666662);


INSERT INTO ClusterRep (System_id,distance_sys_virt_centre,planetsAllowed,cluster_id,angle_in_radians,cluster_description,number_stars_in_cluster)  VALUES ('U2029V2039', 2.48E11, 'T', 'U2029V2039_0', 0.15707963267948966, 'Cluster Number: 0 SINGLESTAR', 1);


INSERT INTO SystemRep (System_id, distance_to_galaxy_centre, ucoordinate, vcoordinate) VALUES ('U2029V2038', 3.423364605627861E16, 2029.0, 2038.0);


INSERT INTO StarRep (System_id,cluster_id,distance_clust_virt_centre,luminosity,no_planets_allowed,angle_in_radians_s,star_color,star_type,star_size)  VALUES ('U2029V2038', 'U2029V2038_0', 1.0628571428571428E11, 0.046570785255139115, 'F', 70.0, 'red_.mains', 'm3', 0.09316666666666662);


INSERT INTO ClusterRep (System_id,distance_sys_virt_centre,planetsAllowed,cluster_id,angle_in_radians,cluster_description,number_stars_in_cluster)  VALUES ('U2029V2038', 8.626086956521739E10, 'T', 'U2029V2038_0', 3.07177948351002, 'Cluster Number: 0 SINGLESTAR', 1);


INSERT INTO SystemRep (System_id, distance_to_galaxy_centre, ucoordinate, vcoordinate) VALUES ('U2029V2037', 3.4225211081180492E16, 2029.0, 2037.0);


INSERT INTO SystemRep (System_id, distance_to_galaxy_centre, ucoordinate, vcoordinate) VALUES ('U2029V2036', 3.421677816812378E16, 2029.0, 2036.0);


INSERT INTO StarRep (System_id,cluster_id,distance_clust_virt_centre,luminosity,no_planets_allowed,angle_in_radians_s,star_color,star_type,star_size)  VALUES ('U2029V2036', 'U2029V2036_0', 9.92E10, 2.3107346909114708, 'F', 110.0, 'pyel.mains', 'f6', 39.6);


INSERT INTO ClusterRep (System_id,distance_sys_virt_centre,planetsAllowed,cluster_id,angle_in_radians,cluster_description,number_stars_in_cluster)  VALUES ('U2029V2036', 1.3841860465116278E11, 'T', 'U2029V2036_0', 2.2165681500327987, 'Cluster Number: 0 SINGLESTAR', 1);


INSERT INTO SystemRep (System_id, distance_to_galaxy_centre, ucoordinate, vcoordinate) VALUES ('U2029V2035', 3.4208347318633444E16, 2029.0, 2035.0);


INSERT INTO SystemRep (System_id, distance_to_galaxy_centre, ucoordinate, vcoordinate) VALUES ('U2029V2034', 3.4199918534235604E16, 2029.0, 2034.0);


INSERT INTO StarRep (System_id,cluster_id,distance_clust_virt_centre,luminosity,no_planets_allowed,angle_in_radians_s,star_color,star_type,star_size)  VALUES ('U2029V2034', 'U2029V2034_0', 4.8E10, 27600.0, 'F', 337.0, 'ltbl.gi.ii', 'b5', 50.0);


INSERT INTO ClusterRep (System_id,distance_sys_virt_centre,planetsAllowed,cluster_id,angle_in_radians,cluster_description,number_stars_in_cluster)  VALUES ('U2029V2034', 7.002352941176471E10, 'T', 'U2029V2034_0', 2.4958208303518914, 'Cluster Number: 0 SINGLESTAR', 1);


INSERT INTO SystemRep (System_id, distance_to_galaxy_centre, ucoordinate, vcoordinate) VALUES ('U2029V2033', 3.4191491816457496E16, 2029.0, 2033.0);


INSERT INTO StarRep (System_id,cluster_id,distance_clust_virt_centre,luminosity,no_planets_allowed,angle_in_radians_s,star_color,star_type,star_size)  VALUES ('U2029V2033', 'U2029V2033_0', 5.1310344827586205E10, 12954.495286801597, 'F', 257.0, 'whit.sg.i ', 'a3', 10.833333333333334);


INSERT INTO ClusterRep (System_id,distance_sys_virt_centre,planetsAllowed,cluster_id,angle_in_radians,cluster_description,number_stars_in_cluster)  VALUES ('U2029V2033', 1.566315789473684E11, 'T', 'U2029V2033_0', 4.1887902047863905, 'Cluster Number: 0 SINGLESTAR', 1);


INSERT INTO SystemRep (System_id, distance_to_galaxy_centre, ucoordinate, vcoordinate) VALUES ('U2029V2032', 3.4183067166827496E16, 2029.0, 2032.0);


INSERT INTO StarRep (System_id,cluster_id,distance_clust_virt_centre,luminosity,no_planets_allowed,angle_in_radians_s,star_color,star_type,star_size)  VALUES ('U2029V2032', 'U2029V2032_0', 4.96E10, 0.123, 'F', 297.0, 'orng.mains', 'k8', 1.2120000000000002);


INSERT INTO ClusterRep (System_id,distance_sys_virt_centre,planetsAllowed,cluster_id,angle_in_radians,cluster_description,number_stars_in_cluster)  VALUES ('U2029V2032', 4.96E11, 'T', 'U2029V2032_0', 3.3510321638291125, 'Cluster Number: 0 SINGLESTAR', 1);


INSERT INTO SystemRep (System_id, distance_to_galaxy_centre, ucoordinate, vcoordinate) VALUES ('U2029V2031', 3.4174644586875104E16, 2029.0, 2031.0);


INSERT INTO StarRep (System_id,cluster_id,distance_clust_virt_centre,luminosity,no_planets_allowed,angle_in_radians_s,star_color,star_type,star_size)  VALUES ('U2029V2031', 'U2029V2031_0', 3.2E10, 0.40693202771081105, 'F', 163.0, 'yelo.mains', 'g9', 47.4);


INSERT INTO ClusterRep (System_id,distance_sys_virt_centre,planetsAllowed,cluster_id,angle_in_radians,cluster_description,number_stars_in_cluster)  VALUES ('U2029V2031', 1.1022222222222223E11, 'T', 'U2029V2031_0', 3.6302848441482056, 'Cluster Number: 0 SINGLESTAR', 1);


INSERT INTO SystemRep (System_id, distance_to_galaxy_centre, ucoordinate, vcoordinate) VALUES ('U2029V2030', 3.4166224078130964E16, 2029.0, 2030.0);


INSERT INTO StarRep (System_id,cluster_id,distance_clust_virt_centre,luminosity,no_planets_allowed,angle_in_radians_s,star_color,star_type,star_size)  VALUES ('U2029V2030', 'U2029V2030_0', 5.2210526315789474E10, 0.21509879335016657, 'F', 217.0, 'orng.mains', 'k4', 1.126);


INSERT INTO ClusterRep (System_id,distance_sys_virt_centre,planetsAllowed,cluster_id,angle_in_radians,cluster_description,number_stars_in_cluster)  VALUES ('U2029V2030', 9.3E10, 'T', 'U2029V2030_0', 5.044001538263612, 'Cluster Number: 0 SINGLESTAR', 1);


INSERT INTO SystemRep (System_id, distance_to_galaxy_centre, ucoordinate, vcoordinate) VALUES ('U2023V2039', 3.4191740483058184E16, 2023.0, 2039.0);


INSERT INTO StarRep (System_id,cluster_id,distance_clust_virt_centre,luminosity,no_planets_allowed,angle_in_radians_s,star_color,star_type,star_size)  VALUES ('U2023V2039', 'U2023V2039_0', 8.752941176470589E10, 1.0, 'F', 135.0, 'yelo.mains', 'g2', 43.199999999999996);


INSERT INTO StarRep (System_id,cluster_id,distance_clust_virt_centre,luminosity,no_planets_allowed,angle_in_radians_s,star_color,star_type,star_size)  VALUES ('U2023V2039', 'U2023V2039_0', 8.266666666666667E10, 0.0734, 'F', 205.0, 'red_.mains', 'm1', 0.07883333333333331);


INSERT INTO ClusterRep (System_id,distance_sys_virt_centre,planetsAllowed,cluster_id,angle_in_radians,cluster_description,number_stars_in_cluster)  VALUES ('U2023V2039', 5.410909090909091E11, 'F', 'U2023V2039_1', 4.642575810304916, 'Cluster Number: 1 DOUBLESTAR_BINARY', 0);


INSERT INTO SystemRep (System_id, distance_to_galaxy_centre, ucoordinate, vcoordinate) VALUES ('U2023V2038', 3.4183291022006176E16, 2023.0, 2038.0);


INSERT INTO StarRep (System_id,cluster_id,distance_clust_virt_centre,luminosity,no_planets_allowed,angle_in_radians_s,star_color,star_type,star_size)  VALUES ('U2023V2038', 'U2023V2038_0', 4.376470588235294E10, 0.0734, 'F', 42.0, 'red_.mains', 'm1', 0.07883333333333331);


INSERT INTO StarRep (System_id,cluster_id,distance_clust_virt_centre,luminosity,no_planets_allowed,angle_in_radians_s,star_color,star_type,star_size)  VALUES ('U2023V2038', 'U2023V2038_0', 4.96E10, 0.0134, 'F', 202.0, 'red_.mains', 'm7', 0.12183333333333335);


INSERT INTO ClusterRep (System_id,distance_sys_virt_centre,planetsAllowed,cluster_id,angle_in_radians,cluster_description,number_stars_in_cluster)  VALUES ('U2023V2038', 8.502857142857142E11, 'F', 'U2023V2038_1', 5.515240436302081, 'Cluster Number: 1 DOUBLESTAR_BINARY', 0);


INSERT INTO SystemRep (System_id, distance_to_galaxy_centre, ucoordinate, vcoordinate) VALUES ('U2023V2037', 3.4174843618368876E16, 2023.0, 2037.0);


INSERT INTO SystemRep (System_id, distance_to_galaxy_centre, ucoordinate, vcoordinate) VALUES ('U2023V2036', 3.4166398273672336E16, 2023.0, 2036.0);


INSERT INTO StarRep (System_id,cluster_id,distance_clust_virt_centre,luminosity,no_planets_allowed,angle_in_radians_s,star_color,star_type,star_size)  VALUES ('U2023V2036', 'U2023V2036_0', 3.068041237113402E10, 2.32, 'F', 189.0, 'pyel.mains', 'f6', 39.6);


INSERT INTO StarRep (System_id,cluster_id,distance_clust_virt_centre,luminosity,no_planets_allowed,angle_in_radians_s,star_color,star_type,star_size)  VALUES ('U2023V2036', 'U2023V2036_0', 4.021621621621622E10, 0.027287352470220676, 'F', 213.0, 'red_.mains', 'm5', 0.10750000000000004);


INSERT INTO ClusterRep (System_id,distance_sys_virt_centre,planetsAllowed,cluster_id,angle_in_radians,cluster_description,number_stars_in_cluster)  VALUES ('U2023V2036', 8.752941176470589E10, 'F', 'U2023V2036_1', 5.6199601914217405, 'Cluster Number: 1 DOUBLESTAR_BINARY', 0);


INSERT INTO SystemRep (System_id, distance_to_galaxy_centre, ucoordinate, vcoordinate) VALUES ('U2023V2035', 3.4157954989443732E16, 2023.0, 2035.0);


INSERT INTO StarRep (System_id,cluster_id,distance_clust_virt_centre,luminosity,no_planets_allowed,angle_in_radians_s,star_color,star_type,star_size)  VALUES ('U2023V2035', 'U2023V2035_0', 0.0, 2.8E-5, 'F', 228.0, 'red_.dwarf', 'dm', 0.6413333333333334);


INSERT INTO StarRep (System_id,cluster_id,distance_clust_virt_centre,luminosity,no_planets_allowed,angle_in_radians_s,star_color,star_type,star_size)  VALUES ('U2023V2035', 'U2023V2035_0', 2.7054545454545456E11, 0.21486670816993206, 'F', 208.0, 'orng.mains', 'k4', 1.126);


INSERT INTO ClusterRep (System_id,distance_sys_virt_centre,planetsAllowed,cluster_id,angle_in_radians,cluster_description,number_stars_in_cluster)  VALUES ('U2023V2035', 4.251428571428571E11, 'F', 'U2023V2035_1', 3.7699111843077517, 'Cluster Number: 1 DOUBLESTAR_BINARY', 0);


INSERT INTO SystemRep (System_id, distance_to_galaxy_centre, ucoordinate, vcoordinate) VALUES ('U2023V2034', 3.4149513767211384E16, 2023.0, 2034.0);


INSERT INTO StarRep (System_id,cluster_id,distance_clust_virt_centre,luminosity,no_planets_allowed,angle_in_radians_s,star_color,star_type,star_size)  VALUES ('U2023V2034', 'U2023V2034_0', 9.3E10, 0.01335139873685463, 'F', 95.0, 'red_.mains', 'm7', 0.12183333333333335);


INSERT INTO StarRep (System_id,cluster_id,distance_clust_virt_centre,luminosity,no_planets_allowed,angle_in_radians_s,star_color,star_type,star_size)  VALUES ('U2023V2034', 'U2023V2034_0', 3.036734693877551E10, 3.9983992625149956E-5, 'F', 210.0, 'orng.dwarf', 'dk', 0.52);


INSERT INTO ClusterRep (System_id,distance_sys_virt_centre,planetsAllowed,cluster_id,angle_in_radians,cluster_description,number_stars_in_cluster)  VALUES ('U2023V2034', 9.156923076923077E10, 'F', 'U2023V2034_1', 0.19198621771937624, 'Cluster Number: 1 DOUBLESTAR_BINARY', 0);


INSERT INTO SystemRep (System_id, distance_to_galaxy_centre, ucoordinate, vcoordinate) VALUES ('U2023V2033', 3.414107460850475E16, 2023.0, 2033.0);


INSERT INTO StarRep (System_id,cluster_id,distance_clust_virt_centre,luminosity,no_planets_allowed,angle_in_radians_s,star_color,star_type,star_size)  VALUES ('U2023V2033', 'U2023V2033_0', 3.1326315789473682E10, 3.7487219512876994E-5, 'F', 149.0, 'orng.dwarf', 'dk', 0.5633333333333334);


INSERT INTO StarRep (System_id,cluster_id,distance_clust_virt_centre,luminosity,no_planets_allowed,angle_in_radians_s,star_color,star_type,star_size)  VALUES ('U2023V2033', 'U2023V2033_0', 7.83157894736842E10, 2.5992494174751265E-5, 'F', 217.0, 'red_.dwarf', 'dm', 0.676);


INSERT INTO ClusterRep (System_id,distance_sys_virt_centre,planetsAllowed,cluster_id,angle_in_radians,cluster_description,number_stars_in_cluster)  VALUES ('U2023V2033', 2.48E11, 'F', 'U2023V2033_1', 1.1693705988362006, 'Cluster Number: 1 DOUBLESTAR_BINARY', 0);


INSERT INTO SystemRep (System_id, distance_to_galaxy_centre, ucoordinate, vcoordinate) VALUES ('U2023V2032', 3.4132637514854428E16, 2023.0, 2032.0);


INSERT INTO SystemRep (System_id, distance_to_galaxy_centre, ucoordinate, vcoordinate) VALUES ('U2023V2031', 3.4124202487792148E16, 2023.0, 2031.0);


INSERT INTO SystemRep (System_id, distance_to_galaxy_centre, ucoordinate, vcoordinate) VALUES ('U2023V2030', 3.4115769528850788E16, 2023.0, 2030.0);


INSERT INTO SystemRep (System_id, distance_to_galaxy_centre, ucoordinate, vcoordinate) VALUES ('U2028V2029', 3.414938928039563E16, 2028.0, 2029.0);


INSERT INTO StarRep (System_id,cluster_id,distance_clust_virt_centre,luminosity,no_planets_allowed,angle_in_radians_s,star_color,star_type,star_size)  VALUES ('U2028V2029', 'U2028V2029_0', 8.043243243243243E10, 1.1961329249677686, 'F', 269.0, 'yelo.mains', 'g0', 42.0);


INSERT INTO ClusterRep (System_id,distance_sys_virt_centre,planetsAllowed,cluster_id,angle_in_radians,cluster_description,number_stars_in_cluster)  VALUES ('U2028V2029', 1.6086486486486487E11, 'T', 'U2028V2029_0', 5.113814708343385, 'Cluster Number: 0 SINGLESTAR', 1);


INSERT INTO SystemRep (System_id, distance_to_galaxy_centre, ucoordinate, vcoordinate) VALUES ('U2028V2028', 3.4140970843880348E16, 2028.0, 2028.0);


INSERT INTO StarRep (System_id,cluster_id,distance_clust_virt_centre,luminosity,no_planets_allowed,angle_in_radians_s,star_color,star_type,star_size)  VALUES ('U2028V2028', 'U2028V2028_0', 4.251428571428571E10, 43.148670245575836, 'F', 136.0, 'pyel.gi.i ', 'f5', 7.1);


INSERT INTO ClusterRep (System_id,distance_sys_virt_centre,planetsAllowed,cluster_id,angle_in_radians,cluster_description,number_stars_in_cluster)  VALUES ('U2028V2028', 7.534177215189873E10, 'T', 'U2028V2028_0', 5.3930673886624785, 'Cluster Number: 0 SINGLESTAR', 1);


INSERT INTO SystemRep (System_id, distance_to_galaxy_centre, ucoordinate, vcoordinate) VALUES ('U2028V2027', 3.41325544826608E16, 2028.0, 2027.0);


INSERT INTO StarRep (System_id,cluster_id,distance_clust_virt_centre,luminosity,no_planets_allowed,angle_in_radians_s,star_color,star_type,star_size)  VALUES ('U2028V2027', 'U2028V2027_0', 9.018181818181818E10, 1.55, 'F', 189.0, 'pyel.mains', 'f8', 40.8);


INSERT INTO ClusterRep (System_id,distance_sys_virt_centre,planetsAllowed,cluster_id,angle_in_radians,cluster_description,number_stars_in_cluster)  VALUES ('U2028V2027', 6.6133333333333336E10, 'T', 'U2028V2027_0', 0.5235987755982988, 'Cluster Number: 0 SINGLESTAR', 1);


INSERT INTO SystemRep (System_id, distance_to_galaxy_centre, ucoordinate, vcoordinate) VALUES ('U2028V2026', 3.412414019827254E16, 2028.0, 2026.0);


INSERT INTO StarRep (System_id,cluster_id,distance_clust_virt_centre,luminosity,no_planets_allowed,angle_in_radians_s,star_color,star_type,star_size)  VALUES ('U2028V2026', 'U2028V2026_0', 4.509090909090909E10, 987769.0894502992, 'F', 56.0, 'blue.gi.ii', 'o8', 40.0);


INSERT INTO ClusterRep (System_id,distance_sys_virt_centre,planetsAllowed,cluster_id,angle_in_radians,cluster_description,number_stars_in_cluster)  VALUES ('U2028V2026', 1.86E11, 'T', 'U2028V2026_0', 0.8028514559173915, 'Cluster Number: 0 SINGLESTAR', 1);


INSERT INTO SystemRep (System_id, distance_to_galaxy_centre, ucoordinate, vcoordinate) VALUES ('U2028V2025', 3.4115727992252256E16, 2028.0, 2025.0);


INSERT INTO SystemRep (System_id, distance_to_galaxy_centre, ucoordinate, vcoordinate) VALUES ('U2028V2024', 3.410731786613776E16, 2028.0, 2024.0);


INSERT INTO StarRep (System_id,cluster_id,distance_clust_virt_centre,luminosity,no_planets_allowed,angle_in_radians_s,star_color,star_type,star_size)  VALUES ('U2028V2024', 'U2028V2024_0', 4.65E10, 0.12214444684448687, 'F', 16.0, 'orng.mains', 'k8', 1.2120000000000002);


INSERT INTO ClusterRep (System_id,distance_sys_virt_centre,planetsAllowed,cluster_id,angle_in_radians,cluster_description,number_stars_in_cluster)  VALUES ('U2028V2024', 1.0262068965517241E11, 'T', 'U2028V2024_0', 1.6580627893946132, 'Cluster Number: 0 SINGLESTAR', 1);


INSERT INTO SystemRep (System_id, distance_to_galaxy_centre, ucoordinate, vcoordinate) VALUES ('U2028V2023', 3.4098909821468016E16, 2028.0, 2023.0);


INSERT INTO SystemRep (System_id, distance_to_galaxy_centre, ucoordinate, vcoordinate) VALUES ('U2028V2022', 3.4090503859783124E16, 2028.0, 2022.0);


INSERT INTO StarRep (System_id,cluster_id,distance_clust_virt_centre,luminosity,no_planets_allowed,angle_in_radians_s,star_color,star_type,star_size)  VALUES ('U2028V2022', 'U2028V2022_0', 3.1E10, 0.333, 'F', 243.0, 'orng.mains', 'k1', 1.0615);


INSERT INTO ClusterRep (System_id,distance_sys_virt_centre,planetsAllowed,cluster_id,angle_in_radians,cluster_description,number_stars_in_cluster)  VALUES ('U2028V2022', 5.952E12, 'T', 'U2028V2022_0', 1.9373154697137058, 'Cluster Number: 0 SINGLESTAR', 1);


INSERT INTO SystemRep (System_id, distance_to_galaxy_centre, ucoordinate, vcoordinate) VALUES ('U2028V2021', 3.4082099982624308E16, 2028.0, 2021.0);


INSERT INTO SystemRep (System_id, distance_to_galaxy_centre, ucoordinate, vcoordinate) VALUES ('U2028V2020', 3.407369819153395E16, 2028.0, 2020.0);


INSERT INTO StarRep (System_id,cluster_id,distance_clust_virt_centre,luminosity,no_planets_allowed,angle_in_radians_s,star_color,star_type,star_size)  VALUES ('U2028V2020', 'U2028V2020_0', 9.3E10, 0.0276, 'F', 150.0, 'red_.mains', 'm5', 0.10750000000000004);


INSERT INTO ClusterRep (System_id,distance_sys_virt_centre,planetsAllowed,cluster_id,angle_in_radians,cluster_description,number_stars_in_cluster)  VALUES ('U2028V2020', 3.5011764705882355E11, 'T', 'U2028V2020_0', 1.3788101090755203, 'Cluster Number: 0 SINGLESTAR', 1);


INSERT INTO SystemRep (System_id, distance_to_galaxy_centre, ucoordinate, vcoordinate) VALUES ('U2024V2029', 3.4115744606897736E16, 2024.0, 2029.0);


INSERT INTO StarRep (System_id,cluster_id,distance_clust_virt_centre,luminosity,no_planets_allowed,angle_in_radians_s,star_color,star_type,star_size)  VALUES ('U2024V2029', 'U2024V2029_0', 3.2E10, 2.2997694072346095, 'F', 199.0, 'pyel.mains', 'f6', 39.6);


INSERT INTO StarRep (System_id,cluster_id,distance_clust_virt_centre,luminosity,no_planets_allowed,angle_in_radians_s,star_color,star_type,star_size)  VALUES ('U2024V2029', 'U2024V2029_0', 8.043243243243243E10, 2.3048118298988705, 'F', 144.0, 'pyel.mains', 'f6', 39.6);


INSERT INTO ClusterRep (System_id,distance_sys_virt_centre,planetsAllowed,cluster_id,angle_in_radians,cluster_description,number_stars_in_cluster)  VALUES ('U2024V2029', 6.540659340659341E10, 'F', 'U2024V2029_1', 0.4886921905584123, 'Cluster Number: 1 DOUBLESTAR_BINARY', 0);


INSERT INTO SystemRep (System_id, distance_to_galaxy_centre, ucoordinate, vcoordinate) VALUES ('U2024V2028', 3.410731786613776E16, 2024.0, 2028.0);


INSERT INTO StarRep (System_id,cluster_id,distance_clust_virt_centre,luminosity,no_planets_allowed,angle_in_radians_s,star_color,star_type,star_size)  VALUES ('U2024V2028', 'U2024V2028_0', 8.266666666666667E10, 0.013386625510341902, 'F', 175.0, 'red_.mains', 'm7', 0.12183333333333335);


INSERT INTO StarRep (System_id,cluster_id,distance_clust_virt_centre,luminosity,no_planets_allowed,angle_in_radians_s,star_color,star_type,star_size)  VALUES ('U2024V2028', 'U2024V2028_0', 4.1333333333333336E10, 0.408, 'F', 201.0, 'yelo.mains', 'g9', 47.4);


INSERT INTO ClusterRep (System_id,distance_sys_virt_centre,planetsAllowed,cluster_id,angle_in_radians,cluster_description,number_stars_in_cluster)  VALUES ('U2024V2028', 1.0821818181818182E11, 'F', 'U2024V2028_1', 2.8099800957108703, 'Cluster Number: 1 DOUBLESTAR_BINARY', 0);


INSERT INTO SystemRep (System_id, distance_to_galaxy_centre, ucoordinate, vcoordinate) VALUES ('U2024V2027', 3.4098893198619804E16, 2024.0, 2027.0);


INSERT INTO SystemRep (System_id, distance_to_galaxy_centre, ucoordinate, vcoordinate) VALUES ('U2024V2026', 3.4090470605880932E16, 2024.0, 2026.0);


INSERT INTO StarRep (System_id,cluster_id,distance_clust_virt_centre,luminosity,no_planets_allowed,angle_in_radians_s,star_color,star_type,star_size)  VALUES ('U2024V2026', 'U2024V2026_0', 7.83157894736842E10, 0.9419664328828036, 'F', 215.0, 'yelo.mains', 'g3', 43.8);


INSERT INTO StarRep (System_id,cluster_id,distance_clust_virt_centre,luminosity,no_planets_allowed,angle_in_radians_s,star_color,star_type,star_size)  VALUES ('U2024V2026', 'U2024V2026_0', 3.306666666666667E11, 82.0, 'F', 196.0, 'yelo.gi.i ', 'g8', 5.52);


INSERT INTO ClusterRep (System_id,distance_sys_virt_centre,planetsAllowed,cluster_id,angle_in_radians,cluster_description,number_stars_in_cluster)  VALUES ('U2024V2026', 5.952E12, 'F', 'U2024V2026_1', 0.9773843811168246, 'Cluster Number: 1 DOUBLESTAR_BINARY', 0);


INSERT INTO SystemRep (System_id, distance_to_galaxy_centre, ucoordinate, vcoordinate) VALUES ('U2024V2025', 3.408205008945935E16, 2024.0, 2025.0);


INSERT INTO SystemRep (System_id, distance_to_galaxy_centre, ucoordinate, vcoordinate) VALUES ('U2024V2024', 3.407363165089439E16, 2024.0, 2024.0);


INSERT INTO SystemRep (System_id, distance_to_galaxy_centre, ucoordinate, vcoordinate) VALUES ('U2024V2023', 3.4065215291726544E16, 2024.0, 2023.0);


INSERT INTO StarRep (System_id,cluster_id,distance_clust_virt_centre,luminosity,no_planets_allowed,angle_in_radians_s,star_color,star_type,star_size)  VALUES ('U2024V2023', 'U2024V2023_0', 4.251428571428571E10, 12300.0, 'F', 81.0, 'ltbl.mains', 'b3', 25.8);


INSERT INTO StarRep (System_id,cluster_id,distance_clust_virt_centre,luminosity,no_planets_allowed,angle_in_radians_s,star_color,star_type,star_size)  VALUES ('U2024V2023', 'U2024V2023_0', 3.1E10, 0.162, 'F', 198.0, 'orng.mains', 'k6', 1.169);


INSERT INTO ClusterRep (System_id,distance_sys_virt_centre,planetsAllowed,cluster_id,angle_in_radians,cluster_description,number_stars_in_cluster)  VALUES ('U2024V2023', 1.1446153846153847E11, 'F', 'U2024V2023_1', 3.6826447217080354, 'Cluster Number: 1 DOUBLESTAR_BINARY', 0);


INSERT INTO SystemRep (System_id, distance_to_galaxy_centre, ucoordinate, vcoordinate) VALUES ('U2024V2022', 3.4056801013497436E16, 2024.0, 2022.0);


INSERT INTO SystemRep (System_id, distance_to_galaxy_centre, ucoordinate, vcoordinate) VALUES ('U2024V2021', 3.4048388817749836E16, 2024.0, 2021.0);


INSERT INTO SystemRep (System_id, distance_to_galaxy_centre, ucoordinate, vcoordinate) VALUES ('U2024V2020', 3.4039978706027652E16, 2024.0, 2020.0);


INSERT INTO SystemRep (System_id, distance_to_galaxy_centre, ucoordinate, vcoordinate) VALUES ('U2020V2029', 3.4082133244693708E16, 2020.0, 2029.0);


INSERT INTO StarRep (System_id,cluster_id,distance_clust_virt_centre,luminosity,no_planets_allowed,angle_in_radians_s,star_color,star_type,star_size)  VALUES ('U2020V2029', 'U2020V2029_0', 5.952E11, 2.304929291544648, 'F', 299.0, 'pyel.mains', 'f6', 39.6);


INSERT INTO StarRep (System_id,cluster_id,distance_clust_virt_centre,luminosity,no_planets_allowed,angle_in_radians_s,star_color,star_type,star_size)  VALUES ('U2020V2029', 'U2020V2029_0', 4.65E10, 0.21578497613138808, 'F', 316.0, 'orng.mains', 'k4', 1.126);


INSERT INTO ClusterRep (System_id,distance_sys_virt_centre,planetsAllowed,cluster_id,angle_in_radians,cluster_description,number_stars_in_cluster)  VALUES ('U2020V2029', 1.86E11, 'F', 'U2020V2029_1', 1.4486232791552935, 'Cluster Number: 1 DOUBLESTAR_BINARY', 0);


INSERT INTO SystemRep (System_id, distance_to_galaxy_centre, ucoordinate, vcoordinate) VALUES ('U2020V2028', 3.407369819153395E16, 2020.0, 2028.0);


INSERT INTO SystemRep (System_id, distance_to_galaxy_centre, ucoordinate, vcoordinate) VALUES ('U2020V2027', 3.4065265209548332E16, 2020.0, 2027.0);


INSERT INTO SystemRep (System_id, distance_to_galaxy_centre, ucoordinate, vcoordinate) VALUES ('U2020V2026', 3.4056834300275412E16, 2020.0, 2026.0);


INSERT INTO SystemRep (System_id, distance_to_galaxy_centre, ucoordinate, vcoordinate) VALUES ('U2020V2025', 3.4048405465254904E16, 2020.0, 2025.0);


INSERT INTO SystemRep (System_id, distance_to_galaxy_centre, ucoordinate, vcoordinate) VALUES ('U2020V2024', 3.4039978706027652E16, 2020.0, 2024.0);


INSERT INTO SystemRep (System_id, distance_to_galaxy_centre, ucoordinate, vcoordinate) VALUES ('U2020V2023', 3.403155402413566E16, 2020.0, 2023.0);


INSERT INTO StarRep (System_id,cluster_id,distance_clust_virt_centre,luminosity,no_planets_allowed,angle_in_radians_s,star_color,star_type,star_size)  VALUES ('U2020V2023', 'U2020V2023_0', 2.976E12, 0.2808321675561322, 'F', 219.0, 'orng.mains', 'k2', 1.0830000000000002);


INSERT INTO StarRep (System_id,cluster_id,distance_clust_virt_centre,luminosity,no_planets_allowed,angle_in_radians_s,star_color,star_type,star_size)  VALUES ('U2020V2023', 'U2020V2023_0', 3.2703296703296703E10, 7.65, 'F', 325.0, 'pyel.mains', 'f1', 36.599999999999994);


INSERT INTO ClusterRep (System_id,distance_sys_virt_centre,planetsAllowed,cluster_id,angle_in_radians,cluster_description,number_stars_in_cluster)  VALUES ('U2020V2023', 1.417142857142857E11, 'F', 'U2020V2023_1', 5.131268000863329, 'Cluster Number: 1 DOUBLESTAR_BINARY', 0);


INSERT INTO SystemRep (System_id, distance_to_galaxy_centre, ucoordinate, vcoordinate) VALUES ('U2020V2022', 3.402313142112207E16, 2020.0, 2022.0);


INSERT INTO SystemRep (System_id, distance_to_galaxy_centre, ucoordinate, vcoordinate) VALUES ('U2020V2021', 3.4014710898531184E16, 2020.0, 2021.0);


INSERT INTO SystemRep (System_id, distance_to_galaxy_centre, ucoordinate, vcoordinate) VALUES ('U2020V2020', 3.400629245790843E16, 2020.0, 2020.0);


INSERT INTO StarRep (System_id,cluster_id,distance_clust_virt_centre,luminosity,no_planets_allowed,angle_in_radians_s,star_color,star_type,star_size)  VALUES ('U2020V2020', 'U2020V2020_0', 6.469565217391304E10, 0.013333315325645986, 'F', 5.0, 'red_.mains', 'm7', 0.12183333333333335);


INSERT INTO StarRep (System_id,cluster_id,distance_clust_virt_centre,luminosity,no_planets_allowed,angle_in_radians_s,star_color,star_type,star_size)  VALUES ('U2020V2020', 'U2020V2020_0', 8.266666666666667E10, 0.0466, 'F', 295.0, 'red_.mains', 'm3', 0.09316666666666662);


INSERT INTO ClusterRep (System_id,distance_sys_virt_centre,planetsAllowed,cluster_id,angle_in_radians,cluster_description,number_stars_in_cluster)  VALUES ('U2020V2020', 6.613333333333334E11, 'F', 'U2020V2020_1', 1.2566370614359172, 'Cluster Number: 1 DOUBLESTAR_BINARY', 0);


INSERT INTO SystemRep (System_id, distance_to_galaxy_centre, ucoordinate, vcoordinate) VALUES ('U2037V2029', 3.4225211081180492E16, 2037.0, 2029.0);


INSERT INTO SystemRep (System_id, distance_to_galaxy_centre, ucoordinate, vcoordinate) VALUES ('U2037V2028', 3.4216811299272876E16, 2037.0, 2028.0);


INSERT INTO SystemRep (System_id, distance_to_galaxy_centre, ucoordinate, vcoordinate) VALUES ('U2037V2027', 3.4208413597230256E16, 2037.0, 2027.0);


INSERT INTO StarRep (System_id,cluster_id,distance_clust_virt_centre,luminosity,no_planets_allowed,angle_in_radians_s,star_color,star_type,star_size)  VALUES ('U2037V2027', 'U2037V2027_0', 3.1326315789473682E10, 0.01331547451551778, 'F', 32.0, 'red_.mains', 'm7', 0.12183333333333335);


INSERT INTO StarRep (System_id,cluster_id,distance_clust_virt_centre,luminosity,no_planets_allowed,angle_in_radians_s,star_color,star_type,star_size)  VALUES ('U2037V2027', 'U2037V2027_0', 3.542857142857143E10, 0.33054131232091927, 'F', 334.0, 'orng.mains', 'k1', 1.0615);


INSERT INTO ClusterRep (System_id,distance_sys_virt_centre,planetsAllowed,cluster_id,angle_in_radians,cluster_description,number_stars_in_cluster)  VALUES ('U2037V2027', 1.24E11, 'F', 'U2037V2027_1', 3.9618974020271276, 'Cluster Number: 1 DOUBLESTAR_BINARY', 0);


INSERT INTO SystemRep (System_id, distance_to_galaxy_centre, ucoordinate, vcoordinate) VALUES ('U2037V2026', 3.4200017976584748E16, 2037.0, 2026.0);


INSERT INTO StarRep (System_id,cluster_id,distance_clust_virt_centre,luminosity,no_planets_allowed,angle_in_radians_s,star_color,star_type,star_size)  VALUES ('U2037V2026', 'U2037V2026_0', 1.0262068965517241E11, 0.0734, 'F', 259.0, 'red_.mains', 'm1', 0.07883333333333331);


INSERT INTO StarRep (System_id,cluster_id,distance_clust_virt_centre,luminosity,no_planets_allowed,angle_in_radians_s,star_color,star_type,star_size)  VALUES ('U2037V2026', 'U2037V2026_0', 4.1333333333333336E10, 0.013296939430891991, 'F', 336.0, 'red_.mains', 'm7', 0.12183333333333335);


INSERT INTO ClusterRep (System_id,distance_sys_virt_centre,planetsAllowed,cluster_id,angle_in_radians,cluster_description,number_stars_in_cluster)  VALUES ('U2037V2026', 0.0, 'F', 'U2037V2026_1', 0.3839724354387525, 'Cluster Number: 1 DOUBLESTAR_BINARY', 0);


INSERT INTO SystemRep (System_id, distance_to_galaxy_centre, ucoordinate, vcoordinate) VALUES ('U2037V2025', 3.4191624438869588E16, 2037.0, 2025.0);


INSERT INTO SystemRep (System_id, distance_to_galaxy_centre, ucoordinate, vcoordinate) VALUES ('U2037V2024', 3.4183232985619136E16, 2037.0, 2024.0);


INSERT INTO StarRep (System_id,cluster_id,distance_clust_virt_centre,luminosity,no_planets_allowed,angle_in_radians_s,star_color,star_type,star_size)  VALUES ('U2037V2024', 'U2037V2024_0', 6.6133333333333336E10, 7.64246004998189, 'F', 257.0, 'pyel.mains', 'f1', 36.599999999999994);


INSERT INTO StarRep (System_id,cluster_id,distance_clust_virt_centre,luminosity,no_planets_allowed,angle_in_radians_s,star_color,star_type,star_size)  VALUES ('U2037V2024', 'U2037V2024_0', 9.92E11, 2.302419674755602, 'F', 295.0, 'pyel.mains', 'f6', 39.6);


INSERT INTO ClusterRep (System_id,distance_sys_virt_centre,planetsAllowed,cluster_id,angle_in_radians,cluster_description,number_stars_in_cluster)  VALUES ('U2037V2024', 1.1904E12, 'F', 'U2037V2024_1', 2.705260340591211, 'Cluster Number: 1 DOUBLESTAR_BINARY', 0);


INSERT INTO SystemRep (System_id, distance_to_galaxy_centre, ucoordinate, vcoordinate) VALUES ('U2037V2023', 3.4174843618368876E16, 2037.0, 2023.0);


INSERT INTO StarRep (System_id,cluster_id,distance_clust_virt_centre,luminosity,no_planets_allowed,angle_in_radians_s,star_color,star_type,star_size)  VALUES ('U2037V2023', 'U2037V2023_0', 3.815384615384615E10, 119000.0, 'F', 124.0, 'red_.sg.ii', 'm1', 101.66666666666666);


INSERT INTO StarRep (System_id,cluster_id,distance_clust_virt_centre,luminosity,no_planets_allowed,angle_in_radians_s,star_color,star_type,star_size)  VALUES ('U2037V2023', 'U2037V2023_0', 3.343820224719101E10, 0.3493354988479408, 'F', 297.0, 'orng.subdw', 'k4', 4.44);


INSERT INTO ClusterRep (System_id,distance_sys_virt_centre,planetsAllowed,cluster_id,angle_in_radians,cluster_description,number_stars_in_cluster)  VALUES ('U2037V2023', 1.0628571428571428E11, 'F', 'U2037V2023_1', 5.410520681182422, 'Cluster Number: 1 DOUBLESTAR_BINARY', 0);


INSERT INTO SystemRep (System_id, distance_to_galaxy_centre, ucoordinate, vcoordinate) VALUES ('U2037V2022', 3.416645633865543E16, 2037.0, 2022.0);


INSERT INTO StarRep (System_id,cluster_id,distance_clust_virt_centre,luminosity,no_planets_allowed,angle_in_radians_s,star_color,star_type,star_size)  VALUES ('U2037V2022', 'U2037V2022_0', 3.72E10, 0.2149778475300244, 'F', 164.0, 'orng.mains', 'k4', 1.126);


INSERT INTO StarRep (System_id,cluster_id,distance_clust_virt_centre,luminosity,no_planets_allowed,angle_in_radians_s,star_color,star_type,star_size)  VALUES ('U2037V2022', 'U2037V2022_0', 1.1022222222222223E11, 0.09042700088048813, 'F', 292.0, 'red_.mains', 'm0', 1.255);


INSERT INTO ClusterRep (System_id,distance_sys_virt_centre,planetsAllowed,cluster_id,angle_in_radians,cluster_description,number_stars_in_cluster)  VALUES ('U2037V2022', 5.952E12, 'F', 'U2037V2022_1', 3.560471674068432, 'Cluster Number: 1 DOUBLESTAR_BINARY', 0);


INSERT INTO SystemRep (System_id, distance_to_galaxy_centre, ucoordinate, vcoordinate) VALUES ('U2037V2021', 3.415807114801654E16, 2037.0, 2021.0);


INSERT INTO SystemRep (System_id, distance_to_galaxy_centre, ucoordinate, vcoordinate) VALUES ('U2037V2020', 3.4149688047991068E16, 2037.0, 2020.0);


INSERT INTO SystemRep (System_id, distance_to_galaxy_centre, ucoordinate, vcoordinate) VALUES ('U2033V2029', 3.4191491816457496E16, 2033.0, 2029.0);


INSERT INTO SystemRep (System_id, distance_to_galaxy_centre, ucoordinate, vcoordinate) VALUES ('U2033V2028', 3.4183083748742856E16, 2033.0, 2028.0);


INSERT INTO StarRep (System_id,cluster_id,distance_clust_virt_centre,luminosity,no_planets_allowed,angle_in_radians_s,star_color,star_type,star_size)  VALUES ('U2033V2028', 'U2033V2028_0', 5.1310344827586205E10, 0.123, 'F', 266.0, 'orng.mains', 'k8', 1.2120000000000002);


INSERT INTO StarRep (System_id,cluster_id,distance_clust_virt_centre,luminosity,no_planets_allowed,angle_in_radians_s,star_color,star_type,star_size)  VALUES ('U2033V2028', 'U2033V2028_0', 3.1659574468085106E10, 0.0466, 'F', 186.0, 'red_.mains', 'm3', 0.09316666666666662);


INSERT INTO ClusterRep (System_id,distance_sys_virt_centre,planetsAllowed,cluster_id,angle_in_radians,cluster_description,number_stars_in_cluster)  VALUES ('U2033V2028', 1.86E11, 'F', 'U2033V2028_1', 6.178465552059927, 'Cluster Number: 1 DOUBLESTAR_BINARY', 0);


INSERT INTO SystemRep (System_id, distance_to_galaxy_centre, ucoordinate, vcoordinate) VALUES ('U2036V2039', 3.430091072250811E16, 2036.0, 2039.0);


INSERT INTO StarRep (System_id,cluster_id,distance_clust_virt_centre,luminosity,no_planets_allowed,angle_in_radians_s,star_color,star_type,star_size)  VALUES ('U2036V2039', 'U2036V2039_0', 2.2892307692307693E11, 0.408, 'F', 30.0, 'yelo.mains', 'g9', 47.4);


INSERT INTO StarRep (System_id,cluster_id,distance_clust_virt_centre,luminosity,no_planets_allowed,angle_in_radians_s,star_color,star_type,star_size)  VALUES ('U2036V2039', 'U2036V2039_0', 1.984E11, 54760.03944637305, 'F', 294.0, 'pyel.sg.ii', 'f5', 35.0);


INSERT INTO ClusterRep (System_id,distance_sys_virt_centre,planetsAllowed,cluster_id,angle_in_radians,cluster_description,number_stars_in_cluster)  VALUES ('U2036V2039', 1.1230188679245284E11, 'F', 'U2036V2039_1', 6.265732014659642, 'Cluster Number: 1 DOUBLESTAR_BINARY', 0);


INSERT INTO SystemRep (System_id, distance_to_galaxy_centre, ucoordinate, vcoordinate) VALUES ('U2033V2027', 3.417467775887123E16, 2033.0, 2027.0);


INSERT INTO SystemRep (System_id, distance_to_galaxy_centre, ucoordinate, vcoordinate) VALUES ('U2036V2038', 3.4292488160351388E16, 2036.0, 2038.0);


INSERT INTO SystemRep (System_id, distance_to_galaxy_centre, ucoordinate, vcoordinate) VALUES ('U2033V2026', 3.4166273848376268E16, 2033.0, 2026.0);


INSERT INTO StarRep (System_id,cluster_id,distance_clust_virt_centre,luminosity,no_planets_allowed,angle_in_radians_s,star_color,star_type,star_size)  VALUES ('U2033V2026', 'U2033V2026_0', 1.417142857142857E11, 0.0276, 'F', 320.0, 'red_.mains', 'm5', 0.10750000000000004);


INSERT INTO StarRep (System_id,cluster_id,distance_clust_virt_centre,luminosity,no_planets_allowed,angle_in_radians_s,star_color,star_type,star_size)  VALUES ('U2033V2026', 'U2033V2026_0', 9.018181818181818E10, 0.01335890400430565, 'F', 193.0, 'red_.mains', 'm7', 0.12183333333333335);


INSERT INTO ClusterRep (System_id,distance_sys_virt_centre,planetsAllowed,cluster_id,angle_in_radians,cluster_description,number_stars_in_cluster)  VALUES ('U2033V2026', 6.6133333333333336E10, 'F', 'U2033V2026_1', 0.8552113334772214, 'Cluster Number: 1 DOUBLESTAR_BINARY', 0);


INSERT INTO SystemRep (System_id, distance_to_galaxy_centre, ucoordinate, vcoordinate) VALUES ('U2036V2037', 3.4284067662292348E16, 2036.0, 2037.0);


INSERT INTO StarRep (System_id,cluster_id,distance_clust_virt_centre,luminosity,no_planets_allowed,angle_in_radians_s,star_color,star_type,star_size)  VALUES ('U2036V2037', 'U2036V2037_0', 3.91578947368421E10, 0.162, 'F', 84.0, 'orng.mains', 'k6', 1.169);


INSERT INTO StarRep (System_id,cluster_id,distance_clust_virt_centre,luminosity,no_planets_allowed,angle_in_radians_s,star_color,star_type,star_size)  VALUES ('U2036V2037', 'U2036V2037_0', 5.615094339622642E10, 10.976976801620589, 'F', 301.0, 'pyel.subgi', 'f6', 50.66666666666667);


INSERT INTO ClusterRep (System_id,distance_sys_virt_centre,planetsAllowed,cluster_id,angle_in_radians,cluster_description,number_stars_in_cluster)  VALUES ('U2036V2037', 5.410909090909091E11, 'F', 'U2036V2037_1', 0.9599310885968813, 'Cluster Number: 1 DOUBLESTAR_BINARY', 0);


INSERT INTO SystemRep (System_id, distance_to_galaxy_centre, ucoordinate, vcoordinate) VALUES ('U2033V2025', 3.415787201879274E16, 2033.0, 2025.0);


INSERT INTO SystemRep (System_id, distance_to_galaxy_centre, ucoordinate, vcoordinate) VALUES ('U2036V2036', 3.4275649229852264E16, 2036.0, 2036.0);


INSERT INTO StarRep (System_id,cluster_id,distance_clust_virt_centre,luminosity,no_planets_allowed,angle_in_radians_s,star_color,star_type,star_size)  VALUES ('U2036V2036', 'U2036V2036_0', 2.7054545454545456E11, 1.9949027485002813, 'F', 350.0, 'whit.subdw', 'a5', 2.7);


INSERT INTO StarRep (System_id,cluster_id,distance_clust_virt_centre,luminosity,no_planets_allowed,angle_in_radians_s,star_color,star_type,star_size)  VALUES ('U2036V2036', 'U2036V2036_0', 3.864935064935065E10, 1.1970175561641516, 'F', 298.0, 'yelo.mains', 'g0', 42.0);


INSERT INTO ClusterRep (System_id,distance_sys_virt_centre,planetsAllowed,cluster_id,angle_in_radians,cluster_description,number_stars_in_cluster)  VALUES ('U2036V2036', 7.44E11, 'F', 'U2036V2036_1', 1.8325957145940461, 'Cluster Number: 1 DOUBLESTAR_BINARY', 0);


INSERT INTO SystemRep (System_id, distance_to_galaxy_centre, ucoordinate, vcoordinate) VALUES ('U2033V2024', 3.4149472271656556E16, 2033.0, 2024.0);


INSERT INTO SystemRep (System_id, distance_to_galaxy_centre, ucoordinate, vcoordinate) VALUES ('U2036V2035', 3.4267232864553508E16, 2036.0, 2035.0);


INSERT INTO StarRep (System_id,cluster_id,distance_clust_virt_centre,luminosity,no_planets_allowed,angle_in_radians_s,star_color,star_type,star_size)  VALUES ('U2036V2035', 'U2036V2035_0', 6.763636363636364E10, 0.04605805340114816, 'F', 217.0, 'red_.mains', 'm3', 0.09316666666666662);


INSERT INTO StarRep (System_id,cluster_id,distance_clust_virt_centre,luminosity,no_planets_allowed,angle_in_radians_s,star_color,star_type,star_size)  VALUES ('U2036V2035', 'U2036V2035_0', 4.578461538461539E10, 0.046206285106302696, 'F', 300.0, 'red_.mains', 'm3', 0.09316666666666662);


INSERT INTO ClusterRep (System_id,distance_sys_virt_centre,planetsAllowed,cluster_id,angle_in_radians,cluster_description,number_stars_in_cluster)  VALUES ('U2036V2035', 1.0088135593220338E11, 'F', 'U2036V2035_1', 4.537856055185257, 'Cluster Number: 1 DOUBLESTAR_BINARY', 0);


INSERT INTO SystemRep (System_id, distance_to_galaxy_centre, ucoordinate, vcoordinate) VALUES ('U2033V2023', 3.414107460850475E16, 2033.0, 2023.0);


INSERT INTO StarRep (System_id,cluster_id,distance_clust_virt_centre,luminosity,no_planets_allowed,angle_in_radians_s,star_color,star_type,star_size)  VALUES ('U2033V2023', 'U2033V2023_0', 5.5111111111111115E10, 0.12256165698558535, 'F', 187.0, 'orng.mains', 'k8', 1.2120000000000002);


INSERT INTO StarRep (System_id,cluster_id,distance_clust_virt_centre,luminosity,no_planets_allowed,angle_in_radians_s,star_color,star_type,star_size)  VALUES ('U2033V2023', 'U2033V2023_0', 1.417142857142857E11, 4.352784026971774, 'F', 195.0, 'pyel.mains', 'f3', 37.800000000000004);


INSERT INTO ClusterRep (System_id,distance_sys_virt_centre,planetsAllowed,cluster_id,angle_in_radians,cluster_description,number_stars_in_cluster)  VALUES ('U2033V2023', 1.417142857142857E11, 'F', 'U2033V2023_1', 3.560471674068432, 'Cluster Number: 1 DOUBLESTAR_BINARY', 0);


INSERT INTO SystemRep (System_id, distance_to_galaxy_centre, ucoordinate, vcoordinate) VALUES ('U2036V2034', 3.4258818567919588E16, 2036.0, 2034.0);


INSERT INTO StarRep (System_id,cluster_id,distance_clust_virt_centre,luminosity,no_planets_allowed,angle_in_radians_s,star_color,star_type,star_size)  VALUES ('U2036V2034', 'U2036V2034_0', 3.72E11, 0.0096, 'F', 271.0, 'red_.mains', 'm9', 0.13616666666666666);


INSERT INTO StarRep (System_id,cluster_id,distance_clust_virt_centre,luminosity,no_planets_allowed,angle_in_radians_s,star_color,star_type,star_size)  VALUES ('U2036V2034', 'U2036V2034_0', 5.952E11, 0.0134, 'F', 307.0, 'red_.mains', 'm7', 0.12183333333333335);


INSERT INTO ClusterRep (System_id,distance_sys_virt_centre,planetsAllowed,cluster_id,angle_in_radians,cluster_description,number_stars_in_cluster)  VALUES ('U2036V2034', 3.306666666666667E11, 'F', 'U2036V2034_1', 5.497787143782138, 'Cluster Number: 1 DOUBLESTAR_BINARY', 0);


INSERT INTO SystemRep (System_id, distance_to_galaxy_centre, ucoordinate, vcoordinate) VALUES ('U2033V2022', 3.41326790308755E16, 2033.0, 2022.0);


INSERT INTO StarRep (System_id,cluster_id,distance_clust_virt_centre,luminosity,no_planets_allowed,angle_in_radians_s,star_color,star_type,star_size)  VALUES ('U2033V2022', 'U2033V2022_0', 7.83157894736842E10, 0.9989250555947402, 'F', 318.0, 'yelo.mains', 'g2', 43.199999999999996);


INSERT INTO StarRep (System_id,cluster_id,distance_clust_virt_centre,luminosity,no_planets_allowed,angle_in_radians_s,star_color,star_type,star_size)  VALUES ('U2033V2022', 'U2033V2022_0', 4.723809523809524E10, 0.333, 'F', 153.0, 'orng.mains', 'k1', 1.0615);


INSERT INTO ClusterRep (System_id,distance_sys_virt_centre,planetsAllowed,cluster_id,angle_in_radians,cluster_description,number_stars_in_cluster)  VALUES ('U2033V2022', 6.2652631578947365E10, 'F', 'U2033V2022_1', 3.1764992386296798, 'Cluster Number: 1 DOUBLESTAR_BINARY', 0);


INSERT INTO SystemRep (System_id, distance_to_galaxy_centre, ucoordinate, vcoordinate) VALUES ('U2036V2033', 3.4250406341475132E16, 2036.0, 2033.0);


INSERT INTO SystemRep (System_id, distance_to_galaxy_centre, ucoordinate, vcoordinate) VALUES ('U2033V2021', 3.4124285540308092E16, 2033.0, 2021.0);


INSERT INTO SystemRep (System_id, distance_to_galaxy_centre, ucoordinate, vcoordinate) VALUES ('U2036V2032', 3.424199618674589E16, 2036.0, 2032.0);


INSERT INTO StarRep (System_id,cluster_id,distance_clust_virt_centre,luminosity,no_planets_allowed,angle_in_radians_s,star_color,star_type,star_size)  VALUES ('U2036V2032', 'U2036V2032_0', 7.44E10, 0.04657484516180316, 'F', 138.0, 'red_.mains', 'm3', 0.09316666666666662);


INSERT INTO StarRep (System_id,cluster_id,distance_clust_virt_centre,luminosity,no_planets_allowed,angle_in_radians_s,star_color,star_type,star_size)  VALUES ('U2036V2032', 'U2036V2032_0', 3.234782608695652E10, 2.32, 'F', 309.0, 'pyel.mains', 'f6', 39.6);


INSERT INTO ClusterRep (System_id,distance_sys_virt_centre,planetsAllowed,cluster_id,angle_in_radians,cluster_description,number_stars_in_cluster)  VALUES ('U2036V2032', 8.626086956521739E10, 'F', 'U2036V2032_1', 1.9198621771937625, 'Cluster Number: 1 DOUBLESTAR_BINARY', 0);


INSERT INTO SystemRep (System_id, distance_to_galaxy_centre, ucoordinate, vcoordinate) VALUES ('U2033V2020', 3.411589413834297E16, 2033.0, 2020.0);


INSERT INTO SystemRep (System_id, distance_to_galaxy_centre, ucoordinate, vcoordinate) VALUES ('U2036V2031', 3.4233588105258732E16, 2036.0, 2031.0);


INSERT INTO SystemRep (System_id, distance_to_galaxy_centre, ucoordinate, vcoordinate) VALUES ('U2036V2030', 3.4225182098541652E16, 2036.0, 2030.0);


INSERT INTO StarRep (System_id,cluster_id,distance_clust_virt_centre,luminosity,no_planets_allowed,angle_in_radians_s,star_color,star_type,star_size)  VALUES ('U2036V2030', 'U2036V2030_0', 7.085714285714285E10, 7.65, 'F', 177.0, 'pyel.mains', 'f1', 36.599999999999994);


INSERT INTO StarRep (System_id,cluster_id,distance_clust_virt_centre,luminosity,no_planets_allowed,angle_in_radians_s,star_color,star_type,star_size)  VALUES ('U2036V2030', 'U2036V2030_0', 1.0262068965517241E11, 2.8E-5, 'F', 304.0, 'red_.dwarf', 'dm', 0.6413333333333334);


INSERT INTO ClusterRep (System_id,distance_sys_virt_centre,planetsAllowed,cluster_id,angle_in_radians,cluster_description,number_stars_in_cluster)  VALUES ('U2036V2030', 3.968E11, 'F', 'U2036V2030_1', 0.08726646259971647, 'Cluster Number: 1 DOUBLESTAR_BINARY', 0);


INSERT INTO SystemRep (System_id, distance_to_galaxy_centre, ucoordinate, vcoordinate) VALUES ('U2030V2039', 3.4250480813324884E16, 2030.0, 2039.0);


INSERT INTO StarRep (System_id,cluster_id,distance_clust_virt_centre,luminosity,no_planets_allowed,angle_in_radians_s,star_color,star_type,star_size)  VALUES ('U2030V2039', 'U2030V2039_0', 4.441791044776119E10, 0.3321767150304346, 'F', 186.0, 'orng.mains', 'k1', 1.0615);


INSERT INTO ClusterRep (System_id,distance_sys_virt_centre,planetsAllowed,cluster_id,angle_in_radians,cluster_description,number_stars_in_cluster)  VALUES ('U2030V2039', 4.251428571428571E11, 'T', 'U2030V2039_0', 4.118977034706617, 'Cluster Number: 0 SINGLESTAR', 1);


INSERT INTO SystemRep (System_id, distance_to_galaxy_centre, ucoordinate, vcoordinate) VALUES ('U2030V2038', 3.4242045846857692E16, 2030.0, 2038.0);


INSERT INTO SystemRep (System_id, distance_to_galaxy_centre, ucoordinate, vcoordinate) VALUES ('U2030V2037', 3.423361294142212E16, 2030.0, 2037.0);


INSERT INTO StarRep (System_id,cluster_id,distance_clust_virt_centre,luminosity,no_planets_allowed,angle_in_radians_s,star_color,star_type,star_size)  VALUES ('U2030V2037', 'U2030V2037_0', 0.0, 2.32, 'F', 53.0, 'pyel.mains', 'f6', 39.6);


INSERT INTO ClusterRep (System_id,distance_sys_virt_centre,planetsAllowed,cluster_id,angle_in_radians,cluster_description,number_stars_in_cluster)  VALUES ('U2030V2037', 1.0628571428571428E11, 'T', 'U2030V2037_0', 4.39822971502571, 'Cluster Number: 0 SINGLESTAR', 1);


INSERT INTO SystemRep (System_id, distance_to_galaxy_centre, ucoordinate, vcoordinate) VALUES ('U2030V2036', 3.4225182098541652E16, 2030.0, 2036.0);


INSERT INTO StarRep (System_id,cluster_id,distance_clust_virt_centre,luminosity,no_planets_allowed,angle_in_radians_s,star_color,star_type,star_size)  VALUES ('U2030V2036', 'U2030V2036_0', 3.1326315789473682E10, 3.162215171729201, 'F', 333.0, 'pyel.mains', 'f4', 38.4);


INSERT INTO ClusterRep (System_id,distance_sys_virt_centre,planetsAllowed,cluster_id,angle_in_radians,cluster_description,number_stars_in_cluster)  VALUES ('U2030V2036', 6.613333333333334E11, 'T', 'U2030V2036_0', 6.09119908946021, 'Cluster Number: 0 SINGLESTAR', 1);


INSERT INTO SystemRep (System_id, distance_to_galaxy_centre, ucoordinate, vcoordinate) VALUES ('U2030V2035', 3.4216753319740904E16, 2030.0, 2035.0);


INSERT INTO SystemRep (System_id, distance_to_galaxy_centre, ucoordinate, vcoordinate) VALUES ('U2030V2034', 3.4208326606545604E16, 2030.0, 2034.0);


INSERT INTO StarRep (System_id,cluster_id,distance_clust_virt_centre,luminosity,no_planets_allowed,angle_in_radians_s,star_color,star_type,star_size)  VALUES ('U2030V2034', 'U2030V2034_0', 3.068041237113402E10, 0.04645566616435128, 'F', 13.0, 'red_.mains', 'm3', 0.09316666666666662);


INSERT INTO ClusterRep (System_id,distance_sys_virt_centre,planetsAllowed,cluster_id,angle_in_radians,cluster_description,number_stars_in_cluster)  VALUES ('U2030V2034', 7.258536585365854E10, 'T', 'U2030V2034_0', 5.235987755982989, 'Cluster Number: 0 SINGLESTAR', 1);


INSERT INTO SystemRep (System_id, distance_to_galaxy_centre, ucoordinate, vcoordinate) VALUES ('U2030V2033', 3.4199901960482636E16, 2030.0, 2033.0);


INSERT INTO StarRep (System_id,cluster_id,distance_clust_virt_centre,luminosity,no_planets_allowed,angle_in_radians_s,star_color,star_type,star_size)  VALUES ('U2030V2033', 'U2030V2033_0', 9.6E10, 0.123, 'F', 240.0, 'orng.mains', 'k8', 1.2120000000000002);


INSERT INTO ClusterRep (System_id,distance_sys_virt_centre,planetsAllowed,cluster_id,angle_in_radians,cluster_description,number_stars_in_cluster)  VALUES ('U2030V2033', 2.3808E11, 'T', 'U2030V2033_0', 5.532693728822025, 'Cluster Number: 0 SINGLESTAR', 1);


INSERT INTO SystemRep (System_id, distance_to_galaxy_centre, ucoordinate, vcoordinate) VALUES ('U2030V2032', 3.4191479383079988E16, 2030.0, 2032.0);


INSERT INTO StarRep (System_id,cluster_id,distance_clust_virt_centre,luminosity,no_planets_allowed,angle_in_radians_s,star_color,star_type,star_size)  VALUES ('U2030V2032', 'U2030V2032_0', 3.1659574468085106E10, 0.0466, 'F', 294.0, 'red_.mains', 'm3', 0.09316666666666662);


INSERT INTO ClusterRep (System_id,distance_sys_virt_centre,planetsAllowed,cluster_id,angle_in_radians,cluster_description,number_stars_in_cluster)  VALUES ('U2030V2032', 1.6533333333333334E11, 'T', 'U2030V2032_0', 0.6632251157578452, 'Cluster Number: 0 SINGLESTAR', 1);


INSERT INTO SystemRep (System_id, distance_to_galaxy_centre, ucoordinate, vcoordinate) VALUES ('U2030V2031', 3.41830588758668E16, 2030.0, 2031.0);


INSERT INTO StarRep (System_id,cluster_id,distance_clust_virt_centre,luminosity,no_planets_allowed,angle_in_radians_s,star_color,star_type,star_size)  VALUES ('U2030V2031', 'U2030V2031_0', 1.1022222222222223E11, 0.2148515577189444, 'F', 160.0, 'orng.mains', 'k4', 1.126);


INSERT INTO ClusterRep (System_id,distance_sys_virt_centre,planetsAllowed,cluster_id,angle_in_radians,cluster_description,number_stars_in_cluster)  VALUES ('U2030V2031', 7.72987012987013E10, 'T', 'U2030V2031_0', 0.9424777960769379, 'Cluster Number: 0 SINGLESTAR', 1);


INSERT INTO SystemRep (System_id, distance_to_galaxy_centre, ucoordinate, vcoordinate) VALUES ('U2030V2030', 3.417464044037333E16, 2030.0, 2030.0);


INSERT INTO StarRep (System_id,cluster_id,distance_clust_virt_centre,luminosity,no_planets_allowed,angle_in_radians_s,star_color,star_type,star_size)  VALUES ('U2030V2030', 'U2030V2030_0', 1.0262068965517241E11, 5400.0, 'F', 200.0, 'pyel.sg.i ', 'f5', 20.833333333333336);


INSERT INTO ClusterRep (System_id,distance_sys_virt_centre,planetsAllowed,cluster_id,angle_in_radians,cluster_description,number_stars_in_cluster)  VALUES ('U2030V2030', 1.1670588235294118E11, 'T', 'U2030V2030_0', 0.08726646259971647, 'Cluster Number: 0 SINGLESTAR', 1);


INSERT INTO SystemRep (System_id, distance_to_galaxy_centre, ucoordinate, vcoordinate) VALUES ('U2024V2039', 3.4200125705470028E16, 2024.0, 2039.0);


INSERT INTO StarRep (System_id,cluster_id,distance_clust_virt_centre,luminosity,no_planets_allowed,angle_in_radians_s,star_color,star_type,star_size)  VALUES ('U2024V2039', 'U2024V2039_0', 4.8E10, 2.9475698461902785E-5, 'F', 12.0, 'red_.dwarf', 'dm', 0.6153333333333334);


INSERT INTO StarRep (System_id,cluster_id,distance_clust_virt_centre,luminosity,no_planets_allowed,angle_in_radians_s,star_color,star_type,star_size)  VALUES ('U2024V2039', 'U2024V2039_0', 3.5011764705882355E10, 0.216, 'F', 138.0, 'orng.mains', 'k4', 1.126);


INSERT INTO ClusterRep (System_id,distance_sys_virt_centre,planetsAllowed,cluster_id,angle_in_radians,cluster_description,number_stars_in_cluster)  VALUES ('U2024V2039', 7.085714285714285E10, 'F', 'U2024V2039_1', 2.234021442552742, 'Cluster Number: 1 DOUBLESTAR_BINARY', 0);


INSERT INTO SystemRep (System_id, distance_to_galaxy_centre, ucoordinate, vcoordinate) VALUES ('U2024V2038', 3.419167831657756E16, 2024.0, 2038.0);


INSERT INTO StarRep (System_id,cluster_id,distance_clust_virt_centre,luminosity,no_planets_allowed,angle_in_radians_s,star_color,star_type,star_size)  VALUES ('U2024V2038', 'U2024V2038_0', 1.1446153846153847E11, 107000.0, 'F', 66.0, 'ltbl.gi.i ', 'b0', 50.0);


INSERT INTO StarRep (System_id,cluster_id,distance_clust_virt_centre,luminosity,no_planets_allowed,angle_in_radians_s,star_color,star_type,star_size)  VALUES ('U2024V2038', 'U2024V2038_0', 1.1904E11, 0.04617920312428819, 'F', 145.0, 'red_.mains', 'm3', 0.09316666666666662);


INSERT INTO ClusterRep (System_id,distance_sys_virt_centre,planetsAllowed,cluster_id,angle_in_radians,cluster_description,number_stars_in_cluster)  VALUES ('U2024V2038', 1.3841860465116278E11, 'F', 'U2024V2038_1', 3.193952531149623, 'Cluster Number: 1 DOUBLESTAR_BINARY', 0);


INSERT INTO SystemRep (System_id, distance_to_galaxy_centre, ucoordinate, vcoordinate) VALUES ('U2024V2037', 3.4183232985619136E16, 2024.0, 2037.0);


INSERT INTO StarRep (System_id,cluster_id,distance_clust_virt_centre,luminosity,no_planets_allowed,angle_in_radians_s,star_color,star_type,star_size)  VALUES ('U2024V2037', 'U2024V2037_0', 5.1310344827586205E10, 3.55E-5, 'F', 293.0, 'orng.dwarf', 'dk', 0.598);


INSERT INTO StarRep (System_id,cluster_id,distance_clust_virt_centre,luminosity,no_planets_allowed,angle_in_radians_s,star_color,star_type,star_size)  VALUES ('U2024V2037', 'U2024V2037_0', 2.2892307692307693E11, 7.599573212925688, 'F', 147.0, 'pyel.mains', 'f1', 36.599999999999994);


INSERT INTO ClusterRep (System_id,distance_sys_virt_centre,planetsAllowed,cluster_id,angle_in_radians,cluster_description,number_stars_in_cluster)  VALUES ('U2024V2037', 6.331914893617021E10, 'F', 'U2024V2037_1', 5.899212871740834, 'Cluster Number: 1 DOUBLESTAR_BINARY', 0);


INSERT INTO SystemRep (System_id, distance_to_galaxy_centre, ucoordinate, vcoordinate) VALUES ('U2024V2036', 3.4174789714120436E16, 2024.0, 2036.0);


INSERT INTO SystemRep (System_id, distance_to_galaxy_centre, ucoordinate, vcoordinate) VALUES ('U2024V2035', 3.4166348503608284E16, 2024.0, 2035.0);


INSERT INTO StarRep (System_id,cluster_id,distance_clust_virt_centre,luminosity,no_planets_allowed,angle_in_radians_s,star_color,star_type,star_size)  VALUES ('U2024V2035', 'U2024V2035_0', 4.96E10, 0.282, 'F', 333.0, 'orng.mains', 'k2', 1.0830000000000002);


INSERT INTO StarRep (System_id,cluster_id,distance_clust_virt_centre,luminosity,no_planets_allowed,angle_in_radians_s,star_color,star_type,star_size)  VALUES ('U2024V2035', 'U2024V2035_0', 6.073469387755102E10, 2.948247867985575E-5, 'F', 142.0, 'red_.dwarf', 'dm', 0.6153333333333334);


INSERT INTO ClusterRep (System_id,distance_sys_virt_centre,planetsAllowed,cluster_id,angle_in_radians,cluster_description,number_stars_in_cluster)  VALUES ('U2024V2035', 1.488E11, 'F', 'U2024V2035_1', 4.066617157146788, 'Cluster Number: 1 DOUBLESTAR_BINARY', 0);


INSERT INTO SystemRep (System_id, distance_to_galaxy_centre, ucoordinate, vcoordinate) VALUES ('U2024V2034', 3.4157909355610624E16, 2024.0, 2034.0);


INSERT INTO SystemRep (System_id, distance_to_galaxy_centre, ucoordinate, vcoordinate) VALUES ('U2024V2033', 3.4149472271656556E16, 2024.0, 2033.0);


INSERT INTO SystemRep (System_id, distance_to_galaxy_centre, ucoordinate, vcoordinate) VALUES ('U2024V2032', 3.4141037253276296E16, 2024.0, 2032.0);


INSERT INTO SystemRep (System_id, distance_to_galaxy_centre, ucoordinate, vcoordinate) VALUES ('U2024V2031', 3.4132604302001216E16, 2024.0, 2031.0);


INSERT INTO SystemRep (System_id, distance_to_galaxy_centre, ucoordinate, vcoordinate) VALUES ('U2024V2030', 3.4124173419363816E16, 2024.0, 2030.0);


INSERT INTO SystemRep (System_id, distance_to_galaxy_centre, ucoordinate, vcoordinate) VALUES ('U2037V2039', 3.430932295657027E16, 2037.0, 2039.0);


INSERT INTO StarRep (System_id,cluster_id,distance_clust_virt_centre,luminosity,no_planets_allowed,angle_in_radians_s,star_color,star_type,star_size)  VALUES ('U2037V2039', 'U2037V2039_0', 9.018181818181818E10, 0.07295074893679195, 'F', 338.0, 'red_.mains', 'm1', 0.07883333333333331);


INSERT INTO StarRep (System_id,cluster_id,distance_clust_virt_centre,luminosity,no_planets_allowed,angle_in_radians_s,star_color,star_type,star_size)  VALUES ('U2037V2039', 'U2037V2039_0', 6.6133333333333336E10, 0.9991633035744573, 'F', 327.0, 'yelo.mains', 'g2', 43.199999999999996);


INSERT INTO ClusterRep (System_id,distance_sys_virt_centre,planetsAllowed,cluster_id,angle_in_radians,cluster_description,number_stars_in_cluster)  VALUES ('U2037V2039', 6.687640449438202E10, 'F', 'U2037V2039_1', 2.9845130209103035, 'Cluster Number: 1 DOUBLESTAR_BINARY', 0);


INSERT INTO SystemRep (System_id, distance_to_galaxy_centre, ucoordinate, vcoordinate) VALUES ('U2037V2038', 3.430090246003169E16, 2037.0, 2038.0);


INSERT INTO StarRep (System_id,cluster_id,distance_clust_virt_centre,luminosity,no_planets_allowed,angle_in_radians_s,star_color,star_type,star_size)  VALUES ('U2037V2038', 'U2037V2038_0', 8.752941176470589E10, 78900.0, 'F', 18.0, 'blue.mains', 'o8', 6.5);


INSERT INTO StarRep (System_id,cluster_id,distance_clust_virt_centre,luminosity,no_planets_allowed,angle_in_radians_s,star_color,star_type,star_size)  VALUES ('U2037V2038', 'U2037V2038_0', 3.629268292682927E10, 908729.2739246928, 'F', 322.0, 'blue.sg.i ', 'o8', 123.33333333333334);


INSERT INTO ClusterRep (System_id,distance_sys_virt_centre,planetsAllowed,cluster_id,angle_in_radians,cluster_description,number_stars_in_cluster)  VALUES ('U2037V2038', 1.7005714285714285E11, 'F', 'U2037V2038_1', 1.1519173063162575, 'Cluster Number: 1 DOUBLESTAR_BINARY', 0);


INSERT INTO SystemRep (System_id, distance_to_galaxy_centre, ucoordinate, vcoordinate) VALUES ('U2037V2037', 3.429248402809875E16, 2037.0, 2037.0);


INSERT INTO StarRep (System_id,cluster_id,distance_clust_virt_centre,luminosity,no_planets_allowed,angle_in_radians_s,star_color,star_type,star_size)  VALUES ('U2037V2037', 'U2037V2037_0', 9.6E10, 10.985021785016427, 'F', 298.0, 'pyel.subgi', 'f6', 50.66666666666667);


INSERT INTO StarRep (System_id,cluster_id,distance_clust_virt_centre,luminosity,no_planets_allowed,angle_in_radians_s,star_color,star_type,star_size)  VALUES ('U2037V2037', 'U2037V2037_0', 3.306666666666667E11, 0.12290980555834823, 'F', 331.0, 'orng.mains', 'k8', 1.2120000000000002);


INSERT INTO ClusterRep (System_id,distance_sys_virt_centre,planetsAllowed,cluster_id,angle_in_radians,cluster_description,number_stars_in_cluster)  VALUES ('U2037V2037', 1.3226666666666667E11, 'F', 'U2037V2037_1', 4.817108735504349, 'Cluster Number: 1 DOUBLESTAR_BINARY', 0);


INSERT INTO SystemRep (System_id, distance_to_galaxy_centre, ucoordinate, vcoordinate) VALUES ('U2037V2036', 3.4284067662292348E16, 2037.0, 2036.0);


INSERT INTO SystemRep (System_id, distance_to_galaxy_centre, ucoordinate, vcoordinate) VALUES ('U2037V2035', 3.427565336413449E16, 2037.0, 2035.0);


INSERT INTO SystemRep (System_id, distance_to_galaxy_centre, ucoordinate, vcoordinate) VALUES ('U2037V2034', 3.4267241135148304E16, 2037.0, 2034.0);


INSERT INTO StarRep (System_id,cluster_id,distance_clust_virt_centre,luminosity,no_planets_allowed,angle_in_radians_s,star_color,star_type,star_size)  VALUES ('U2037V2034', 'U2037V2034_0', 4.723809523809524E10, 2.8E-5, 'F', 165.0, 'red_.dwarf', 'dm', 0.6413333333333334);


INSERT INTO StarRep (System_id,cluster_id,distance_clust_virt_centre,luminosity,no_planets_allowed,angle_in_radians_s,star_color,star_type,star_size)  VALUES ('U2037V2034', 'U2037V2034_0', 3.1E10, 2.6999194908837774E-5, 'F', 333.0, 'red_.dwarf', 'dm', 0.6586666666666666);


INSERT INTO ClusterRep (System_id,distance_sys_virt_centre,planetsAllowed,cluster_id,angle_in_radians,cluster_description,number_stars_in_cluster)  VALUES ('U2037V2034', 6.2E10, 'F', 'U2037V2034_1', 1.2566370614359172, 'Cluster Number: 1 DOUBLESTAR_BINARY', 0);


INSERT INTO SystemRep (System_id, distance_to_galaxy_centre, ucoordinate, vcoordinate) VALUES ('U2037V2033', 3.425883097685804E16, 2037.0, 2033.0);


INSERT INTO StarRep (System_id,cluster_id,distance_clust_virt_centre,luminosity,no_planets_allowed,angle_in_radians_s,star_color,star_type,star_size)  VALUES ('U2037V2033', 'U2037V2033_0', 4.578461538461539E10, 0.216, 'F', 205.0, 'orng.mains', 'k4', 1.126);


INSERT INTO StarRep (System_id,cluster_id,distance_clust_virt_centre,luminosity,no_planets_allowed,angle_in_radians_s,star_color,star_type,star_size)  VALUES ('U2037V2033', 'U2037V2033_0', 9.018181818181818E10, 0.046424000569833423, 'F', 328.0, 'red_.mains', 'm3', 0.09316666666666662);


INSERT INTO ClusterRep (System_id,distance_sys_virt_centre,planetsAllowed,cluster_id,angle_in_radians,cluster_description,number_stars_in_cluster)  VALUES ('U2037V2033', 1.4517073170731708E11, 'F', 'U2037V2033_1', 5.689773361501514, 'Cluster Number: 1 DOUBLESTAR_BINARY', 0);


INSERT INTO SystemRep (System_id, distance_to_galaxy_centre, ucoordinate, vcoordinate) VALUES ('U2037V2032', 3.425042289078907E16, 2037.0, 2032.0);


INSERT INTO StarRep (System_id,cluster_id,distance_clust_virt_centre,luminosity,no_planets_allowed,angle_in_radians_s,star_color,star_type,star_size)  VALUES ('U2037V2032', 'U2037V2032_0', 3.068041237113402E10, 0.9997749280770665, 'F', 72.0, 'yelo.mains', 'g2', 43.199999999999996);


INSERT INTO StarRep (System_id,cluster_id,distance_clust_virt_centre,luminosity,no_planets_allowed,angle_in_radians_s,star_color,star_type,star_size)  VALUES ('U2037V2032', 'U2037V2032_0', 1.417142857142857E11, 4.301957942888482, 'F', 330.0, 'red_.subgi', 'm6', 4.333333333333334);


INSERT INTO ClusterRep (System_id,distance_sys_virt_centre,planetsAllowed,cluster_id,angle_in_radians,cluster_description,number_stars_in_cluster)  VALUES ('U2037V2032', 6.469565217391304E10, 'F', 'U2037V2032_1', 2.111848394913139, 'Cluster Number: 1 DOUBLESTAR_BINARY', 0);


INSERT INTO SystemRep (System_id, distance_to_galaxy_centre, ucoordinate, vcoordinate) VALUES ('U2037V2031', 3.4242016878467892E16, 2037.0, 2031.0);


INSERT INTO StarRep (System_id,cluster_id,distance_clust_virt_centre,luminosity,no_planets_allowed,angle_in_radians_s,star_color,star_type,star_size)  VALUES ('U2037V2031', 'U2037V2031_0', 4.878688524590164E10, 2.3159093406158213, 'F', 125.0, 'pyel.mains', 'f6', 39.6);


INSERT INTO StarRep (System_id,cluster_id,distance_clust_virt_centre,luminosity,no_planets_allowed,angle_in_radians_s,star_color,star_type,star_size)  VALUES ('U2037V2031', 'U2037V2031_0', 4.96E10, 1.548757750306973, 'F', 337.0, 'pyel.mains', 'f8', 40.8);


INSERT INTO ClusterRep (System_id,distance_sys_virt_centre,planetsAllowed,cluster_id,angle_in_radians,cluster_description,number_stars_in_cluster)  VALUES ('U2037V2031', 1.1670588235294118E11, 'F', 'U2037V2031_1', 3.0892327760299634, 'Cluster Number: 1 DOUBLESTAR_BINARY', 0);


INSERT INTO SystemRep (System_id, distance_to_galaxy_centre, ucoordinate, vcoordinate) VALUES ('U2037V2030', 3.423361294142212E16, 2037.0, 2030.0);


INSERT INTO SystemRep (System_id, distance_to_galaxy_centre, ucoordinate, vcoordinate) VALUES ('U2027V2029', 3.414097499447138E16, 2027.0, 2029.0);


INSERT INTO StarRep (System_id,cluster_id,distance_clust_virt_centre,luminosity,no_planets_allowed,angle_in_radians_s,star_color,star_type,star_size)  VALUES ('U2027V2029', 'U2027V2029_0', 7.44E11, 1384.507489791406, 'F', 272.0, 'red_.gi.i ', 'm2', 9.813333333333333);


INSERT INTO ClusterRep (System_id,distance_sys_virt_centre,planetsAllowed,cluster_id,angle_in_radians,cluster_description,number_stars_in_cluster)  VALUES ('U2027V2029', 4.578461538461539E11, 'T', 'U2027V2029_0', 1.5184364492350666, 'Cluster Number: 0 SINGLESTAR', 1);


INSERT INTO SystemRep (System_id, distance_to_galaxy_centre, ucoordinate, vcoordinate) VALUES ('U2027V2028', 3.41325544826608E16, 2027.0, 2028.0);


INSERT INTO SystemRep (System_id, distance_to_galaxy_centre, ucoordinate, vcoordinate) VALUES ('U2027V2027', 3.412413604563386E16, 2027.0, 2027.0);


INSERT INTO StarRep (System_id,cluster_id,distance_clust_virt_centre,luminosity,no_planets_allowed,angle_in_radians_s,star_color,star_type,star_size)  VALUES ('U2027V2027', 'U2027V2027_0', 8.266666666666667E10, 2.9E-5, 'F', 139.0, 'red_.dwarf', 'dm', 0.624);


INSERT INTO ClusterRep (System_id,distance_sys_virt_centre,planetsAllowed,cluster_id,angle_in_radians,cluster_description,number_stars_in_cluster)  VALUES ('U2027V2027', 1.0821818181818182E11, 'T', 'U2027V2027_0', 1.7976891295541593, 'Cluster Number: 0 SINGLESTAR', 1);


INSERT INTO SystemRep (System_id, distance_to_galaxy_centre, ucoordinate, vcoordinate) VALUES ('U2027V2026', 3.411571968492648E16, 2027.0, 2026.0);


INSERT INTO SystemRep (System_id, distance_to_galaxy_centre, ucoordinate, vcoordinate) VALUES ('U2027V2025', 3.410730540207573E16, 2027.0, 2025.0);


INSERT INTO StarRep (System_id,cluster_id,distance_clust_virt_centre,luminosity,no_planets_allowed,angle_in_radians_s,star_color,star_type,star_size)  VALUES ('U2027V2025', 'U2027V2025_0', 4.251428571428571E10, 1.2, 'F', 45.0, 'yelo.mains', 'g0', 42.0);


INSERT INTO ClusterRep (System_id,distance_sys_virt_centre,planetsAllowed,cluster_id,angle_in_radians,cluster_description,number_stars_in_cluster)  VALUES ('U2027V2025', 8.383098591549295E10, 'T', 'U2027V2025_0', 1.239183768915974, 'Cluster Number: 0 SINGLESTAR', 1);


INSERT INTO SystemRep (System_id, distance_to_galaxy_centre, ucoordinate, vcoordinate) VALUES ('U2027V2024', 3.4098893198619804E16, 2027.0, 2024.0);


INSERT INTO SystemRep (System_id, distance_to_galaxy_centre, ucoordinate, vcoordinate) VALUES ('U2027V2023', 3.4090483076098056E16, 2027.0, 2023.0);


INSERT INTO SystemRep (System_id, distance_to_galaxy_centre, ucoordinate, vcoordinate) VALUES ('U2027V2022', 3.4082075036050956E16, 2027.0, 2022.0);


INSERT INTO StarRep (System_id,cluster_id,distance_clust_virt_centre,luminosity,no_planets_allowed,angle_in_radians_s,star_color,star_type,star_size)  VALUES ('U2027V2022', 'U2027V2022_0', 8.752941176470589E10, 0.282, 'F', 99.0, 'orng.mains', 'k2', 1.0830000000000002);


INSERT INTO ClusterRep (System_id,distance_sys_virt_centre,planetsAllowed,cluster_id,angle_in_radians,cluster_description,number_stars_in_cluster)  VALUES ('U2027V2022', 7.348148148148148E10, 'T', 'U2027V2022_0', 2.6529004630313806, 'Cluster Number: 0 SINGLESTAR', 1);


INSERT INTO SystemRep (System_id, distance_to_galaxy_centre, ucoordinate, vcoordinate) VALUES ('U2027V2021', 3.4073669080020132E16, 2027.0, 2021.0);


INSERT INTO StarRep (System_id,cluster_id,distance_clust_virt_centre,luminosity,no_planets_allowed,angle_in_radians_s,star_color,star_type,star_size)  VALUES ('U2027V2021', 'U2027V2021_0', 4.441791044776119E10, 1.1969055363898435, 'F', 326.0, 'yelo.mains', 'g0', 42.0);


INSERT INTO ClusterRep (System_id,distance_sys_virt_centre,planetsAllowed,cluster_id,angle_in_radians,cluster_description,number_stars_in_cluster)  VALUES ('U2027V2021', 2.48E11, 'T', 'U2027V2021_0', 2.9321531433504737, 'Cluster Number: 0 SINGLESTAR', 1);


INSERT INTO SystemRep (System_id, distance_to_galaxy_centre, ucoordinate, vcoordinate) VALUES ('U2027V2020', 3.4065265209548332E16, 2027.0, 2020.0);


INSERT INTO SystemRep (System_id, distance_to_galaxy_centre, ucoordinate, vcoordinate) VALUES ('U2023V2029', 3.410733863956436E16, 2023.0, 2029.0);


INSERT INTO StarRep (System_id,cluster_id,distance_clust_virt_centre,luminosity,no_planets_allowed,angle_in_radians_s,star_color,star_type,star_size)  VALUES ('U2023V2029', 'U2023V2029_0', 1.0262068965517241E11, 0.0466, 'F', 16.0, 'red_.mains', 'm3', 0.09316666666666662);


INSERT INTO StarRep (System_id,cluster_id,distance_clust_virt_centre,luminosity,no_planets_allowed,angle_in_radians_s,star_color,star_type,star_size)  VALUES ('U2023V2029', 'U2023V2029_0', 1.1446153846153847E11, 0.2817097242373017, 'F', 219.0, 'orng.mains', 'k2', 1.0830000000000002);


INSERT INTO ClusterRep (System_id,distance_sys_virt_centre,planetsAllowed,cluster_id,angle_in_radians,cluster_description,number_stars_in_cluster)  VALUES ('U2023V2029', 7.936E10, 'F', 'U2023V2029_1', 3.8746309394274117, 'Cluster Number: 1 DOUBLESTAR_BINARY', 0);


INSERT INTO SystemRep (System_id, distance_to_galaxy_centre, ucoordinate, vcoordinate) VALUES ('U2031V2039', 3.4258880612566896E16, 2031.0, 2039.0);


INSERT INTO StarRep (System_id,cluster_id,distance_clust_virt_centre,luminosity,no_planets_allowed,angle_in_radians_s,star_color,star_type,star_size)  VALUES ('U2031V2039', 'U2031V2039_0', 1.488E12, 2.308492271679156, 'F', 12.0, 'pyel.mains', 'f6', 39.6);


INSERT INTO StarRep (System_id,cluster_id,distance_clust_virt_centre,luminosity,no_planets_allowed,angle_in_radians_s,star_color,star_type,star_size)  VALUES ('U2031V2039', 'U2031V2039_0', 9.92E11, 0.1613597781072844, 'F', 160.0, 'orng.mains', 'k6', 1.169);


INSERT INTO ClusterRep (System_id,distance_sys_virt_centre,planetsAllowed,cluster_id,angle_in_radians,cluster_description,number_stars_in_cluster)  VALUES ('U2031V2039', 1.1022222222222223E11, 'F', 'U2031V2039_1', 4.153883619746504, 'Cluster Number: 1 DOUBLESTAR_BINARY', 0);


INSERT INTO SystemRep (System_id, distance_to_galaxy_centre, ucoordinate, vcoordinate) VALUES ('U2023V2028', 3.4098909821468016E16, 2023.0, 2028.0);


INSERT INTO StarRep (System_id,cluster_id,distance_clust_virt_centre,luminosity,no_planets_allowed,angle_in_radians_s,star_color,star_type,star_size)  VALUES ('U2023V2028', 'U2023V2028_0', 4.723809523809524E10, 2590.0, 'F', 282.0, 'red_.gi.i ', 'm8', 11.653333333333332);


INSERT INTO StarRep (System_id,cluster_id,distance_clust_virt_centre,luminosity,no_planets_allowed,angle_in_radians_s,star_color,star_type,star_size)  VALUES ('U2023V2028', 'U2023V2028_0', 5.952E10, 0.12266857914464499, 'F', 216.0, 'orng.mains', 'k8', 1.2120000000000002);


INSERT INTO ClusterRep (System_id,distance_sys_virt_centre,planetsAllowed,cluster_id,angle_in_radians,cluster_description,number_stars_in_cluster)  VALUES ('U2023V2028', 8.266666666666667E10, 'F', 'U2023V2028_1', 4.747295565424577, 'Cluster Number: 1 DOUBLESTAR_BINARY', 0);


INSERT INTO SystemRep (System_id, distance_to_galaxy_centre, ucoordinate, vcoordinate) VALUES ('U2031V2038', 3.4250447714744984E16, 2031.0, 2038.0);


INSERT INTO SystemRep (System_id, distance_to_galaxy_centre, ucoordinate, vcoordinate) VALUES ('U2023V2027', 3.4090483076098056E16, 2023.0, 2027.0);


INSERT INTO SystemRep (System_id, distance_to_galaxy_centre, ucoordinate, vcoordinate) VALUES ('U2031V2037', 3.4242016878467892E16, 2031.0, 2037.0);


INSERT INTO SystemRep (System_id, distance_to_galaxy_centre, ucoordinate, vcoordinate) VALUES ('U2023V2026', 3.4082058404991916E16, 2023.0, 2026.0);


INSERT INTO StarRep (System_id,cluster_id,distance_clust_virt_centre,luminosity,no_planets_allowed,angle_in_radians_s,star_color,star_type,star_size)  VALUES ('U2023V2026', 'U2023V2026_0', 1.417142857142857E11, 0.0276, 'F', 216.0, 'red_.mains', 'm5', 0.10750000000000004);


INSERT INTO StarRep (System_id,cluster_id,distance_clust_virt_centre,luminosity,no_planets_allowed,angle_in_radians_s,star_color,star_type,star_size)  VALUES ('U2023V2026', 'U2023V2026_0', 3.767088607594936E10, 0.216, 'F', 237.0, 'orng.mains', 'k4', 1.126);


INSERT INTO ClusterRep (System_id,distance_sys_virt_centre,planetsAllowed,cluster_id,angle_in_radians,cluster_description,number_stars_in_cluster)  VALUES ('U2023V2026', 6.2652631578947365E10, 'F', 'U2023V2026_1', 4.939281783143953, 'Cluster Number: 1 DOUBLESTAR_BINARY', 0);


INSERT INTO SystemRep (System_id, distance_to_galaxy_centre, ucoordinate, vcoordinate) VALUES ('U2031V2036', 3.4233588105258732E16, 2031.0, 2036.0);


INSERT INTO SystemRep (System_id, distance_to_galaxy_centre, ucoordinate, vcoordinate) VALUES ('U2023V2025', 3.4073635809688172E16, 2023.0, 2025.0);


INSERT INTO SystemRep (System_id, distance_to_galaxy_centre, ucoordinate, vcoordinate) VALUES ('U2031V2035', 3.422516139664174E16, 2031.0, 2035.0);


INSERT INTO SystemRep (System_id, distance_to_galaxy_centre, ucoordinate, vcoordinate) VALUES ('U2023V2024', 3.4065215291726544E16, 2023.0, 2024.0);


INSERT INTO StarRep (System_id,cluster_id,distance_clust_virt_centre,luminosity,no_planets_allowed,angle_in_radians_s,star_color,star_type,star_size)  VALUES ('U2023V2024', 'U2023V2024_0', 5.314285714285714E10, 710000.0, 'F', 123.0, 'blue.gi.i ', 'o8', 41.66666666666667);


INSERT INTO StarRep (System_id,cluster_id,distance_clust_virt_centre,luminosity,no_planets_allowed,angle_in_radians_s,star_color,star_type,star_size)  VALUES ('U2023V2024', 'U2023V2024_0', 7.44E11, 0.0734, 'F', 234.0, 'red_.mains', 'm1', 0.07883333333333331);


INSERT INTO ClusterRep (System_id,distance_sys_virt_centre,planetsAllowed,cluster_id,angle_in_radians,cluster_description,number_stars_in_cluster)  VALUES ('U2023V2024', 6.469565217391304E10, 'F', 'U2023V2024_1', 5.811946409141117, 'Cluster Number: 1 DOUBLESTAR_BINARY', 0);


INSERT INTO SystemRep (System_id, distance_to_galaxy_centre, ucoordinate, vcoordinate) VALUES ('U2031V2034', 3.4216736754142292E16, 2031.0, 2034.0);


INSERT INTO SystemRep (System_id, distance_to_galaxy_centre, ucoordinate, vcoordinate) VALUES ('U2023V2023', 3.40567968526479E16, 2023.0, 2023.0);


INSERT INTO SystemRep (System_id, distance_to_galaxy_centre, ucoordinate, vcoordinate) VALUES ('U2031V2033', 3.4208314179286884E16, 2031.0, 2033.0);


INSERT INTO StarRep (System_id,cluster_id,distance_clust_virt_centre,luminosity,no_planets_allowed,angle_in_radians_s,star_color,star_type,star_size)  VALUES ('U2031V2033', 'U2031V2033_0', 8.752941176470589E10, 1.2, 'F', 239.0, 'yelo.mains', 'g0', 42.0);


INSERT INTO StarRep (System_id,cluster_id,distance_clust_virt_centre,luminosity,no_planets_allowed,angle_in_radians_s,star_color,star_type,star_size)  VALUES ('U2031V2033', 'U2031V2033_0', 3.343820224719101E10, 2.898035958023758E-5, 'F', 162.0, 'red_.dwarf', 'dm', 0.624);


INSERT INTO ClusterRep (System_id,distance_sys_virt_centre,planetsAllowed,cluster_id,angle_in_radians,cluster_description,number_stars_in_cluster)  VALUES ('U2031V2033', 9.92E11, 'F', 'U2031V2033_1', 0.5759586531581288, 'Cluster Number: 1 DOUBLESTAR_BINARY', 0);


INSERT INTO SystemRep (System_id, distance_to_galaxy_centre, ucoordinate, vcoordinate) VALUES ('U2023V2022', 3.404838049399425E16, 2023.0, 2022.0);


INSERT INTO SystemRep (System_id, distance_to_galaxy_centre, ucoordinate, vcoordinate) VALUES ('U2031V2032', 3.419989367360314E16, 2031.0, 2032.0);


INSERT INTO SystemRep (System_id, distance_to_galaxy_centre, ucoordinate, vcoordinate) VALUES ('U2023V2021', 3.4039966217308736E16, 2023.0, 2021.0);


INSERT INTO StarRep (System_id,cluster_id,distance_clust_virt_centre,luminosity,no_planets_allowed,angle_in_radians_s,star_color,star_type,star_size)  VALUES ('U2023V2021', 'U2023V2021_0', 1.566315789473684E11, 2.296126267236033, 'F', 176.0, 'pyel.mains', 'f6', 39.6);


INSERT INTO StarRep (System_id,cluster_id,distance_clust_virt_centre,luminosity,no_planets_allowed,angle_in_radians_s,star_color,star_type,star_size)  VALUES ('U2023V2021', 'U2023V2021_0', 7.085714285714285E10, 0.027468538502800406, 'F', 241.0, 'red_.mains', 'm5', 0.10750000000000004);


INSERT INTO ClusterRep (System_id,distance_sys_virt_centre,planetsAllowed,cluster_id,angle_in_radians,cluster_description,number_stars_in_cluster)  VALUES ('U2023V2021', 1.1904E11, 'F', 'U2023V2021_1', 0.4886921905584123, 'Cluster Number: 1 DOUBLESTAR_BINARY', 0);


INSERT INTO SystemRep (System_id, distance_to_galaxy_centre, ucoordinate, vcoordinate) VALUES ('U2031V2031', 3.4191475238619816E16, 2031.0, 2031.0);


INSERT INTO StarRep (System_id,cluster_id,distance_clust_virt_centre,luminosity,no_planets_allowed,angle_in_radians_s,star_color,star_type,star_size)  VALUES ('U2031V2031', 'U2031V2031_0', 9.6E10, 1.199982357932255, 'F', 159.0, 'yelo.mains', 'g0', 42.0);


INSERT INTO StarRep (System_id,cluster_id,distance_clust_virt_centre,luminosity,no_planets_allowed,angle_in_radians_s,star_color,star_type,star_size)  VALUES ('U2031V2031', 'U2031V2031_0', 1.7505882352941177E11, 0.216, 'F', 171.0, 'orng.mains', 'k4', 1.126);


INSERT INTO ClusterRep (System_id,distance_sys_virt_centre,planetsAllowed,cluster_id,angle_in_radians,cluster_description,number_stars_in_cluster)  VALUES ('U2031V2031', 3.72E11, 'F', 'U2031V2031_1', 4.241150082346221, 'Cluster Number: 1 DOUBLESTAR_BINARY', 0);


INSERT INTO SystemRep (System_id, distance_to_galaxy_centre, ucoordinate, vcoordinate) VALUES ('U2023V2020', 3.403155402413566E16, 2023.0, 2020.0);


INSERT INTO SystemRep (System_id, distance_to_galaxy_centre, ucoordinate, vcoordinate) VALUES ('U2031V2030', 3.41830588758668E16, 2031.0, 2030.0);


INSERT INTO StarRep (System_id,cluster_id,distance_clust_virt_centre,luminosity,no_planets_allowed,angle_in_radians_s,star_color,star_type,star_size)  VALUES ('U2031V2030', 'U2031V2030_0', 9.018181818181818E10, 0.013359707618328685, 'F', 199.0, 'red_.mains', 'm7', 0.12183333333333335);


INSERT INTO StarRep (System_id,cluster_id,distance_clust_virt_centre,luminosity,no_planets_allowed,angle_in_radians_s,star_color,star_type,star_size)  VALUES ('U2031V2030', 'U2031V2030_0', 5.615094339622642E10, 4.335396012554849, 'F', 166.0, 'pyel.mains', 'f3', 37.800000000000004);


INSERT INTO ClusterRep (System_id,distance_sys_virt_centre,planetsAllowed,cluster_id,angle_in_radians,cluster_description,number_stars_in_cluster)  VALUES ('U2031V2030', 9.92E10, 'F', 'U2031V2030_1', 2.4085543677521746, 'Cluster Number: 1 DOUBLESTAR_BINARY', 0);


INSERT INTO SystemRep (System_id, distance_to_galaxy_centre, ucoordinate, vcoordinate) VALUES ('U2025V2039', 3.42085130148847E16, 2025.0, 2039.0);


INSERT INTO StarRep (System_id,cluster_id,distance_clust_virt_centre,luminosity,no_planets_allowed,angle_in_radians_s,star_color,star_type,star_size)  VALUES ('U2025V2039', 'U2025V2039_0', 5.314285714285714E10, 0.3306245699769214, 'F', 253.0, 'orng.mains', 'k1', 1.0615);


INSERT INTO StarRep (System_id,cluster_id,distance_clust_virt_centre,luminosity,no_planets_allowed,angle_in_radians_s,star_color,star_type,star_size)  VALUES ('U2025V2039', 'U2025V2039_0', 3.968E10, 2.3129733175161284, 'F', 151.0, 'pyel.mains', 'f6', 39.6);


INSERT INTO ClusterRep (System_id,distance_sys_virt_centre,planetsAllowed,cluster_id,angle_in_radians,cluster_description,number_stars_in_cluster)  VALUES ('U2025V2039', 1.1904E11, 'F', 'U2025V2039_1', 1.4486232791552935, 'Cluster Number: 1 DOUBLESTAR_BINARY', 0);


INSERT INTO SystemRep (System_id, distance_to_galaxy_centre, ucoordinate, vcoordinate) VALUES ('U2025V2038', 3.4200067697650892E16, 2025.0, 2038.0);


INSERT INTO StarRep (System_id,cluster_id,distance_clust_virt_centre,luminosity,no_planets_allowed,angle_in_radians_s,star_color,star_type,star_size)  VALUES ('U2025V2038', 'U2025V2038_0', 3.343820224719101E10, 2.32, 'F', 120.0, 'pyel.mains', 'f6', 39.6);


INSERT INTO StarRep (System_id,cluster_id,distance_clust_virt_centre,luminosity,no_planets_allowed,angle_in_radians_s,star_color,star_type,star_size)  VALUES ('U2025V2038', 'U2025V2038_0', 4.723809523809524E10, 0.08549660762296285, 'F', 153.0, 'red_.subdw', 'm7', 0.6406);


INSERT INTO ClusterRep (System_id,distance_sys_virt_centre,planetsAllowed,cluster_id,angle_in_radians,cluster_description,number_stars_in_cluster)  VALUES ('U2025V2038', 2.976E12, 'F', 'U2025V2038_1', 4.153883619746504, 'Cluster Number: 1 DOUBLESTAR_BINARY', 0);


INSERT INTO SystemRep (System_id, distance_to_galaxy_centre, ucoordinate, vcoordinate) VALUES ('U2025V2037', 3.4191624438869588E16, 2025.0, 2037.0);


INSERT INTO StarRep (System_id,cluster_id,distance_clust_virt_centre,luminosity,no_planets_allowed,angle_in_radians_s,star_color,star_type,star_size)  VALUES ('U2025V2037', 'U2025V2037_0', 3.2703296703296703E10, 0.027292417220410477, 'F', 159.0, 'red_.mains', 'm5', 0.10750000000000004);


INSERT INTO StarRep (System_id,cluster_id,distance_clust_virt_centre,luminosity,no_planets_allowed,angle_in_radians_s,star_color,star_type,star_size)  VALUES ('U2025V2037', 'U2025V2037_0', 0.0, 0.09081836513285767, 'F', 148.0, 'red_.mains', 'm0', 1.255);


INSERT INTO ClusterRep (System_id,distance_sys_virt_centre,planetsAllowed,cluster_id,angle_in_radians,cluster_description,number_stars_in_cluster)  VALUES ('U2025V2037', 1.2939130434782608E11, 'F', 'U2025V2037_1', 2.321287905152458, 'Cluster Number: 1 DOUBLESTAR_BINARY', 0);


INSERT INTO SystemRep (System_id, distance_to_galaxy_centre, ucoordinate, vcoordinate) VALUES ('U2025V2036', 3.41831832400661E16, 2025.0, 2036.0);


INSERT INTO SystemRep (System_id, distance_to_galaxy_centre, ucoordinate, vcoordinate) VALUES ('U2025V2035', 3.4174744102766884E16, 2025.0, 2035.0);


INSERT INTO StarRep (System_id,cluster_id,distance_clust_virt_centre,luminosity,no_planets_allowed,angle_in_radians_s,star_color,star_type,star_size)  VALUES ('U2025V2035', 'U2025V2035_0', 1.24E11, 0.123, 'F', 26.0, 'orng.mains', 'k8', 1.2120000000000002);


INSERT INTO StarRep (System_id,cluster_id,distance_clust_virt_centre,luminosity,no_planets_allowed,angle_in_radians_s,star_color,star_type,star_size)  VALUES ('U2025V2035', 'U2025V2035_0', 3.4206896551724136E10, 1.69E8, 'F', 150.0, 'blue.sg.ii', 'o8', 12.0);


INSERT INTO ClusterRep (System_id,distance_sys_virt_centre,planetsAllowed,cluster_id,angle_in_radians,cluster_description,number_stars_in_cluster)  VALUES ('U2025V2035', 6.073469387755102E10, 'F', 'U2025V2035_1', 5.026548245743669, 'Cluster Number: 1 DOUBLESTAR_BINARY', 0);


INSERT INTO SystemRep (System_id, distance_to_galaxy_centre, ucoordinate, vcoordinate) VALUES ('U2025V2034', 3.4166307028499524E16, 2025.0, 2034.0);


INSERT INTO SystemRep (System_id, distance_to_galaxy_centre, ucoordinate, vcoordinate) VALUES ('U2025V2033', 3.415787201879274E16, 2025.0, 2033.0);


INSERT INTO StarRep (System_id,cluster_id,distance_clust_virt_centre,luminosity,no_planets_allowed,angle_in_radians_s,star_color,star_type,star_size)  VALUES ('U2025V2033', 'U2025V2033_0', 1.488E11, 0.12298187312158639, 'F', 307.0, 'orng.mains', 'k8', 1.2120000000000002);


INSERT INTO StarRep (System_id,cluster_id,distance_clust_virt_centre,luminosity,no_planets_allowed,angle_in_radians_s,star_color,star_type,star_size)  VALUES ('U2025V2033', 'U2025V2033_0', 1.984E11, 0.123, 'F', 159.0, 'orng.mains', 'k8', 1.2120000000000002);


INSERT INTO ClusterRep (System_id,distance_sys_virt_centre,planetsAllowed,cluster_id,angle_in_radians,cluster_description,number_stars_in_cluster)  VALUES ('U2025V2033', 6.613333333333334E11, 'F', 'U2025V2033_1', 2.426007660272118, 'Cluster Number: 1 DOUBLESTAR_BINARY', 0);


INSERT INTO SystemRep (System_id, distance_to_galaxy_centre, ucoordinate, vcoordinate) VALUES ('U2025V2032', 3.4149439075176388E16, 2025.0, 2032.0);


INSERT INTO StarRep (System_id,cluster_id,distance_clust_virt_centre,luminosity,no_planets_allowed,angle_in_radians_s,star_color,star_type,star_size)  VALUES ('U2025V2032', 'U2025V2032_0', 1.3527272727272728E11, 749.1008963080908, 'F', 346.0, 'whit.gi.ii', 'a6', 18.9);


INSERT INTO StarRep (System_id,cluster_id,distance_clust_virt_centre,luminosity,no_planets_allowed,angle_in_radians_s,star_color,star_type,star_size)  VALUES ('U2025V2032', 'U2025V2032_0', 5.835294117647059E10, 0.999568927497572, 'F', 154.0, 'yelo.mains', 'g2', 43.199999999999996);


INSERT INTO ClusterRep (System_id,distance_sys_virt_centre,planetsAllowed,cluster_id,angle_in_radians,cluster_description,number_stars_in_cluster)  VALUES ('U2025V2032', 1.1230188679245284E11, 'F', 'U2025V2032_1', 0.5759586531581288, 'Cluster Number: 1 DOUBLESTAR_BINARY', 0);


INSERT INTO SystemRep (System_id, distance_to_galaxy_centre, ucoordinate, vcoordinate) VALUES ('U2025V2031', 3.4141008199181464E16, 2025.0, 2031.0);


INSERT INTO StarRep (System_id,cluster_id,distance_clust_virt_centre,luminosity,no_planets_allowed,angle_in_radians_s,star_color,star_type,star_size)  VALUES ('U2025V2031', 'U2025V2031_0', 5.410909090909091E10, 3.85E-5, 'F', 213.0, 'orng.dwarf', 'dk', 0.546);


INSERT INTO StarRep (System_id,cluster_id,distance_clust_virt_centre,luminosity,no_planets_allowed,angle_in_radians_s,star_color,star_type,star_size)  VALUES ('U2025V2031', 'U2025V2031_0', 7.63076923076923E10, 0.04653388776699404, 'F', 156.0, 'red_.mains', 'm3', 0.09316666666666662);


INSERT INTO ClusterRep (System_id,distance_sys_virt_centre,planetsAllowed,cluster_id,angle_in_radians,cluster_description,number_stars_in_cluster)  VALUES ('U2025V2031', 1.1904E12, 'F', 'U2025V2031_1', 3.2986722862692828, 'Cluster Number: 1 DOUBLESTAR_BINARY', 0);


INSERT INTO SystemRep (System_id, distance_to_galaxy_centre, ucoordinate, vcoordinate) VALUES ('U2036V2029', 3.421677816812378E16, 2036.0, 2029.0);


INSERT INTO StarRep (System_id,cluster_id,distance_clust_virt_centre,luminosity,no_planets_allowed,angle_in_radians_s,star_color,star_type,star_size)  VALUES ('U2036V2029', 'U2036V2029_0', 4.021621621621622E10, 1315512.5629465054, 'F', 44.0, 'blue.sg.ii', 'o8', 24.0);


INSERT INTO StarRep (System_id,cluster_id,distance_clust_virt_centre,luminosity,no_planets_allowed,angle_in_radians_s,star_color,star_type,star_size)  VALUES ('U2036V2029', 'U2036V2029_0', 1.7505882352941177E11, 0.333, 'F', 306.0, 'orng.mains', 'k1', 1.0615);


INSERT INTO ClusterRep (System_id,distance_sys_virt_centre,planetsAllowed,cluster_id,angle_in_radians,cluster_description,number_stars_in_cluster)  VALUES ('U2036V2029', 9.018181818181818E10, 'F', 'U2036V2029_1', 2.792526803190927, 'Cluster Number: 1 DOUBLESTAR_BINARY', 0);


INSERT INTO SystemRep (System_id, distance_to_galaxy_centre, ucoordinate, vcoordinate) VALUES ('U2025V2030', 3.41325793923401E16, 2025.0, 2030.0);


INSERT INTO StarRep (System_id,cluster_id,distance_clust_virt_centre,luminosity,no_planets_allowed,angle_in_radians_s,star_color,star_type,star_size)  VALUES ('U2025V2030', 'U2025V2030_0', 1.566315789473684E11, 7400.0, 'F', 267.0, 'yelo.sg.i ', 'g3', 27.500000000000004);


INSERT INTO StarRep (System_id,cluster_id,distance_clust_virt_centre,luminosity,no_planets_allowed,angle_in_radians_s,star_color,star_type,star_size)  VALUES ('U2025V2030', 'U2025V2030_0', 3.864935064935065E10, 0.0134, 'F', 163.0, 'red_.mains', 'm7', 0.12183333333333335);


INSERT INTO ClusterRep (System_id,distance_sys_virt_centre,planetsAllowed,cluster_id,angle_in_radians,cluster_description,number_stars_in_cluster)  VALUES ('U2025V2030', 9.447619047619048E10, 'F', 'U2025V2030_1', 4.258603374866164, 'Cluster Number: 1 DOUBLESTAR_BINARY', 0);


INSERT INTO SystemRep (System_id, distance_to_galaxy_centre, ucoordinate, vcoordinate) VALUES ('U2036V2028', 3.420837631553535E16, 2036.0, 2028.0);


INSERT INTO StarRep (System_id,cluster_id,distance_clust_virt_centre,luminosity,no_planets_allowed,angle_in_radians_s,star_color,star_type,star_size)  VALUES ('U2036V2028', 'U2036V2028_0', 4.251428571428571E10, 2.8E-5, 'F', 324.0, 'red_.dwarf', 'dm', 0.6413333333333334);


INSERT INTO StarRep (System_id,cluster_id,distance_clust_virt_centre,luminosity,no_planets_allowed,angle_in_radians_s,star_color,star_type,star_size)  VALUES ('U2036V2028', 'U2036V2028_0', 6.920930232558139E10, 2.95E-5, 'F', 315.0, 'red_.dwarf', 'dm', 0.6153333333333334);


INSERT INTO ClusterRep (System_id,distance_sys_virt_centre,planetsAllowed,cluster_id,angle_in_radians,cluster_description,number_stars_in_cluster)  VALUES ('U2036V2028', 7.83157894736842E10, 'F', 'U2036V2028_1', 0.19198621771937624, 'Cluster Number: 1 DOUBLESTAR_BINARY', 0);


INSERT INTO SystemRep (System_id, distance_to_galaxy_centre, ucoordinate, vcoordinate) VALUES ('U2036V2027', 3.4199976542307744E16, 2036.0, 2027.0);


INSERT INTO SystemRep (System_id, distance_to_galaxy_centre, ucoordinate, vcoordinate) VALUES ('U2036V2026', 3.4191578849973452E16, 2036.0, 2026.0);


INSERT INTO SystemRep (System_id, distance_to_galaxy_centre, ucoordinate, vcoordinate) VALUES ('U2036V2025', 3.41831832400661E16, 2036.0, 2025.0);


INSERT INTO StarRep (System_id,cluster_id,distance_clust_virt_centre,luminosity,no_planets_allowed,angle_in_radians_s,star_color,star_type,star_size)  VALUES ('U2036V2025', 'U2036V2025_0', 4.1333333333333336E10, 0.2155976242677699, 'F', 4.0, 'orng.mains', 'k4', 1.126);


INSERT INTO StarRep (System_id,cluster_id,distance_clust_virt_centre,luminosity,no_planets_allowed,angle_in_radians_s,star_color,star_type,star_size)  VALUES ('U2036V2025', 'U2036V2025_0', 3.72E10, 0.216, 'F', 310.0, 'orng.mains', 'k4', 1.126);


INSERT INTO ClusterRep (System_id,distance_sys_virt_centre,planetsAllowed,cluster_id,angle_in_radians,cluster_description,number_stars_in_cluster)  VALUES ('U2036V2025', 2.834285714285714E11, 'F', 'U2036V2025_1', 4.625122517784973, 'Cluster Number: 1 DOUBLESTAR_BINARY', 0);


INSERT INTO SystemRep (System_id, distance_to_galaxy_centre, ucoordinate, vcoordinate) VALUES ('U2036V2024', 3.4174789714120436E16, 2036.0, 2024.0);


INSERT INTO StarRep (System_id,cluster_id,distance_clust_virt_centre,luminosity,no_planets_allowed,angle_in_radians_s,star_color,star_type,star_size)  VALUES ('U2036V2024', 'U2036V2024_0', 5.044067796610169E10, 141000.0, 'F', 167.0, 'blue.mains', 'o8', 5.166666666666667);


INSERT INTO StarRep (System_id,cluster_id,distance_clust_virt_centre,luminosity,no_planets_allowed,angle_in_radians_s,star_color,star_type,star_size)  VALUES ('U2036V2024', 'U2036V2024_0', 7.63076923076923E10, 0.9438289777159637, 'F', 21.0, 'yelo.mains', 'g3', 43.8);


INSERT INTO ClusterRep (System_id,distance_sys_virt_centre,planetsAllowed,cluster_id,angle_in_radians,cluster_description,number_stars_in_cluster)  VALUES ('U2036V2024', 1.24E11, 'F', 'U2036V2024_1', 3.752457891787808, 'Cluster Number: 1 DOUBLESTAR_BINARY', 0);


INSERT INTO SystemRep (System_id, distance_to_galaxy_centre, ucoordinate, vcoordinate) VALUES ('U2036V2023', 3.4166398273672336E16, 2036.0, 2023.0);


INSERT INTO SystemRep (System_id, distance_to_galaxy_centre, ucoordinate, vcoordinate) VALUES ('U2036V2022', 3.4158008920258804E16, 2036.0, 2022.0);


INSERT INTO SystemRep (System_id, distance_to_galaxy_centre, ucoordinate, vcoordinate) VALUES ('U2036V2021', 3.4149621655417972E16, 2036.0, 2021.0);


INSERT INTO SystemRep (System_id, distance_to_galaxy_centre, ucoordinate, vcoordinate) VALUES ('U2036V2020', 3.4141236480689096E16, 2036.0, 2020.0);


INSERT INTO SystemRep (System_id, distance_to_galaxy_centre, ucoordinate, vcoordinate) VALUES ('U2032V2029', 3.4183067166827496E16, 2032.0, 2029.0);


INSERT INTO SystemRep (System_id, distance_to_galaxy_centre, ucoordinate, vcoordinate) VALUES ('U2032V2028', 3.4174657026377424E16, 2032.0, 2028.0);


INSERT INTO SystemRep (System_id, distance_to_galaxy_centre, ucoordinate, vcoordinate) VALUES ('U2032V2027', 3.4166248963262676E16, 2032.0, 2027.0);


INSERT INTO StarRep (System_id,cluster_id,distance_clust_virt_centre,luminosity,no_planets_allowed,angle_in_radians_s,star_color,star_type,star_size)  VALUES ('U2032V2027', 'U2032V2027_0', 4.251428571428571E10, 4.37, 'F', 185.0, 'orng.subgi', 'k7', 2.833333333333333);


INSERT INTO StarRep (System_id,cluster_id,distance_clust_virt_centre,luminosity,no_planets_allowed,angle_in_radians_s,star_color,star_type,star_size)  VALUES ('U2032V2027', 'U2032V2027_0', 5.835294117647059E10, 0.013385546939213216, 'F', 154.0, 'red_.mains', 'm7', 0.12183333333333335);


INSERT INTO ClusterRep (System_id,distance_sys_virt_centre,planetsAllowed,cluster_id,angle_in_radians,cluster_description,number_stars_in_cluster)  VALUES ('U2032V2027', 1.2663829787234042E11, 'F', 'U2032V2027_1', 5.88175957922089, 'Cluster Number: 1 DOUBLESTAR_BINARY', 0);


INSERT INTO SystemRep (System_id, distance_to_galaxy_centre, ucoordinate, vcoordinate) VALUES ('U2032V2026', 3.415784297901728E16, 2032.0, 2026.0);


INSERT INTO SystemRep (System_id, distance_to_galaxy_centre, ucoordinate, vcoordinate) VALUES ('U2032V2025', 3.4149439075176388E16, 2032.0, 2025.0);


INSERT INTO StarRep (System_id,cluster_id,distance_clust_virt_centre,luminosity,no_planets_allowed,angle_in_radians_s,star_color,star_type,star_size)  VALUES ('U2032V2025', 'U2032V2025_0', 4.441791044776119E10, 145496.78926551546, 'F', 105.0, 'blue.subgi', 'o8', 30.0);


INSERT INTO StarRep (System_id,cluster_id,distance_clust_virt_centre,luminosity,no_planets_allowed,angle_in_radians_s,star_color,star_type,star_size)  VALUES ('U2032V2025', 'U2032V2025_0', 3.864935064935065E10, 0.40638539008738384, 'F', 163.0, 'yelo.mains', 'g9', 47.4);


INSERT INTO ClusterRep (System_id,distance_sys_virt_centre,planetsAllowed,cluster_id,angle_in_radians,cluster_description,number_stars_in_cluster)  VALUES ('U2032V2025', 1.0442105263157895E11, 'F', 'U2032V2025_1', 3.2812189937493397, 'Cluster Number: 1 DOUBLESTAR_BINARY', 0);


INSERT INTO SystemRep (System_id, distance_to_galaxy_centre, ucoordinate, vcoordinate) VALUES ('U2032V2024', 3.4141037253276296E16, 2032.0, 2024.0);


INSERT INTO SystemRep (System_id, distance_to_galaxy_centre, ucoordinate, vcoordinate) VALUES ('U2032V2023', 3.4132637514854428E16, 2032.0, 2023.0);


INSERT INTO SystemRep (System_id, distance_to_galaxy_centre, ucoordinate, vcoordinate) VALUES ('U2032V2022', 3.4124239861449336E16, 2032.0, 2022.0);


INSERT INTO SystemRep (System_id, distance_to_galaxy_centre, ucoordinate, vcoordinate) VALUES ('U2032V2021', 3.411584429460071E16, 2032.0, 2021.0);


INSERT INTO SystemRep (System_id, distance_to_galaxy_centre, ucoordinate, vcoordinate) VALUES ('U2032V2020', 3.4107450815849372E16, 2032.0, 2020.0);


INSERT INTO StarRep (System_id,cluster_id,distance_clust_virt_centre,luminosity,no_planets_allowed,angle_in_radians_s,star_color,star_type,star_size)  VALUES ('U2032V2020', 'U2032V2020_0', 0.0, 3.75E-5, 'F', 332.0, 'orng.dwarf', 'dk', 0.5633333333333334);


INSERT INTO StarRep (System_id,cluster_id,distance_clust_virt_centre,luminosity,no_planets_allowed,angle_in_radians_s,star_color,star_type,star_size)  VALUES ('U2032V2020', 'U2032V2020_0', 4.578461538461539E10, 0.04611605395566673, 'F', 165.0, 'red_.mains', 'm3', 0.09316666666666662);


INSERT INTO ClusterRep (System_id,distance_sys_virt_centre,planetsAllowed,cluster_id,angle_in_radians,cluster_description,number_stars_in_cluster)  VALUES ('U2032V2020', 6.613333333333334E11, 'F', 'U2032V2020_1', 5.986479334340551, 'Cluster Number: 1 DOUBLESTAR_BINARY', 0);


INSERT INTO SystemRep (System_id, distance_to_galaxy_centre, ucoordinate, vcoordinate) VALUES ('U2038V2039', 3.431773725777153E16, 2038.0, 2039.0);


INSERT INTO SystemRep (System_id, distance_to_galaxy_centre, ucoordinate, vcoordinate) VALUES ('U2038V2038', 3.430931882634524E16, 2038.0, 2038.0);


INSERT INTO StarRep (System_id,cluster_id,distance_clust_virt_centre,luminosity,no_planets_allowed,angle_in_radians_s,star_color,star_type,star_size)  VALUES ('U2038V2038', 'U2038V2038_0', 9.92E11, 0.408, 'F', 200.0, 'yelo.mains', 'g9', 47.4);


INSERT INTO StarRep (System_id,cluster_id,distance_clust_virt_centre,luminosity,no_planets_allowed,angle_in_radians_s,star_color,star_type,star_size)  VALUES ('U2038V2038', 'U2038V2038_0', 5.835294117647059E10, 0.07287017936818692, 'F', 199.0, 'red_.mains', 'm1', 0.07883333333333331);


INSERT INTO ClusterRep (System_id,distance_sys_virt_centre,planetsAllowed,cluster_id,angle_in_radians,cluster_description,number_stars_in_cluster)  VALUES ('U2038V2038', 0.0, 'F', 'U2038V2038_1', 1.53588974175501, 'Cluster Number: 1 DOUBLESTAR_BINARY', 0);


INSERT INTO SystemRep (System_id, distance_to_galaxy_centre, ucoordinate, vcoordinate) VALUES ('U2038V2037', 3.430090246003169E16, 2038.0, 2037.0);


INSERT INTO StarRep (System_id,cluster_id,distance_clust_virt_centre,luminosity,no_planets_allowed,angle_in_radians_s,star_color,star_type,star_size)  VALUES ('U2038V2037', 'U2038V2037_0', 8.502857142857143E10, 7.58801208256133, 'F', 67.0, 'pyel.mains', 'f1', 36.599999999999994);


INSERT INTO StarRep (System_id,cluster_id,distance_clust_virt_centre,luminosity,no_planets_allowed,angle_in_radians_s,star_color,star_type,star_size)  VALUES ('U2038V2037', 'U2038V2037_0', 7.63076923076923E10, 14665.960348647353, 'F', 201.0, 'orng.sg.i ', 'k2', 28.0);


INSERT INTO ClusterRep (System_id,distance_sys_virt_centre,planetsAllowed,cluster_id,angle_in_radians,cluster_description,number_stars_in_cluster)  VALUES ('U2038V2037', 1.1670588235294118E11, 'F', 'U2038V2037_1', 4.241150082346221, 'Cluster Number: 1 DOUBLESTAR_BINARY', 0);


INSERT INTO SystemRep (System_id, distance_to_galaxy_centre, ucoordinate, vcoordinate) VALUES ('U2038V2036', 3.4292488160351388E16, 2038.0, 2036.0);


INSERT INTO SystemRep (System_id, distance_to_galaxy_centre, ucoordinate, vcoordinate) VALUES ('U2038V2035', 3.4284075928825964E16, 2038.0, 2035.0);


INSERT INTO StarRep (System_id,cluster_id,distance_clust_virt_centre,luminosity,no_planets_allowed,angle_in_radians_s,star_color,star_type,star_size)  VALUES ('U2038V2035', 'U2038V2035_0', 4.3130434782608696E10, 0.21571955444753282, 'F', 334.0, 'orng.mains', 'k4', 1.126);


INSERT INTO StarRep (System_id,cluster_id,distance_clust_virt_centre,luminosity,no_planets_allowed,angle_in_radians_s,star_color,star_type,star_size)  VALUES ('U2038V2035', 'U2038V2035_0', 4.723809523809524E10, 4.320594516587878, 'F', 198.0, 'pyel.mains', 'f3', 37.800000000000004);


INSERT INTO ClusterRep (System_id,distance_sys_virt_centre,planetsAllowed,cluster_id,angle_in_radians,cluster_description,number_stars_in_cluster)  VALUES ('U2038V2035', 1.24E11, 'F', 'U2038V2035_1', 5.113814708343385, 'Cluster Number: 1 DOUBLESTAR_BINARY', 0);


INSERT INTO SystemRep (System_id, distance_to_galaxy_centre, ucoordinate, vcoordinate) VALUES ('U2038V2034', 3.427566576697818E16, 2038.0, 2034.0);


INSERT INTO SystemRep (System_id, distance_to_galaxy_centre, ucoordinate, vcoordinate) VALUES ('U2038V2033', 3.4267257676331908E16, 2038.0, 2033.0);


INSERT INTO StarRep (System_id,cluster_id,distance_clust_virt_centre,luminosity,no_planets_allowed,angle_in_radians_s,star_color,star_type,star_size)  VALUES ('U2038V2033', 'U2038V2033_0', 9.018181818181818E10, 0.04640341068461301, 'F', 27.0, 'red_.mains', 'm3', 0.09316666666666662);


INSERT INTO StarRep (System_id,cluster_id,distance_clust_virt_centre,luminosity,no_planets_allowed,angle_in_radians_s,star_color,star_type,star_size)  VALUES ('U2038V2033', 'U2038V2033_0', 9.92E11, 0.9417886510989147, 'F', 205.0, 'yelo.mains', 'g3', 43.8);


INSERT INTO ClusterRep (System_id,distance_sys_virt_centre,planetsAllowed,cluster_id,angle_in_radians,cluster_description,number_stars_in_cluster)  VALUES ('U2038V2033', 9.92E11, 'F', 'U2038V2033_1', 6.09119908946021, 'Cluster Number: 1 DOUBLESTAR_BINARY', 0);


INSERT INTO SystemRep (System_id, distance_to_galaxy_centre, ucoordinate, vcoordinate) VALUES ('U2038V2032', 3.4258851658412136E16, 2038.0, 2032.0);


INSERT INTO SystemRep (System_id, distance_to_galaxy_centre, ucoordinate, vcoordinate) VALUES ('U2038V2031', 3.4250447714744984E16, 2038.0, 2031.0);


INSERT INTO SystemRep (System_id, distance_to_galaxy_centre, ucoordinate, vcoordinate) VALUES ('U2038V2030', 3.4242045846857692E16, 2038.0, 2030.0);


INSERT INTO StarRep (System_id,cluster_id,distance_clust_virt_centre,luminosity,no_planets_allowed,angle_in_radians_s,star_color,star_type,star_size)  VALUES ('U2038V2030', 'U2038V2030_0', 4.509090909090909E10, 0.162, 'F', 254.0, 'orng.mains', 'k6', 1.169);


INSERT INTO StarRep (System_id,cluster_id,distance_clust_virt_centre,luminosity,no_planets_allowed,angle_in_radians_s,star_color,star_type,star_size)  VALUES ('U2038V2030', 'U2038V2030_0', 3.343820224719101E10, 0.027338192677385836, 'F', 207.0, 'red_.mains', 'm5', 0.10750000000000004);


INSERT INTO ClusterRep (System_id,distance_sys_virt_centre,planetsAllowed,cluster_id,angle_in_radians,cluster_description,number_stars_in_cluster)  VALUES ('U2038V2030', 1.0262068965517241E11, 'F', 'U2038V2030_1', 2.5132741228718345, 'Cluster Number: 1 DOUBLESTAR_BINARY', 0);


INSERT INTO SystemRep (System_id, distance_to_galaxy_centre, ucoordinate, vcoordinate) VALUES ('U2032V2039', 3.426728248809234E16, 2032.0, 2039.0);


INSERT INTO SystemRep (System_id, distance_to_galaxy_centre, ucoordinate, vcoordinate) VALUES ('U2032V2038', 3.4258851658412136E16, 2032.0, 2038.0);


INSERT INTO StarRep (System_id,cluster_id,distance_clust_virt_centre,luminosity,no_planets_allowed,angle_in_radians_s,star_color,star_type,star_size)  VALUES ('U2032V2038', 'U2032V2038_0', 7.44E10, 0.01331516116530323, 'F', 358.0, 'red_.mains', 'm7', 0.12183333333333335);


INSERT INTO StarRep (System_id,cluster_id,distance_clust_virt_centre,luminosity,no_planets_allowed,angle_in_radians_s,star_color,star_type,star_size)  VALUES ('U2032V2038', 'U2032V2038_0', 0.0, 4.302, 'F', 148.0, 'red_.subgi', 'm6', 4.333333333333334);


INSERT INTO ClusterRep (System_id,distance_sys_virt_centre,planetsAllowed,cluster_id,angle_in_radians,cluster_description,number_stars_in_cluster)  VALUES ('U2032V2038', 1.488E11, 'F', 'U2032V2038_1', 1.3439035240356338, 'Cluster Number: 1 DOUBLESTAR_BINARY', 0);


INSERT INTO SystemRep (System_id, distance_to_galaxy_centre, ucoordinate, vcoordinate) VALUES ('U2032V2037', 3.425042289078907E16, 2032.0, 2037.0);


INSERT INTO StarRep (System_id,cluster_id,distance_clust_virt_centre,luminosity,no_planets_allowed,angle_in_radians_s,star_color,star_type,star_size)  VALUES ('U2032V2037', 'U2032V2037_0', 4.1333333333333336E10, 0.07273596298216767, 'F', 225.0, 'red_.mains', 'm1', 0.07883333333333331);


INSERT INTO StarRep (System_id,cluster_id,distance_clust_virt_centre,luminosity,no_planets_allowed,angle_in_radians_s,star_color,star_type,star_size)  VALUES ('U2032V2037', 'U2032V2037_0', 3.4206896551724136E10, 0.123, 'F', 150.0, 'orng.mains', 'k8', 1.2120000000000002);


INSERT INTO ClusterRep (System_id,distance_sys_virt_centre,planetsAllowed,cluster_id,angle_in_radians,cluster_description,number_stars_in_cluster)  VALUES ('U2032V2037', 6.540659340659341E10, 'F', 'U2032V2037_1', 4.049163864626845, 'Cluster Number: 1 DOUBLESTAR_BINARY', 0);


INSERT INTO SystemRep (System_id, distance_to_galaxy_centre, ucoordinate, vcoordinate) VALUES ('U2032V2036', 3.424199618674589E16, 2032.0, 2036.0);


INSERT INTO SystemRep (System_id, distance_to_galaxy_centre, ucoordinate, vcoordinate) VALUES ('U2032V2035', 3.423357154780646E16, 2032.0, 2035.0);


INSERT INTO StarRep (System_id,cluster_id,distance_clust_virt_centre,luminosity,no_planets_allowed,angle_in_radians_s,star_color,star_type,star_size)  VALUES ('U2032V2035', 'U2032V2035_0', 8.266666666666667E10, 0.0134, 'F', 278.0, 'red_.mains', 'm7', 0.12183333333333335);


INSERT INTO StarRep (System_id,cluster_id,distance_clust_virt_centre,luminosity,no_planets_allowed,angle_in_radians_s,star_color,star_type,star_size)  VALUES ('U2032V2035', 'U2032V2035_0', 1.1022222222222223E11, 0.21441655364005166, 'F', 157.0, 'orng.mains', 'k4', 1.126);


INSERT INTO ClusterRep (System_id,distance_sys_virt_centre,planetsAllowed,cluster_id,angle_in_radians,cluster_description,number_stars_in_cluster)  VALUES ('U2032V2035', 1.1904E11, 'F', 'U2032V2035_1', 5.009094953223726, 'Cluster Number: 1 DOUBLESTAR_BINARY', 0);


INSERT INTO SystemRep (System_id, distance_to_galaxy_centre, ucoordinate, vcoordinate) VALUES ('U2032V2034', 3.422514897549578E16, 2032.0, 2034.0);


INSERT INTO StarRep (System_id,cluster_id,distance_clust_virt_centre,luminosity,no_planets_allowed,angle_in_radians_s,star_color,star_type,star_size)  VALUES ('U2032V2034', 'U2032V2034_0', 4.3130434782608696E10, 0.07321807074239677, 'F', 145.0, 'red_.mains', 'm1', 0.07883333333333331);


INSERT INTO StarRep (System_id,cluster_id,distance_clust_virt_centre,luminosity,no_planets_allowed,angle_in_radians_s,star_color,star_type,star_size)  VALUES ('U2032V2034', 'U2032V2034_0', 1.984E11, 52.907835840992185, 'F', 159.0, 'pyel.gi.i ', 'f0', 2.5);


INSERT INTO ClusterRep (System_id,distance_sys_virt_centre,planetsAllowed,cluster_id,angle_in_radians,cluster_description,number_stars_in_cluster)  VALUES ('U2032V2034', 2.976E12, 'F', 'U2032V2034_1', 1.43116998663535, 'Cluster Number: 1 DOUBLESTAR_BINARY', 0);


INSERT INTO SystemRep (System_id, distance_to_galaxy_centre, ucoordinate, vcoordinate) VALUES ('U2032V2033', 3.421672847133998E16, 2032.0, 2033.0);


INSERT INTO SystemRep (System_id, distance_to_galaxy_centre, ucoordinate, vcoordinate) VALUES ('U2032V2032', 3.4208310036866304E16, 2032.0, 2032.0);


INSERT INTO SystemRep (System_id, distance_to_galaxy_centre, ucoordinate, vcoordinate) VALUES ('U2032V2031', 3.419989367360314E16, 2032.0, 2031.0);


INSERT INTO SystemRep (System_id, distance_to_galaxy_centre, ucoordinate, vcoordinate) VALUES ('U2032V2030', 3.4191479383079988E16, 2032.0, 2030.0);


INSERT INTO SystemRep (System_id, distance_to_galaxy_centre, ucoordinate, vcoordinate) VALUES ('U2026V2039', 3.4216902409767484E16, 2026.0, 2039.0);


INSERT INTO StarRep (System_id,cluster_id,distance_clust_virt_centre,luminosity,no_planets_allowed,angle_in_radians_s,star_color,star_type,star_size)  VALUES ('U2026V2039', 'U2026V2039_0', 4.3130434782608696E10, 0.04588052903065784, 'F', 6.0, 'red_.mains', 'm3', 0.09316666666666662);


INSERT INTO ClusterRep (System_id,distance_sys_virt_centre,planetsAllowed,cluster_id,angle_in_radians,cluster_description,number_stars_in_cluster)  VALUES ('U2026V2039', 6.136082474226804E10, 'T', 'U2026V2039_0', 2.0943951023931953, 'Cluster Number: 0 SINGLESTAR', 1);


INSERT INTO SystemRep (System_id, distance_to_galaxy_centre, ucoordinate, vcoordinate) VALUES ('U2026V2038', 3.4208459163691076E16, 2026.0, 2038.0);


INSERT INTO StarRep (System_id,cluster_id,distance_clust_virt_centre,luminosity,no_planets_allowed,angle_in_radians_s,star_color,star_type,star_size)  VALUES ('U2026V2038', 'U2026V2038_0', 1.566315789473684E11, 13.5, 'F', 231.0, 'whit.mains', 'a7', 34.199999999999996);


INSERT INTO ClusterRep (System_id,distance_sys_virt_centre,planetsAllowed,cluster_id,angle_in_radians,cluster_description,number_stars_in_cluster)  VALUES ('U2026V2038', 2.976E12, 'T', 'U2026V2038_0', 1.0297442586766543, 'Cluster Number: 0 SINGLESTAR', 1);


INSERT INTO SystemRep (System_id, distance_to_galaxy_centre, ucoordinate, vcoordinate) VALUES ('U2026V2037', 3.4200017976584748E16, 2026.0, 2037.0);


INSERT INTO SystemRep (System_id, distance_to_galaxy_centre, ucoordinate, vcoordinate) VALUES ('U2026V2036', 3.4191578849973452E16, 2026.0, 2036.0);


INSERT INTO StarRep (System_id,cluster_id,distance_clust_virt_centre,luminosity,no_planets_allowed,angle_in_radians_s,star_color,star_type,star_size)  VALUES ('U2026V2036', 'U2026V2036_0', 5.615094339622642E10, 0.1613478195557997, 'F', 137.0, 'orng.mains', 'k6', 1.169);


INSERT INTO ClusterRep (System_id,distance_sys_virt_centre,planetsAllowed,cluster_id,angle_in_radians,cluster_description,number_stars_in_cluster)  VALUES ('U2026V2036', 3.306666666666667E11, 'T', 'U2026V2036_0', 0.4537856055185257, 'Cluster Number: 0 SINGLESTAR', 1);


INSERT INTO SystemRep (System_id, distance_to_galaxy_centre, ucoordinate, vcoordinate) VALUES ('U2026V2035', 3.4183141785383276E16, 2026.0, 2035.0);


INSERT INTO SystemRep (System_id, distance_to_galaxy_centre, ucoordinate, vcoordinate) VALUES ('U2026V2034', 3.4174706784341428E16, 2026.0, 2034.0);


INSERT INTO StarRep (System_id,cluster_id,distance_clust_virt_centre,luminosity,no_planets_allowed,angle_in_radians_s,star_color,star_type,star_size)  VALUES ('U2026V2034', 'U2026V2034_0', 3.5011764705882355E10, 2.3179049466481665, 'F', 4.0, 'pyel.mains', 'f6', 39.6);


INSERT INTO ClusterRep (System_id,distance_sys_virt_centre,planetsAllowed,cluster_id,angle_in_radians,cluster_description,number_stars_in_cluster)  VALUES ('U2026V2034', 1.0088135593220338E11, 'T', 'U2026V2034_0', 0.7330382858376184, 'Cluster Number: 0 SINGLESTAR', 1);


INSERT INTO SystemRep (System_id, distance_to_galaxy_centre, ucoordinate, vcoordinate) VALUES ('U2026V2033', 3.4166273848376268E16, 2026.0, 2033.0);


INSERT INTO StarRep (System_id,cluster_id,distance_clust_virt_centre,luminosity,no_planets_allowed,angle_in_radians_s,star_color,star_type,star_size)  VALUES ('U2026V2033', 'U2026V2033_0', 3.629268292682927E10, 0.9424218305328016, 'F', 284.0, 'yelo.mains', 'g3', 43.8);


INSERT INTO ClusterRep (System_id,distance_sys_virt_centre,planetsAllowed,cluster_id,angle_in_radians,cluster_description,number_stars_in_cluster)  VALUES ('U2026V2033', 4.578461538461539E11, 'T', 'U2026V2033_0', 2.443460952792061, 'Cluster Number: 0 SINGLESTAR', 1);


INSERT INTO SystemRep (System_id, distance_to_galaxy_centre, ucoordinate, vcoordinate) VALUES ('U2026V2032', 3.415784297901728E16, 2026.0, 2032.0);


INSERT INTO StarRep (System_id,cluster_id,distance_clust_virt_centre,luminosity,no_planets_allowed,angle_in_radians_s,star_color,star_type,star_size)  VALUES ('U2026V2032', 'U2026V2032_0', 2.48E11, 2.3125277792115266, 'F', 238.0, 'pyel.mains', 'f6', 39.6);


INSERT INTO StarRep (System_id,cluster_id,distance_clust_virt_centre,luminosity,no_planets_allowed,angle_in_radians_s,star_color,star_type,star_size)  VALUES ('U2026V2032', 'U2026V2032_0', 7.44E11, 0.0466, 'F', 99.0, 'red_.mains', 'm3', 0.09316666666666662);


INSERT INTO ClusterRep (System_id,distance_sys_virt_centre,planetsAllowed,cluster_id,angle_in_radians,cluster_description,number_stars_in_cluster)  VALUES ('U2026V2032', 1.4517073170731708E11, 'F', 'U2026V2032_1', 0.9773843811168246, 'Cluster Number: 1 DOUBLESTAR_BINARY', 0);


INSERT INTO SystemRep (System_id, distance_to_galaxy_centre, ucoordinate, vcoordinate) VALUES ('U2026V2031', 3.414941417779509E16, 2026.0, 2031.0);


INSERT INTO SystemRep (System_id, distance_to_galaxy_centre, ucoordinate, vcoordinate) VALUES ('U2026V2030', 3.414098744624145E16, 2026.0, 2030.0);


INSERT INTO StarRep (System_id,cluster_id,distance_clust_virt_centre,luminosity,no_planets_allowed,angle_in_radians_s,star_color,star_type,star_size)  VALUES ('U2026V2030', 'U2026V2030_0', 6.469565217391304E10, 0.04594745255947281, 'F', 144.0, 'red_.mains', 'm3', 0.09316666666666662);


INSERT INTO StarRep (System_id,cluster_id,distance_clust_virt_centre,luminosity,no_planets_allowed,angle_in_radians_s,star_color,star_type,star_size)  VALUES ('U2026V2030', 'U2026V2030_0', 1.0628571428571428E11, 3.4, 'F', 96.0, 'ltbl.subdw', 'b9', 0.2795000000000001);


INSERT INTO ClusterRep (System_id,distance_sys_virt_centre,planetsAllowed,cluster_id,angle_in_radians,cluster_description,number_stars_in_cluster)  VALUES ('U2026V2030', 1.566315789473684E11, 'F', 'U2026V2030_1', 1.8325957145940461, 'Cluster Number: 1 DOUBLESTAR_BINARY', 0);


INSERT INTO SystemRep (System_id, distance_to_galaxy_centre, ucoordinate, vcoordinate) VALUES ('U2020V2039', 3.416659735320355E16, 2020.0, 2039.0);


INSERT INTO StarRep (System_id,cluster_id,distance_clust_virt_centre,luminosity,no_planets_allowed,angle_in_radians_s,star_color,star_type,star_size)  VALUES ('U2020V2039', 'U2020V2039_0', 3.1326315789473682E10, 140862.12784086354, 'F', 230.0, 'blue.mains', 'o8', 5.166666666666667);


INSERT INTO StarRep (System_id,cluster_id,distance_clust_virt_centre,luminosity,no_planets_allowed,angle_in_radians_s,star_color,star_type,star_size)  VALUES ('U2020V2039', 'U2020V2039_0', 5.615094339622642E10, 0.0134, 'F', 256.0, 'red_.mains', 'm7', 0.12183333333333335);


INSERT INTO ClusterRep (System_id,distance_sys_virt_centre,planetsAllowed,cluster_id,angle_in_radians,cluster_description,number_stars_in_cluster)  VALUES ('U2020V2039', 9.156923076923077E10, 'F', 'U2020V2039_1', 0.0, 'Cluster Number: 1 DOUBLESTAR_BINARY', 0);


INSERT INTO SystemRep (System_id, distance_to_galaxy_centre, ucoordinate, vcoordinate) VALUES ('U2020V2038', 3.41581416726716E16, 2020.0, 2038.0);


INSERT INTO StarRep (System_id,cluster_id,distance_clust_virt_centre,luminosity,no_planets_allowed,angle_in_radians_s,star_color,star_type,star_size)  VALUES ('U2020V2038', 'U2020V2038_0', 3.234782608695652E10, 3.18, 'F', 150.0, 'pyel.mains', 'f4', 38.4);


INSERT INTO StarRep (System_id,cluster_id,distance_clust_virt_centre,luminosity,no_planets_allowed,angle_in_radians_s,star_color,star_type,star_size)  VALUES ('U2020V2038', 'U2020V2038_0', 3.72E10, 2.32, 'F', 265.0, 'pyel.mains', 'f6', 39.6);


INSERT INTO ClusterRep (System_id,distance_sys_virt_centre,planetsAllowed,cluster_id,angle_in_radians,cluster_description,number_stars_in_cluster)  VALUES ('U2020V2038', 7.936E10, 'F', 'U2020V2038_1', 3.6826447217080354, 'Cluster Number: 1 DOUBLESTAR_BINARY', 0);


INSERT INTO SystemRep (System_id, distance_to_galaxy_centre, ucoordinate, vcoordinate) VALUES ('U2020V2037', 3.4149688047991068E16, 2020.0, 2037.0);


INSERT INTO StarRep (System_id,cluster_id,distance_clust_virt_centre,luminosity,no_planets_allowed,angle_in_radians_s,star_color,star_type,star_size)  VALUES ('U2020V2037', 'U2020V2037_0', 1.1904E11, 710805.3184074066, 'F', 17.0, 'ltbl.sg.i ', 'b5', 22.5);


INSERT INTO StarRep (System_id,cluster_id,distance_clust_virt_centre,luminosity,no_planets_allowed,angle_in_radians_s,star_color,star_type,star_size)  VALUES ('U2020V2037', 'U2020V2037_0', 4.376470588235294E10, 0.0276, 'F', 267.0, 'red_.mains', 'm5', 0.10750000000000004);


INSERT INTO ClusterRep (System_id,distance_sys_virt_centre,planetsAllowed,cluster_id,angle_in_radians,cluster_description,number_stars_in_cluster)  VALUES ('U2020V2037', 2.2044444444444446E11, 'F', 'U2020V2037_1', 0.10471975511965977, 'Cluster Number: 1 DOUBLESTAR_BINARY', 0);


INSERT INTO SystemRep (System_id, distance_to_galaxy_centre, ucoordinate, vcoordinate) VALUES ('U2020V2036', 3.4141236480689096E16, 2020.0, 2036.0);


INSERT INTO SystemRep (System_id, distance_to_galaxy_centre, ucoordinate, vcoordinate) VALUES ('U2020V2035', 3.4132786972293956E16, 2020.0, 2035.0);


INSERT INTO StarRep (System_id,cluster_id,distance_clust_virt_centre,luminosity,no_planets_allowed,angle_in_radians_s,star_color,star_type,star_size)  VALUES ('U2020V2035', 'U2020V2035_0', 1.1022222222222223E11, 0.216, 'F', 57.0, 'orng.mains', 'k4', 1.126);


INSERT INTO StarRep (System_id,cluster_id,distance_clust_virt_centre,luminosity,no_planets_allowed,angle_in_radians_s,star_color,star_type,star_size)  VALUES ('U2020V2035', 'U2020V2035_0', 5.952E11, 0.216, 'F', 262.0, 'orng.mains', 'k4', 1.126);


INSERT INTO ClusterRep (System_id,distance_sys_virt_centre,planetsAllowed,cluster_id,angle_in_radians,cluster_description,number_stars_in_cluster)  VALUES ('U2020V2035', 8.383098591549295E10, 'F', 'U2020V2035_1', 4.537856055185257, 'Cluster Number: 1 DOUBLESTAR_BINARY', 0);


INSERT INTO SystemRep (System_id, distance_to_galaxy_centre, ucoordinate, vcoordinate) VALUES ('U2020V2034', 3.412433952433506E16, 2020.0, 2034.0);


INSERT INTO SystemRep (System_id, distance_to_galaxy_centre, ucoordinate, vcoordinate) VALUES ('U2020V2033', 3.411589413834297E16, 2020.0, 2033.0);


INSERT INTO StarRep (System_id,cluster_id,distance_clust_virt_centre,luminosity,no_planets_allowed,angle_in_radians_s,star_color,star_type,star_size)  VALUES ('U2020V2033', 'U2020V2033_0', 5.044067796610169E10, 0.4079825680508137, 'F', 283.0, 'yelo.mains', 'g9', 47.4);


INSERT INTO StarRep (System_id,cluster_id,distance_clust_virt_centre,luminosity,no_planets_allowed,angle_in_radians_s,star_color,star_type,star_size)  VALUES ('U2020V2033', 'U2020V2033_0', 3.234782608695652E10, 3.55E-5, 'F', 264.0, 'orng.dwarf', 'dk', 0.598);


INSERT INTO ClusterRep (System_id,distance_sys_virt_centre,planetsAllowed,cluster_id,angle_in_radians,cluster_description,number_stars_in_cluster)  VALUES ('U2020V2033', 2.48E11, 'F', 'U2020V2033_1', 0.9599310885968813, 'Cluster Number: 1 DOUBLESTAR_BINARY', 0);


INSERT INTO SystemRep (System_id, distance_to_galaxy_centre, ucoordinate, vcoordinate) VALUES ('U2020V2032', 3.4107450815849372E16, 2020.0, 2032.0);


INSERT INTO StarRep (System_id,cluster_id,distance_clust_virt_centre,luminosity,no_planets_allowed,angle_in_radians_s,star_color,star_type,star_size)  VALUES ('U2020V2032', 'U2020V2032_0', 4.3130434782608696E10, 440.0950791482856, 'F', 32.0, 'orng.gi.i ', 'k9', 8.893333333333333);


INSERT INTO StarRep (System_id,cluster_id,distance_clust_virt_centre,luminosity,no_planets_allowed,angle_in_radians_s,star_color,star_type,star_size)  VALUES ('U2020V2032', 'U2020V2032_0', 7.44E10, 0.162, 'F', 319.0, 'orng.mains', 'k6', 1.169);


INSERT INTO ClusterRep (System_id,distance_sys_virt_centre,planetsAllowed,cluster_id,angle_in_radians,cluster_description,number_stars_in_cluster)  VALUES ('U2020V2032', 1.6533333333333334E11, 'F', 'U2020V2032_1', 0.5759586531581288, 'Cluster Number: 1 DOUBLESTAR_BINARY', 0);


INSERT INTO SystemRep (System_id, distance_to_galaxy_centre, ucoordinate, vcoordinate) VALUES ('U2020V2031', 3.4099009558387116E16, 2020.0, 2031.0);


INSERT INTO StarRep (System_id,cluster_id,distance_clust_virt_centre,luminosity,no_planets_allowed,angle_in_radians_s,star_color,star_type,star_size)  VALUES ('U2020V2031', 'U2020V2031_0', 9.92E11, 2.9E-5, 'F', 259.0, 'red_.dwarf', 'dm', 0.624);


INSERT INTO StarRep (System_id,cluster_id,distance_clust_virt_centre,luminosity,no_planets_allowed,angle_in_radians_s,star_color,star_type,star_size)  VALUES ('U2020V2031', 'U2020V2031_0', 1.0628571428571428E11, 2.95E-5, 'F', 321.0, 'red_.dwarf', 'dm', 0.6153333333333334);


INSERT INTO ClusterRep (System_id,distance_sys_virt_centre,planetsAllowed,cluster_id,angle_in_radians,cluster_description,number_stars_in_cluster)  VALUES ('U2020V2031', 6.841379310344827E10, 'F', 'U2020V2031_1', 3.2812189937493397, 'Cluster Number: 1 DOUBLESTAR_BINARY', 0);


INSERT INTO SystemRep (System_id, distance_to_galaxy_centre, ucoordinate, vcoordinate) VALUES ('U2020V2030', 3.4090570367490188E16, 2020.0, 2030.0);


INSERT INTO SystemRep (System_id, distance_to_galaxy_centre, ucoordinate, vcoordinate) VALUES ('U2026V2029', 3.4132562785889256E16, 2026.0, 2029.0);


INSERT INTO SystemRep (System_id, distance_to_galaxy_centre, ucoordinate, vcoordinate) VALUES ('U2026V2028', 3.412414019827254E16, 2026.0, 2028.0);


INSERT INTO SystemRep (System_id, distance_to_galaxy_centre, ucoordinate, vcoordinate) VALUES ('U2026V2027', 3.411571968492648E16, 2026.0, 2027.0);


INSERT INTO SystemRep (System_id, distance_to_galaxy_centre, ucoordinate, vcoordinate) VALUES ('U2026V2026', 3.410730124738737E16, 2026.0, 2026.0);


INSERT INTO SystemRep (System_id, distance_to_galaxy_centre, ucoordinate, vcoordinate) VALUES ('U2026V2025', 3.409888488719266E16, 2026.0, 2025.0);


INSERT INTO SystemRep (System_id, distance_to_galaxy_centre, ucoordinate, vcoordinate) VALUES ('U2026V2024', 3.4090470605880932E16, 2026.0, 2024.0);


INSERT INTO SystemRep (System_id, distance_to_galaxy_centre, ucoordinate, vcoordinate) VALUES ('U2026V2023', 3.4082058404991916E16, 2026.0, 2023.0);


INSERT INTO SystemRep (System_id, distance_to_galaxy_centre, ucoordinate, vcoordinate) VALUES ('U2026V2022', 3.407364828606646E16, 2026.0, 2022.0);


INSERT INTO SystemRep (System_id, distance_to_galaxy_centre, ucoordinate, vcoordinate) VALUES ('U2026V2021', 3.406524025064658E16, 2026.0, 2021.0);


INSERT INTO SystemRep (System_id, distance_to_galaxy_centre, ucoordinate, vcoordinate) VALUES ('U2026V2020', 3.4056834300275412E16, 2026.0, 2020.0);


INSERT INTO SystemRep (System_id, distance_to_galaxy_centre, ucoordinate, vcoordinate) VALUES ('U2022V2029', 3.409893475572514E16, 2022.0, 2029.0);


INSERT INTO SystemRep (System_id, distance_to_galaxy_centre, ucoordinate, vcoordinate) VALUES ('U2022V2028', 3.4090503859783124E16, 2022.0, 2028.0);


INSERT INTO SystemRep (System_id, distance_to_galaxy_centre, ucoordinate, vcoordinate) VALUES ('U2022V2027', 3.4082075036050956E16, 2022.0, 2027.0);


INSERT INTO StarRep (System_id,cluster_id,distance_clust_virt_centre,luminosity,no_planets_allowed,angle_in_radians_s,star_color,star_type,star_size)  VALUES ('U2022V2027', 'U2022V2027_0', 3.4604651162790695E10, 0.0466, 'F', 31.0, 'red_.mains', 'm3', 0.09316666666666662);


INSERT INTO StarRep (System_id,cluster_id,distance_clust_virt_centre,luminosity,no_planets_allowed,angle_in_radians_s,star_color,star_type,star_size)  VALUES ('U2022V2027', 'U2022V2027_0', 4.251428571428571E10, 8170.621527397284, 'F', 279.0, 'ltbl.subgi', 'b3', 35.33333333333333);


INSERT INTO ClusterRep (System_id,distance_sys_virt_centre,planetsAllowed,cluster_id,angle_in_radians,cluster_description,number_stars_in_cluster)  VALUES ('U2022V2027', 1.488E11, 'F', 'U2022V2027_1', 2.897246558310587, 'Cluster Number: 1 DOUBLESTAR_BINARY', 0);


INSERT INTO SystemRep (System_id, distance_to_galaxy_centre, ucoordinate, vcoordinate) VALUES ('U2022V2026', 3.407364828606646E16, 2022.0, 2026.0);


INSERT INTO StarRep (System_id,cluster_id,distance_clust_virt_centre,luminosity,no_planets_allowed,angle_in_radians_s,star_color,star_type,star_size)  VALUES ('U2022V2026', 'U2022V2026_0', 3.381818181818182E10, 7.596023592451719, 'F', 71.0, 'pyel.mains', 'f1', 36.599999999999994);


INSERT INTO StarRep (System_id,cluster_id,distance_clust_virt_centre,luminosity,no_planets_allowed,angle_in_radians_s,star_color,star_type,star_size)  VALUES ('U2022V2026', 'U2022V2026_0', 4.251428571428571E11, 3.3992252598457138, 'F', 274.0, 'ltbl.subdw', 'b9', 0.2795000000000001);


INSERT INTO ClusterRep (System_id,distance_sys_virt_centre,planetsAllowed,cluster_id,angle_in_radians,cluster_description,number_stars_in_cluster)  VALUES ('U2022V2026', 7.002352941176471E10, 'F', 'U2022V2026_1', 1.064650843716541, 'Cluster Number: 1 DOUBLESTAR_BINARY', 0);


INSERT INTO SystemRep (System_id, distance_to_galaxy_centre, ucoordinate, vcoordinate) VALUES ('U2022V2025', 3.406522361136859E16, 2022.0, 2025.0);


INSERT INTO StarRep (System_id,cluster_id,distance_clust_virt_centre,luminosity,no_planets_allowed,angle_in_radians_s,star_color,star_type,star_size)  VALUES ('U2022V2025', 'U2022V2025_0', 3.542857142857143E10, 13.5, 'F', 351.0, 'whit.mains', 'a7', 34.199999999999996);


INSERT INTO StarRep (System_id,cluster_id,distance_clust_virt_centre,luminosity,no_planets_allowed,angle_in_radians_s,star_color,star_type,star_size)  VALUES ('U2022V2025', 'U2022V2025_0', 9.018181818181818E10, 0.4065810090962898, 'F', 283.0, 'yelo.mains', 'g9', 47.4);


INSERT INTO ClusterRep (System_id,distance_sys_virt_centre,planetsAllowed,cluster_id,angle_in_radians,cluster_description,number_stars_in_cluster)  VALUES ('U2022V2025', 6.2652631578947365E10, 'F', 'U2022V2025_1', 4.729842272904633, 'Cluster Number: 1 DOUBLESTAR_BINARY', 0);


INSERT INTO SystemRep (System_id, distance_to_galaxy_centre, ucoordinate, vcoordinate) VALUES ('U2022V2024', 3.4056801013497436E16, 2022.0, 2024.0);


INSERT INTO SystemRep (System_id, distance_to_galaxy_centre, ucoordinate, vcoordinate) VALUES ('U2022V2023', 3.404838049399425E16, 2022.0, 2023.0);


INSERT INTO StarRep (System_id,cluster_id,distance_clust_virt_centre,luminosity,no_planets_allowed,angle_in_radians_s,star_color,star_type,star_size)  VALUES ('U2022V2023', 'U2022V2023_0', 1.566315789473684E11, 0.16169799966913387, 'F', 257.0, 'orng.mains', 'k6', 1.169);


INSERT INTO StarRep (System_id,cluster_id,distance_clust_virt_centre,luminosity,no_planets_allowed,angle_in_radians_s,star_color,star_type,star_size)  VALUES ('U2022V2023', 'U2022V2023_0', 5.1310344827586205E10, 0.21477330014631768, 'F', 280.0, 'orng.mains', 'k4', 1.126);


INSERT INTO ClusterRep (System_id,distance_sys_virt_centre,planetsAllowed,cluster_id,angle_in_radians,cluster_description,number_stars_in_cluster)  VALUES ('U2022V2023', 6.540659340659341E10, 'F', 'U2022V2023_1', 5.602506898901797, 'Cluster Number: 1 DOUBLESTAR_BINARY', 0);


INSERT INTO SystemRep (System_id, distance_to_galaxy_centre, ucoordinate, vcoordinate) VALUES ('U2022V2022', 3.4039962054401412E16, 2022.0, 2022.0);


INSERT INTO StarRep (System_id,cluster_id,distance_clust_virt_centre,luminosity,no_planets_allowed,angle_in_radians_s,star_color,star_type,star_size)  VALUES ('U2022V2022', 'U2022V2022_0', 5.723076923076923E10, 2.32, 'F', 124.0, 'pyel.mains', 'f6', 39.6);


INSERT INTO StarRep (System_id,cluster_id,distance_clust_virt_centre,luminosity,no_planets_allowed,angle_in_radians_s,star_color,star_type,star_size)  VALUES ('U2022V2022', 'U2022V2022_0', 6.469565217391304E10, 2.798253312440845E-5, 'F', 282.0, 'red_.dwarf', 'dm', 0.6413333333333334);


INSERT INTO ClusterRep (System_id,distance_sys_virt_centre,planetsAllowed,cluster_id,angle_in_radians,cluster_description,number_stars_in_cluster)  VALUES ('U2022V2022', 1.3527272727272728E11, 'F', 'U2022V2022_1', 2.0245819323134224, 'Cluster Number: 1 DOUBLESTAR_BINARY', 0);


INSERT INTO SystemRep (System_id, distance_to_galaxy_centre, ucoordinate, vcoordinate) VALUES ('U2022V2021', 3.403154569626246E16, 2022.0, 2021.0);


INSERT INTO StarRep (System_id,cluster_id,distance_clust_virt_centre,luminosity,no_planets_allowed,angle_in_radians_s,star_color,star_type,star_size)  VALUES ('U2022V2021', 'U2022V2021_0', 1.86E11, 0.216, 'F', 178.0, 'orng.mains', 'k4', 1.126);


INSERT INTO StarRep (System_id,cluster_id,distance_clust_virt_centre,luminosity,no_planets_allowed,angle_in_radians_s,star_color,star_type,star_size)  VALUES ('U2022V2021', 'U2022V2021_0', 3.542857142857143E10, 6100.0, 'F', 289.0, 'red_.gi.ii', 'm1', 34.166666666666664);


INSERT INTO ClusterRep (System_id,distance_sys_virt_centre,planetsAllowed,cluster_id,angle_in_radians,cluster_description,number_stars_in_cluster)  VALUES ('U2022V2021', 2.976E12, 'F', 'U2022V2021_1', 3.0019663134302466, 'Cluster Number: 1 DOUBLESTAR_BINARY', 0);


INSERT INTO SystemRep (System_id, distance_to_galaxy_centre, ucoordinate, vcoordinate) VALUES ('U2022V2020', 3.402313142112207E16, 2022.0, 2020.0);


INSERT INTO StarRep (System_id,cluster_id,distance_clust_virt_centre,luminosity,no_planets_allowed,angle_in_radians_s,star_color,star_type,star_size)  VALUES ('U2022V2020', 'U2022V2020_0', 6.2E10, 0.9389300701892536, 'F', 44.0, 'yelo.mains', 'g3', 43.8);


INSERT INTO StarRep (System_id,cluster_id,distance_clust_virt_centre,luminosity,no_planets_allowed,angle_in_radians_s,star_color,star_type,star_size)  VALUES ('U2022V2020', 'U2022V2020_0', 4.1333333333333336E10, 0.216, 'F', 291.0, 'orng.mains', 'k4', 1.126);


INSERT INTO ClusterRep (System_id,distance_sys_virt_centre,planetsAllowed,cluster_id,angle_in_radians,cluster_description,number_stars_in_cluster)  VALUES ('U2022V2020', 1.1230188679245284E11, 'F', 'U2022V2020_1', 5.707226654021458, 'Cluster Number: 1 DOUBLESTAR_BINARY', 0);


INSERT INTO SystemRep (System_id, distance_to_galaxy_centre, ucoordinate, vcoordinate) VALUES ('U2039V2039', 3.432615362459173E16, 2039.0, 2039.0);


INSERT INTO SystemRep (System_id, distance_to_galaxy_centre, ucoordinate, vcoordinate) VALUES ('U2039V2038', 3.431773725777153E16, 2039.0, 2038.0);


INSERT INTO SystemRep (System_id, distance_to_galaxy_centre, ucoordinate, vcoordinate) VALUES ('U2039V2037', 3.430932295657027E16, 2039.0, 2037.0);


INSERT INTO SystemRep (System_id, distance_to_galaxy_centre, ucoordinate, vcoordinate) VALUES ('U2039V2029', 3.4242083091894276E16, 2039.0, 2029.0);


INSERT INTO StarRep (System_id,cluster_id,distance_clust_virt_centre,luminosity,no_planets_allowed,angle_in_radians_s,star_color,star_type,star_size)  VALUES ('U2039V2029', 'U2039V2029_0', 4.878688524590164E10, 0.9987171799663709, 'F', 265.0, 'yelo.mains', 'g2', 43.199999999999996);


INSERT INTO StarRep (System_id,cluster_id,distance_clust_virt_centre,luminosity,no_planets_allowed,angle_in_radians_s,star_color,star_type,star_size)  VALUES ('U2039V2029', 'U2039V2029_0', 5.723076923076923E10, 2.306779837918167, 'F', 138.0, 'pyel.mains', 'f6', 39.6);


INSERT INTO ClusterRep (System_id,distance_sys_virt_centre,planetsAllowed,cluster_id,angle_in_radians,cluster_description,number_stars_in_cluster)  VALUES ('U2039V2029', 7.44E10, 'F', 'U2039V2029_1', 3.6651914291880923, 'Cluster Number: 1 DOUBLESTAR_BINARY', 0);


INSERT INTO SystemRep (System_id, distance_to_galaxy_centre, ucoordinate, vcoordinate) VALUES ('U2039V2036', 3.430091072250811E16, 2039.0, 2036.0);


INSERT INTO StarRep (System_id,cluster_id,distance_clust_virt_centre,luminosity,no_planets_allowed,angle_in_radians_s,star_color,star_type,star_size)  VALUES ('U2039V2036', 'U2039V2036_0', 3.1326315789473682E10, 0.21595033584158185, 'F', 171.0, 'orng.mains', 'k4', 1.126);


INSERT INTO StarRep (System_id,cluster_id,distance_clust_virt_centre,luminosity,no_planets_allowed,angle_in_radians_s,star_color,star_type,star_size)  VALUES ('U2039V2036', 'U2039V2036_0', 3.91578947368421E10, 0.16148485134643253, 'F', 135.0, 'orng.mains', 'k6', 1.169);


INSERT INTO ClusterRep (System_id,distance_sys_virt_centre,planetsAllowed,cluster_id,angle_in_radians,cluster_description,number_stars_in_cluster)  VALUES ('U2039V2036', 7.72987012987013E10, 'F', 'U2039V2036_1', 4.537856055185257, 'Cluster Number: 1 DOUBLESTAR_BINARY', 0);


INSERT INTO SystemRep (System_id, distance_to_galaxy_centre, ucoordinate, vcoordinate) VALUES ('U2039V2028', 3.4233687449804176E16, 2039.0, 2028.0);


INSERT INTO SystemRep (System_id, distance_to_galaxy_centre, ucoordinate, vcoordinate) VALUES ('U2039V2035', 3.42925005571063E16, 2039.0, 2035.0);


INSERT INTO StarRep (System_id,cluster_id,distance_clust_virt_centre,luminosity,no_planets_allowed,angle_in_radians_s,star_color,star_type,star_size)  VALUES ('U2039V2035', 'U2039V2035_0', 9.6E10, 2.798510999572768E-5, 'F', 78.0, 'red_.dwarf', 'dm', 0.6413333333333334);


INSERT INTO StarRep (System_id,cluster_id,distance_clust_virt_centre,luminosity,no_planets_allowed,angle_in_radians_s,star_color,star_type,star_size)  VALUES ('U2039V2035', 'U2039V2035_0', 2.976E12, 0.21468337652639244, 'F', 132.0, 'orng.mains', 'k4', 1.126);


INSERT INTO ClusterRep (System_id,distance_sys_virt_centre,planetsAllowed,cluster_id,angle_in_radians,cluster_description,number_stars_in_cluster)  VALUES ('U2039V2035', 8.043243243243243E10, 'F', 'U2039V2035_1', 5.410520681182422, 'Cluster Number: 1 DOUBLESTAR_BINARY', 0);


INSERT INTO SystemRep (System_id, distance_to_galaxy_centre, ucoordinate, vcoordinate) VALUES ('U2039V2027', 3.42252938885848E16, 2039.0, 2027.0);


INSERT INTO SystemRep (System_id, distance_to_galaxy_centre, ucoordinate, vcoordinate) VALUES ('U2039V2034', 3.4284092461887216E16, 2039.0, 2034.0);


INSERT INTO StarRep (System_id,cluster_id,distance_clust_virt_centre,luminosity,no_planets_allowed,angle_in_radians_s,star_color,star_type,star_size)  VALUES ('U2039V2034', 'U2039V2034_0', 3.1659574468085106E10, 4.31, 'F', 132.0, 'red_.subgi', 'm2', 3.6666666666666665);


INSERT INTO StarRep (System_id,cluster_id,distance_clust_virt_centre,luminosity,no_planets_allowed,angle_in_radians_s,star_color,star_type,star_size)  VALUES ('U2039V2034', 'U2039V2034_0', 7.44E10, 0.046240293362119156, 'F', 139.0, 'red_.mains', 'm3', 0.09316666666666662);


INSERT INTO ClusterRep (System_id,distance_sys_virt_centre,planetsAllowed,cluster_id,angle_in_radians,cluster_description,number_stars_in_cluster)  VALUES ('U2039V2034', 1.86E11, 'F', 'U2039V2034_1', 0.08726646259971647, 'Cluster Number: 1 DOUBLESTAR_BINARY', 0);


INSERT INTO SystemRep (System_id, distance_to_galaxy_centre, ucoordinate, vcoordinate) VALUES ('U2039V2026', 3.4216902409767484E16, 2039.0, 2026.0);


INSERT INTO StarRep (System_id,cluster_id,distance_clust_virt_centre,luminosity,no_planets_allowed,angle_in_radians_s,star_color,star_type,star_size)  VALUES ('U2039V2026', 'U2039V2026_0', 1.1904E11, 0.21511187226795972, 'F', 318.0, 'orng.mains', 'k4', 1.126);


INSERT INTO StarRep (System_id,cluster_id,distance_clust_virt_centre,luminosity,no_planets_allowed,angle_in_radians_s,star_color,star_type,star_size)  VALUES ('U2039V2026', 'U2039V2026_0', 3.2703296703296703E10, 2.32, 'F', 145.0, 'pyel.mains', 'f6', 39.6);


INSERT INTO ClusterRep (System_id,distance_sys_virt_centre,planetsAllowed,cluster_id,angle_in_radians,cluster_description,number_stars_in_cluster)  VALUES ('U2039V2026', 1.526153846153846E11, 'F', 'U2039V2026_1', 4.642575810304916, 'Cluster Number: 1 DOUBLESTAR_BINARY', 0);


INSERT INTO SystemRep (System_id, distance_to_galaxy_centre, ucoordinate, vcoordinate) VALUES ('U2039V2033', 3.427568643837436E16, 2039.0, 2033.0);


INSERT INTO StarRep (System_id,cluster_id,distance_clust_virt_centre,luminosity,no_planets_allowed,angle_in_radians_s,star_color,star_type,star_size)  VALUES ('U2039V2033', 'U2039V2033_0', 1.1022222222222223E11, 2.7977452001491316E-5, 'F', 358.0, 'red_.dwarf', 'dm', 0.6413333333333334);


INSERT INTO StarRep (System_id,cluster_id,distance_clust_virt_centre,luminosity,no_planets_allowed,angle_in_radians_s,star_color,star_type,star_size)  VALUES ('U2039V2033', 'U2039V2033_0', 1.0628571428571428E11, 7.607896246840629, 'F', 141.0, 'pyel.mains', 'f1', 36.599999999999994);


INSERT INTO ClusterRep (System_id,distance_sys_virt_centre,planetsAllowed,cluster_id,angle_in_radians,cluster_description,number_stars_in_cluster)  VALUES ('U2039V2033', 7.085714285714285E10, 'F', 'U2039V2033_1', 2.792526803190927, 'Cluster Number: 1 DOUBLESTAR_BINARY', 0);


INSERT INTO SystemRep (System_id, distance_to_galaxy_centre, ucoordinate, vcoordinate) VALUES ('U2039V2025', 3.42085130148847E16, 2039.0, 2025.0);


INSERT INTO SystemRep (System_id, distance_to_galaxy_centre, ucoordinate, vcoordinate) VALUES ('U2039V2032', 3.426728248809234E16, 2039.0, 2032.0);


INSERT INTO SystemRep (System_id, distance_to_galaxy_centre, ucoordinate, vcoordinate) VALUES ('U2039V2024', 3.4200125705470028E16, 2039.0, 2024.0);


INSERT INTO SystemRep (System_id, distance_to_galaxy_centre, ucoordinate, vcoordinate) VALUES ('U2039V2031', 3.4258880612566896E16, 2039.0, 2031.0);


INSERT INTO SystemRep (System_id, distance_to_galaxy_centre, ucoordinate, vcoordinate) VALUES ('U2039V2023', 3.4191740483058184E16, 2039.0, 2023.0);


INSERT INTO StarRep (System_id,cluster_id,distance_clust_virt_centre,luminosity,no_planets_allowed,angle_in_radians_s,star_color,star_type,star_size)  VALUES ('U2039V2023', 'U2039V2023_0', 5.044067796610169E10, 0.013386241412706874, 'F', 225.0, 'red_.mains', 'm7', 0.12183333333333335);


INSERT INTO StarRep (System_id,cluster_id,distance_clust_virt_centre,luminosity,no_planets_allowed,angle_in_radians_s,star_color,star_type,star_size)  VALUES ('U2039V2023', 'U2039V2023_0', 1.86E11, 0.09089134541697788, 'F', 142.0, 'red_.mains', 'm0', 1.255);


INSERT INTO ClusterRep (System_id,distance_sys_virt_centre,planetsAllowed,cluster_id,angle_in_radians,cluster_description,number_stars_in_cluster)  VALUES ('U2039V2023', 1.6533333333333334E11, 'F', 'U2039V2023_1', 5.497787143782138, 'Cluster Number: 1 DOUBLESTAR_BINARY', 0);


INSERT INTO SystemRep (System_id, distance_to_galaxy_centre, ucoordinate, vcoordinate) VALUES ('U2039V2030', 3.4250480813324884E16, 2039.0, 2030.0);


INSERT INTO StarRep (System_id,cluster_id,distance_clust_virt_centre,luminosity,no_planets_allowed,angle_in_radians_s,star_color,star_type,star_size)  VALUES ('U2039V2030', 'U2039V2030_0', 1.0262068965517241E11, 0.216, 'F', 38.0, 'orng.mains', 'k4', 1.126);


INSERT INTO StarRep (System_id,cluster_id,distance_clust_virt_centre,luminosity,no_planets_allowed,angle_in_radians_s,star_color,star_type,star_size)  VALUES ('U2039V2030', 'U2039V2030_0', 4.65E10, 2.9484528687836654E-5, 'F', 136.0, 'red_.dwarf', 'dm', 0.6153333333333334);


INSERT INTO ClusterRep (System_id,distance_sys_virt_centre,planetsAllowed,cluster_id,angle_in_radians,cluster_description,number_stars_in_cluster)  VALUES ('U2039V2030', 2.0524137931034482E11, 'F', 'U2039V2030_1', 0.9599310885968813, 'Cluster Number: 1 DOUBLESTAR_BINARY', 0);


INSERT INTO SystemRep (System_id, distance_to_galaxy_centre, ucoordinate, vcoordinate) VALUES ('U2039V2022', 3.4183357349184996E16, 2039.0, 2022.0);


INSERT INTO SystemRep (System_id, distance_to_galaxy_centre, ucoordinate, vcoordinate) VALUES ('U2039V2021', 3.4174976305387424E16, 2039.0, 2021.0);


INSERT INTO StarRep (System_id,cluster_id,distance_clust_virt_centre,luminosity,no_planets_allowed,angle_in_radians_s,star_color,star_type,star_size)  VALUES ('U2039V2021', 'U2039V2021_0', 3.234782608695652E10, 0.0734, 'F', 92.0, 'red_.mains', 'm1', 0.07883333333333331);


INSERT INTO StarRep (System_id,cluster_id,distance_clust_virt_centre,luminosity,no_planets_allowed,angle_in_radians_s,star_color,star_type,star_size)  VALUES ('U2039V2021', 'U2039V2021_0', 7.44E11, 1804563.5849110412, 'F', 144.0, 'blue.sg.i ', 'o8', 116.66666666666667);


INSERT INTO ClusterRep (System_id,distance_sys_virt_centre,planetsAllowed,cluster_id,angle_in_radians,cluster_description,number_stars_in_cluster)  VALUES ('U2039V2021', 6.841379310344827E10, 'F', 'U2039V2021_1', 1.9198621771937625, 'Cluster Number: 1 DOUBLESTAR_BINARY', 0);


INSERT INTO SystemRep (System_id, distance_to_galaxy_centre, ucoordinate, vcoordinate) VALUES ('U2039V2020', 3.416659735320355E16, 2039.0, 2020.0);


INSERT INTO SystemRep (System_id, distance_to_galaxy_centre, ucoordinate, vcoordinate) VALUES ('U2035V2029', 3.4208347318633444E16, 2035.0, 2029.0);


INSERT INTO SystemRep (System_id, distance_to_galaxy_centre, ucoordinate, vcoordinate) VALUES ('U2035V2028', 3.4199943394849996E16, 2035.0, 2028.0);


INSERT INTO StarRep (System_id,cluster_id,distance_clust_virt_centre,luminosity,no_planets_allowed,angle_in_radians_s,star_color,star_type,star_size)  VALUES ('U2035V2028', 'U2035V2028_0', 1.1904E11, 1.311996333731293E-4, 'F', 260.0, 'pyel.dwarf', 'df', 0.4073333333333333);


INSERT INTO StarRep (System_id,cluster_id,distance_clust_virt_centre,luminosity,no_planets_allowed,angle_in_radians_s,star_color,star_type,star_size)  VALUES ('U2035V2028', 'U2035V2028_0', 1.984E11, 59.967932078613224, 'F', 24.0, 'whit.mains', 'a2', 31.200000000000003);


INSERT INTO ClusterRep (System_id,distance_sys_virt_centre,planetsAllowed,cluster_id,angle_in_radians,cluster_description,number_stars_in_cluster)  VALUES ('U2035V2028', 1.1670588235294118E11, 'F', 'U2035V2028_1', 2.8797932657906435, 'Cluster Number: 1 DOUBLESTAR_BINARY', 0);


INSERT INTO SystemRep (System_id, distance_to_galaxy_centre, ucoordinate, vcoordinate) VALUES ('U2035V2027', 3.4191541549922316E16, 2035.0, 2027.0);


INSERT INTO SystemRep (System_id, distance_to_galaxy_centre, ucoordinate, vcoordinate) VALUES ('U2035V2026', 3.4183141785383276E16, 2035.0, 2026.0);


INSERT INTO StarRep (System_id,cluster_id,distance_clust_virt_centre,luminosity,no_planets_allowed,angle_in_radians_s,star_color,star_type,star_size)  VALUES ('U2035V2026', 'U2035V2026_0', 8.502857142857143E10, 0.09055687641483755, 'F', 9.0, 'red_.mains', 'm0', 1.255);


INSERT INTO StarRep (System_id,cluster_id,distance_clust_virt_centre,luminosity,no_planets_allowed,angle_in_radians_s,star_color,star_type,star_size)  VALUES ('U2035V2026', 'U2035V2026_0', 4.8E10, 0.0466, 'F', 79.0, 'red_.mains', 'm3', 0.09316666666666662);


INSERT INTO ClusterRep (System_id,distance_sys_virt_centre,planetsAllowed,cluster_id,angle_in_radians,cluster_description,number_stars_in_cluster)  VALUES ('U2035V2026', 9.447619047619048E10, 'F', 'U2035V2026_1', 2.4958208303518914, 'Cluster Number: 1 DOUBLESTAR_BINARY', 0);


INSERT INTO SystemRep (System_id, distance_to_galaxy_centre, ucoordinate, vcoordinate) VALUES ('U2035V2025', 3.4174744102766884E16, 2035.0, 2025.0);


INSERT INTO SystemRep (System_id, distance_to_galaxy_centre, ucoordinate, vcoordinate) VALUES ('U2035V2024', 3.4166348503608284E16, 2035.0, 2024.0);


INSERT INTO StarRep (System_id,cluster_id,distance_clust_virt_centre,luminosity,no_planets_allowed,angle_in_radians_s,star_color,star_type,star_size)  VALUES ('U2035V2024', 'U2035V2024_0', 4.251428571428571E10, 3.749282072895682E-5, 'F', 275.0, 'orng.dwarf', 'dk', 0.5633333333333334);


INSERT INTO StarRep (System_id,cluster_id,distance_clust_virt_centre,luminosity,no_planets_allowed,angle_in_radians_s,star_color,star_type,star_size)  VALUES ('U2035V2024', 'U2035V2024_0', 3.4604651162790695E10, 3.55E-5, 'F', 76.0, 'orng.dwarf', 'dk', 0.598);


INSERT INTO ClusterRep (System_id,distance_sys_virt_centre,planetsAllowed,cluster_id,angle_in_radians,cluster_description,number_stars_in_cluster)  VALUES ('U2035V2024', 9.92E10, 'F', 'U2035V2024_1', 3.368485456349056, 'Cluster Number: 1 DOUBLESTAR_BINARY', 0);


INSERT INTO SystemRep (System_id, distance_to_galaxy_centre, ucoordinate, vcoordinate) VALUES ('U2035V2023', 3.4157954989443732E16, 2035.0, 2023.0);


INSERT INTO SystemRep (System_id, distance_to_galaxy_centre, ucoordinate, vcoordinate) VALUES ('U2035V2022', 3.4149563561810624E16, 2035.0, 2022.0);


INSERT INTO SystemRep (System_id, distance_to_galaxy_centre, ucoordinate, vcoordinate) VALUES ('U2035V2021', 3.414117422224748E16, 2035.0, 2021.0);


INSERT INTO SystemRep (System_id, distance_to_galaxy_centre, ucoordinate, vcoordinate) VALUES ('U2035V2020', 3.4132786972293956E16, 2035.0, 2020.0);


INSERT INTO SystemRep (System_id, distance_to_galaxy_centre, ucoordinate, vcoordinate) VALUES ('U2031V2029', 3.4174644586875104E16, 2031.0, 2029.0);


INSERT INTO StarRep (System_id,cluster_id,distance_clust_virt_centre,luminosity,no_planets_allowed,angle_in_radians_s,star_color,star_type,star_size)  VALUES ('U2031V2029', 'U2031V2029_0', 4.578461538461539E10, 0.0912, 'F', 65.0, 'red_.mains', 'm0', 1.255);


INSERT INTO StarRep (System_id,cluster_id,distance_clust_virt_centre,luminosity,no_planets_allowed,angle_in_radians_s,star_color,star_type,star_size)  VALUES ('U2031V2029', 'U2031V2029_0', 7.258536585365854E10, 0.07304307078131035, 'F', 168.0, 'red_.mains', 'm1', 0.07883333333333331);


INSERT INTO ClusterRep (System_id,distance_sys_virt_centre,planetsAllowed,cluster_id,angle_in_radians,cluster_description,number_stars_in_cluster)  VALUES ('U2031V2029', 4.96E11, 'F', 'U2031V2029_1', 5.113814708343385, 'Cluster Number: 1 DOUBLESTAR_BINARY', 0);


INSERT INTO SystemRep (System_id, distance_to_galaxy_centre, ucoordinate, vcoordinate) VALUES ('U2031V2028', 3.416623237317688E16, 2031.0, 2028.0);


INSERT INTO SystemRep (System_id, distance_to_galaxy_centre, ucoordinate, vcoordinate) VALUES ('U2031V2027', 3.415782223630541E16, 2031.0, 2027.0);


INSERT INTO StarRep (System_id,cluster_id,distance_clust_virt_centre,luminosity,no_planets_allowed,angle_in_radians_s,star_color,star_type,star_size)  VALUES ('U2031V2027', 'U2031V2027_0', 1.488E12, 0.0276, 'F', 93.0, 'red_.mains', 'm5', 0.10750000000000004);


INSERT INTO ClusterRep (System_id,distance_sys_virt_centre,planetsAllowed,cluster_id,angle_in_radians,cluster_description,number_stars_in_cluster)  VALUES ('U2031V2027', 1.984E11, 'T', 'U2031V2027_0', 3.543018381548489, 'Cluster Number: 0 SINGLESTAR', 1);


INSERT INTO SystemRep (System_id, distance_to_galaxy_centre, ucoordinate, vcoordinate) VALUES ('U2031V2026', 3.414941417779509E16, 2031.0, 2026.0);


INSERT INTO SystemRep (System_id, distance_to_galaxy_centre, ucoordinate, vcoordinate) VALUES ('U2031V2025', 3.4141008199181464E16, 2031.0, 2025.0);


INSERT INTO StarRep (System_id,cluster_id,distance_clust_virt_centre,luminosity,no_planets_allowed,angle_in_radians_s,star_color,star_type,star_size)  VALUES ('U2031V2025', 'U2031V2025_0', 8.752941176470589E10, 0.123, 'F', 320.0, 'orng.mains', 'k8', 1.2120000000000002);


INSERT INTO ClusterRep (System_id,distance_sys_virt_centre,planetsAllowed,cluster_id,angle_in_radians,cluster_description,number_stars_in_cluster)  VALUES ('U2031V2025', 8.266666666666667E10, 'T', 'U2031V2025_0', 3.822271061867582, 'Cluster Number: 0 SINGLESTAR', 1);


INSERT INTO SystemRep (System_id, distance_to_galaxy_centre, ucoordinate, vcoordinate) VALUES ('U2031V2024', 3.4132604302001216E16, 2031.0, 2024.0);


INSERT INTO SystemRep (System_id, distance_to_galaxy_centre, ucoordinate, vcoordinate) VALUES ('U2031V2023', 3.4124202487792148E16, 2031.0, 2023.0);


INSERT INTO StarRep (System_id,cluster_id,distance_clust_virt_centre,luminosity,no_planets_allowed,angle_in_radians_s,star_color,star_type,star_size)  VALUES ('U2031V2023', 'U2031V2023_0', 4.3130434782608696E10, 3.531583333637617E-5, 'F', 226.0, 'orng.dwarf', 'dk', 0.598);


INSERT INTO ClusterRep (System_id,distance_sys_virt_centre,planetsAllowed,cluster_id,angle_in_radians,cluster_description,number_stars_in_cluster)  VALUES ('U2031V2023', 6.841379310344827E10, 'T', 'U2031V2023_0', 3.2637657012293966, 'Cluster Number: 0 SINGLESTAR', 1);


INSERT INTO SystemRep (System_id, distance_to_galaxy_centre, ucoordinate, vcoordinate) VALUES ('U2031V2022', 3.4115802758093204E16, 2031.0, 2022.0);


INSERT INTO SystemRep (System_id, distance_to_galaxy_centre, ucoordinate, vcoordinate) VALUES ('U2031V2021', 3.4107405114444456E16, 2031.0, 2021.0);


INSERT INTO StarRep (System_id,cluster_id,distance_clust_virt_centre,luminosity,no_planets_allowed,angle_in_radians_s,star_color,star_type,star_size)  VALUES ('U2031V2021', 'U2031V2021_0', 4.578461538461539E10, 3.9E-5, 'F', 147.0, 'orng.dwarf', 'dk', 0.5373333333333334);


INSERT INTO ClusterRep (System_id,distance_sys_virt_centre,planetsAllowed,cluster_id,angle_in_radians,cluster_description,number_stars_in_cluster)  VALUES ('U2031V2021', 1.488E11, 'T', 'U2031V2021_0', 4.956735075663896, 'Cluster Number: 0 SINGLESTAR', 1);


INSERT INTO SystemRep (System_id, distance_to_galaxy_centre, ucoordinate, vcoordinate) VALUES ('U2031V2020', 3.4099009558387116E16, 2031.0, 2020.0);


