INSERT INTO SystemRep (System_id, distance_to_galaxy_centre, ucoordinate, vcoordinate) VALUES ('U2033V2019', 3.4107504826521684E16, 2033.0, 2019.0);


INSERT INTO StarRep (System_id,cluster_id,distance_clust_virt_centre,luminosity,no_planets_allowed,angle_in_radians_s,star_color,star_type,star_size)  VALUES ('U2033V2019', 'U2033V2019_0', 6.2E10, 2.8E-5, 'F', 224.0, 'red_.dwarf', 'dm', 0.6413333333333334);


INSERT INTO StarRep (System_id,cluster_id,distance_clust_virt_centre,luminosity,no_planets_allowed,angle_in_radians_s,star_color,star_type,star_size)  VALUES ('U2033V2019', 'U2033V2019_0', 4.251428571428571E10, 0.216, 'F', 52.0, 'orng.mains', 'k4', 1.126);


INSERT INTO StarRep (System_id,cluster_id,distance_clust_virt_centre,luminosity,no_planets_allowed,angle_in_radians_s,star_color,star_type,star_size)  VALUES ('U2033V2019', 'U2033V2019_0', 3.72E11, 0.21554643290004227, 'F', 130.0, 'orng.mains', 'k4', 1.126);


INSERT INTO StarRep (System_id,cluster_id,distance_clust_virt_centre,luminosity,no_planets_allowed,angle_in_radians_s,star_color,star_type,star_size)  VALUES ('U2033V2019', 'U2033V2019_2', 1.2939130434782608E11, 0.0912, 'F', 90.0, 'red_.mains', 'm0', 1.255);


INSERT INTO ClusterRep (System_id,distance_sys_virt_centre,planetsAllowed,cluster_id,angle_in_radians,cluster_description,number_stars_in_cluster)  VALUES ('U2033V2019', 6.331914893617021E10, 'F', 'U2033V2019_2', 3.9618974020271276, 'Cluster Number: 2 THREESTAR_TRINARY', 1);


INSERT INTO SystemRep (System_id, distance_to_galaxy_centre, ucoordinate, vcoordinate) VALUES ('U2033V2018', 3.4099117606386944E16, 2033.0, 2018.0);


INSERT INTO StarRep (System_id,cluster_id,distance_clust_virt_centre,luminosity,no_planets_allowed,angle_in_radians_s,star_color,star_type,star_size)  VALUES ('U2033V2018', 'U2033V2018_0', 5.952E10, 0.21533495098280026, 'F', 264.0, 'orng.mains', 'k4', 1.126);


INSERT INTO StarRep (System_id,cluster_id,distance_clust_virt_centre,luminosity,no_planets_allowed,angle_in_radians_s,star_color,star_type,star_size)  VALUES ('U2033V2018', 'U2033V2018_0', 4.251428571428571E11, 1.1964609822648575, 'F', 48.0, 'yelo.mains', 'g0', 42.0);


INSERT INTO StarRep (System_id,cluster_id,distance_clust_virt_centre,luminosity,no_planets_allowed,angle_in_radians_s,star_color,star_type,star_size)  VALUES ('U2033V2018', 'U2033V2018_0', 6.073469387755102E10, 146000.0, 'F', 25.0, 'blue.subgi', 'o8', 30.0);


INSERT INTO StarRep (System_id,cluster_id,distance_clust_virt_centre,luminosity,no_planets_allowed,angle_in_radians_s,star_color,star_type,star_size)  VALUES ('U2033V2018', 'U2033V2018_2', 2.976E12, 0.0466, 'F', 223.0, 'red_.mains', 'm3', 0.09316666666666662);


INSERT INTO ClusterRep (System_id,distance_sys_virt_centre,planetsAllowed,cluster_id,angle_in_radians,cluster_description,number_stars_in_cluster)  VALUES ('U2033V2018', 7.002352941176471E10, 'F', 'U2033V2018_2', 3.106686068549907, 'Cluster Number: 2 THREESTAR_TRINARY', 1);


INSERT INTO SystemRep (System_id, distance_to_galaxy_centre, ucoordinate, vcoordinate) VALUES ('U2033V2017', 3.4090732479482572E16, 2033.0, 2017.0);


INSERT INTO StarRep (System_id,cluster_id,distance_clust_virt_centre,luminosity,no_planets_allowed,angle_in_radians_s,star_color,star_type,star_size)  VALUES ('U2033V2017', 'U2033V2017_0', 3.629268292682927E10, 1.0, 'F', 131.0, 'yelo.mains', 'g2', 43.199999999999996);


INSERT INTO StarRep (System_id,cluster_id,distance_clust_virt_centre,luminosity,no_planets_allowed,angle_in_radians_s,star_color,star_type,star_size)  VALUES ('U2033V2017', 'U2033V2017_0', 3.1659574468085106E10, 0.04612335560640923, 'F', 49.0, 'red_.mains', 'm3', 0.09316666666666662);


INSERT INTO StarRep (System_id,cluster_id,distance_clust_virt_centre,luminosity,no_planets_allowed,angle_in_radians_s,star_color,star_type,star_size)  VALUES ('U2033V2017', 'U2033V2017_0', 4.376470588235294E10, 3.75E-5, 'F', 180.0, 'orng.dwarf', 'dk', 0.5633333333333334);


INSERT INTO StarRep (System_id,cluster_id,distance_clust_virt_centre,luminosity,no_planets_allowed,angle_in_radians_s,star_color,star_type,star_size)  VALUES ('U2033V2017', 'U2033V2017_2', 3.72E11, 181845.8652006601, 'F', 299.0, 'ltbl.sg.ii', 'b7', 17.0);


INSERT INTO ClusterRep (System_id,distance_sys_virt_centre,planetsAllowed,cluster_id,angle_in_radians,cluster_description,number_stars_in_cluster)  VALUES ('U2033V2017', 1.0821818181818182E11, 'F', 'U2033V2017_2', 3.385938748868999, 'Cluster Number: 2 THREESTAR_TRINARY', 1);


INSERT INTO SystemRep (System_id, distance_to_galaxy_centre, ucoordinate, vcoordinate) VALUES ('U2033V2016', 3.408234944735354E16, 2033.0, 2016.0);


INSERT INTO StarRep (System_id,cluster_id,distance_clust_virt_centre,luminosity,no_planets_allowed,angle_in_radians_s,star_color,star_type,star_size)  VALUES ('U2033V2016', 'U2033V2016_0', 6.469565217391304E10, 2.32, 'F', 184.0, 'pyel.mains', 'f6', 39.6);


INSERT INTO StarRep (System_id,cluster_id,distance_clust_virt_centre,luminosity,no_planets_allowed,angle_in_radians_s,star_color,star_type,star_size)  VALUES ('U2033V2016', 'U2033V2016_0', 9.018181818181818E10, 0.0134, 'F', 57.0, 'red_.mains', 'm7', 0.12183333333333335);


INSERT INTO StarRep (System_id,cluster_id,distance_clust_virt_centre,luminosity,no_planets_allowed,angle_in_radians_s,star_color,star_type,star_size)  VALUES ('U2033V2016', 'U2033V2016_0', 4.578461538461539E10, 0.0134, 'F', 235.0, 'red_.mains', 'm7', 0.12183333333333335);


INSERT INTO StarRep (System_id,cluster_id,distance_clust_virt_centre,luminosity,no_planets_allowed,angle_in_radians_s,star_color,star_type,star_size)  VALUES ('U2033V2016', 'U2033V2016_2', 6.763636363636364E10, 0.216, 'F', 317.0, 'orng.mains', 'k4', 1.126);


INSERT INTO ClusterRep (System_id,distance_sys_virt_centre,planetsAllowed,cluster_id,angle_in_radians,cluster_description,number_stars_in_cluster)  VALUES ('U2033V2016', 1.488E12, 'F', 'U2033V2016_2', 4.799655442984406, 'Cluster Number: 2 THREESTAR_TRINARY', 1);


INSERT INTO SystemRep (System_id, distance_to_galaxy_centre, ucoordinate, vcoordinate) VALUES ('U2033V2015', 3.4073968511545936E16, 2033.0, 2015.0);


INSERT INTO SystemRep (System_id, distance_to_galaxy_centre, ucoordinate, vcoordinate) VALUES ('U2033V2014', 3.4065589673607004E16, 2033.0, 2014.0);


INSERT INTO StarRep (System_id,cluster_id,distance_clust_virt_centre,luminosity,no_planets_allowed,angle_in_radians_s,star_color,star_type,star_size)  VALUES ('U2033V2014', 'U2033V2014_0', 3.72E10, 0.013367048418421498, 'F', 91.0, 'red_.mains', 'm7', 0.12183333333333335);


INSERT INTO StarRep (System_id,cluster_id,distance_clust_virt_centre,luminosity,no_planets_allowed,angle_in_radians_s,star_color,star_type,star_size)  VALUES ('U2033V2014', 'U2033V2014_0', 5.2210526315789474E10, 2.8E-5, 'F', 54.0, 'red_.dwarf', 'dm', 0.6413333333333334);


INSERT INTO StarRep (System_id,cluster_id,distance_clust_virt_centre,luminosity,no_planets_allowed,angle_in_radians_s,star_color,star_type,star_size)  VALUES ('U2033V2014', 'U2033V2014_0', 1.1022222222222223E11, 1.5487996490787015, 'F', 285.0, 'pyel.mains', 'f8', 40.8);


INSERT INTO StarRep (System_id,cluster_id,distance_clust_virt_centre,luminosity,no_planets_allowed,angle_in_radians_s,star_color,star_type,star_size)  VALUES ('U2033V2014', 'U2033V2014_2', 9.92E10, 3.749035260424279E-5, 'F', 166.0, 'orng.dwarf', 'dk', 0.5633333333333334);


INSERT INTO ClusterRep (System_id,distance_sys_virt_centre,planetsAllowed,cluster_id,angle_in_radians,cluster_description,number_stars_in_cluster)  VALUES ('U2033V2014', 9.3E10, 'F', 'U2033V2014_2', 4.241150082346221, 'Cluster Number: 2 THREESTAR_TRINARY', 1);


INSERT INTO SystemRep (System_id, distance_to_galaxy_centre, ucoordinate, vcoordinate) VALUES ('U2033V2013', 3.4057212935085104E16, 2033.0, 2013.0);


INSERT INTO StarRep (System_id,cluster_id,distance_clust_virt_centre,luminosity,no_planets_allowed,angle_in_radians_s,star_color,star_type,star_size)  VALUES ('U2033V2013', 'U2033V2013_0', 2.1257142857142856E11, 0.07304954245804784, 'F', 317.0, 'red_.mains', 'm1', 0.07883333333333331);


INSERT INTO StarRep (System_id,cluster_id,distance_clust_virt_centre,luminosity,no_planets_allowed,angle_in_radians_s,star_color,star_type,star_size)  VALUES ('U2033V2013', 'U2033V2013_0', 6.6133333333333336E10, 0.408, 'F', 55.0, 'yelo.mains', 'g9', 47.4);


INSERT INTO StarRep (System_id,cluster_id,distance_clust_virt_centre,luminosity,no_planets_allowed,angle_in_radians_s,star_color,star_type,star_size)  VALUES ('U2033V2013', 'U2033V2013_0', 6.469565217391304E10, 101031.69884575912, 'F', 80.0, 'orng.sg.ii', 'k2', 86.66666666666667);


INSERT INTO StarRep (System_id,cluster_id,distance_clust_virt_centre,luminosity,no_planets_allowed,angle_in_radians_s,star_color,star_type,star_size)  VALUES ('U2033V2013', 'U2033V2013_2', 8.043243243243243E10, 4.3624368324527145, 'F', 241.0, 'pyel.mains', 'f3', 37.800000000000004);


INSERT INTO ClusterRep (System_id,distance_sys_virt_centre,planetsAllowed,cluster_id,angle_in_radians,cluster_description,number_stars_in_cluster)  VALUES ('U2033V2013', 1.7505882352941177E11, 'F', 'U2033V2013_2', 4.520402762665313, 'Cluster Number: 2 THREESTAR_TRINARY', 1);


INSERT INTO SystemRep (System_id, distance_to_galaxy_centre, ucoordinate, vcoordinate) VALUES ('U2033V2012', 3.404883829752974E16, 2033.0, 2012.0);


INSERT INTO StarRep (System_id,cluster_id,distance_clust_virt_centre,luminosity,no_planets_allowed,angle_in_radians_s,star_color,star_type,star_size)  VALUES ('U2033V2012', 'U2033V2012_0', 3.864935064935065E10, 0.0466, 'F', 11.0, 'red_.mains', 'm3', 0.09316666666666662);


INSERT INTO StarRep (System_id,cluster_id,distance_clust_virt_centre,luminosity,no_planets_allowed,angle_in_radians_s,star_color,star_type,star_size)  VALUES ('U2033V2012', 'U2033V2012_0', 3.542857142857143E10, 0.216, 'F', 63.0, 'orng.mains', 'k4', 1.126);


INSERT INTO StarRep (System_id,cluster_id,distance_clust_virt_centre,luminosity,no_planets_allowed,angle_in_radians_s,star_color,star_type,star_size)  VALUES ('U2033V2012', 'U2033V2012_0', 6.920930232558139E10, 2.89774809751754E-5, 'F', 136.0, 'red_.dwarf', 'dm', 0.624);


INSERT INTO StarRep (System_id,cluster_id,distance_clust_virt_centre,luminosity,no_planets_allowed,angle_in_radians_s,star_color,star_type,star_size)  VALUES ('U2033V2012', 'U2033V2012_2', 4.0767123287671234E10, 0.0466, 'F', 259.0, 'red_.mains', 'm3', 0.09316666666666662);


INSERT INTO ClusterRep (System_id,distance_sys_virt_centre,planetsAllowed,cluster_id,angle_in_radians,cluster_description,number_stars_in_cluster)  VALUES ('U2033V2012', 7.258536585365854E10, 'F', 'U2033V2012_2', 5.934119456780721, 'Cluster Number: 2 THREESTAR_TRINARY', 1);


INSERT INTO SystemRep (System_id, distance_to_galaxy_centre, ucoordinate, vcoordinate) VALUES ('U2033V2011', 3.404046576249156E16, 2033.0, 2011.0);


INSERT INTO StarRep (System_id,cluster_id,distance_clust_virt_centre,luminosity,no_planets_allowed,angle_in_radians_s,star_color,star_type,star_size)  VALUES ('U2033V2011', 'U2033V2011_0', 2.976E11, 0.09047858804930428, 'F', 238.0, 'red_.mains', 'm0', 1.255);


INSERT INTO StarRep (System_id,cluster_id,distance_clust_virt_centre,luminosity,no_planets_allowed,angle_in_radians_s,star_color,star_type,star_size)  VALUES ('U2033V2011', 'U2033V2011_0', 4.1333333333333336E10, 3.55E-5, 'F', 64.0, 'orng.dwarf', 'dk', 0.598);


INSERT INTO StarRep (System_id,cluster_id,distance_clust_virt_centre,luminosity,no_planets_allowed,angle_in_radians_s,star_color,star_type,star_size)  VALUES ('U2033V2011', 'U2033V2011_0', 4.8E10, 0.04628895096133438, 'F', 291.0, 'red_.mains', 'm3', 0.09316666666666662);


INSERT INTO StarRep (System_id,cluster_id,distance_clust_virt_centre,luminosity,no_planets_allowed,angle_in_radians_s,star_color,star_type,star_size)  VALUES ('U2033V2011', 'U2033V2011_2', 3.674074074074074E10, 2.798563976522765E-5, 'F', 335.0, 'red_.dwarf', 'dm', 0.6413333333333334);


INSERT INTO ClusterRep (System_id,distance_sys_virt_centre,planetsAllowed,cluster_id,angle_in_radians,cluster_description,number_stars_in_cluster)  VALUES ('U2033V2011', 1.1446153846153847E11, 'F', 'U2033V2011_2', 6.213372137099814, 'Cluster Number: 2 THREESTAR_TRINARY', 1);


INSERT INTO SystemRep (System_id, distance_to_galaxy_centre, ucoordinate, vcoordinate) VALUES ('U2033V2010', 3.4032095331522332E16, 2033.0, 2010.0);


INSERT INTO StarRep (System_id,cluster_id,distance_clust_virt_centre,luminosity,no_planets_allowed,angle_in_radians_s,star_color,star_type,star_size)  VALUES ('U2033V2010', 'U2033V2010_0', 2.48E11, 126000.0, 'F', 278.0, 'blue.subgi', 'o8', 27.333333333333336);


INSERT INTO StarRep (System_id,cluster_id,distance_clust_virt_centre,luminosity,no_planets_allowed,angle_in_radians_s,star_color,star_type,star_size)  VALUES ('U2033V2010', 'U2033V2010_0', 3.306666666666667E11, 0.216, 'F', 60.0, 'orng.mains', 'k4', 1.126);


INSERT INTO StarRep (System_id,cluster_id,distance_clust_virt_centre,luminosity,no_planets_allowed,angle_in_radians_s,star_color,star_type,star_size)  VALUES ('U2033V2010', 'U2033V2010_0', 5.952E11, 0.408, 'F', 185.0, 'yelo.mains', 'g9', 47.4);


INSERT INTO StarRep (System_id,cluster_id,distance_clust_virt_centre,luminosity,no_planets_allowed,angle_in_radians_s,star_color,star_type,star_size)  VALUES ('U2033V2010', 'U2033V2010_2', 5.044067796610169E10, 244.19325034904725, 'F', 108.0, 'whit.gi.i ', 'a1', 59.166666666666664);


INSERT INTO ClusterRep (System_id,distance_sys_virt_centre,planetsAllowed,cluster_id,angle_in_radians,cluster_description,number_stars_in_cluster)  VALUES ('U2033V2010', 1.3841860465116278E11, 'F', 'U2033V2010_2', 5.375614096142535, 'Cluster Number: 2 THREESTAR_TRINARY', 1);


INSERT INTO SystemRep (System_id, distance_to_galaxy_centre, ucoordinate, vcoordinate) VALUES ('U2027V2019', 3.4056863426179456E16, 2027.0, 2019.0);


INSERT INTO StarRep (System_id,cluster_id,distance_clust_virt_centre,luminosity,no_planets_allowed,angle_in_radians_s,star_color,star_type,star_size)  VALUES ('U2027V2019', 'U2027V2019_0', 8.502857142857143E10, 2.32, 'F', 171.0, 'pyel.mains', 'f6', 39.6);


INSERT INTO ClusterRep (System_id,distance_sys_virt_centre,planetsAllowed,cluster_id,angle_in_radians,cluster_description,number_stars_in_cluster)  VALUES ('U2027V2019', 1.2146938775510204E11, 'T', 'U2027V2019_0', 4.869468613064179, 'Cluster Number: 0 SINGLESTAR', 1);


INSERT INTO SystemRep (System_id, distance_to_galaxy_centre, ucoordinate, vcoordinate) VALUES ('U2027V2018', 3.4048463731458544E16, 2027.0, 2018.0);


INSERT INTO StarRep (System_id,cluster_id,distance_clust_virt_centre,luminosity,no_planets_allowed,angle_in_radians_s,star_color,star_type,star_size)  VALUES ('U2027V2018', 'U2027V2018_0', 4.441791044776119E10, 1.1967192983230028, 'F', 38.0, 'yelo.mains', 'g0', 42.0);


INSERT INTO ClusterRep (System_id,distance_sys_virt_centre,planetsAllowed,cluster_id,angle_in_radians,cluster_description,number_stars_in_cluster)  VALUES ('U2027V2018', 6.540659340659341E10, 'T', 'U2027V2018_0', 5.1661745859032155, 'Cluster Number: 0 SINGLESTAR', 1);


INSERT INTO SystemRep (System_id, distance_to_galaxy_centre, ucoordinate, vcoordinate) VALUES ('U2027V2017', 3.4040066126931776E16, 2027.0, 2017.0);


INSERT INTO SystemRep (System_id, distance_to_galaxy_centre, ucoordinate, vcoordinate) VALUES ('U2027V2016', 3.4031670614146464E16, 2027.0, 2016.0);


INSERT INTO StarRep (System_id,cluster_id,distance_clust_virt_centre,luminosity,no_planets_allowed,angle_in_radians_s,star_color,star_type,star_size)  VALUES ('U2027V2016', 'U2027V2016_0', 4.3130434782608696E10, 0.013399657247315887, 'F', 78.0, 'red_.mains', 'm7', 0.12183333333333335);


INSERT INTO ClusterRep (System_id,distance_sys_virt_centre,planetsAllowed,cluster_id,angle_in_radians,cluster_description,number_stars_in_cluster)  VALUES ('U2027V2016', 9.156923076923077E10, 'T', 'U2027V2016_0', 4.310963252425994, 'Cluster Number: 0 SINGLESTAR', 1);


INSERT INTO SystemRep (System_id, distance_to_galaxy_centre, ucoordinate, vcoordinate) VALUES ('U2027V2015', 3.4023277194651076E16, 2027.0, 2015.0);


INSERT INTO StarRep (System_id,cluster_id,distance_clust_virt_centre,luminosity,no_planets_allowed,angle_in_radians_s,star_color,star_type,star_size)  VALUES ('U2027V2015', 'U2027V2015_0', 1.488E12, 0.0734, 'F', 304.0, 'red_.mains', 'm1', 0.07883333333333331);


INSERT INTO ClusterRep (System_id,distance_sys_virt_centre,planetsAllowed,cluster_id,angle_in_radians,cluster_description,number_stars_in_cluster)  VALUES ('U2027V2015', 7.44E11, 'T', 'U2027V2015_0', 4.590215932745087, 'Cluster Number: 0 SINGLESTAR', 1);


INSERT INTO SystemRep (System_id, distance_to_galaxy_centre, ucoordinate, vcoordinate) VALUES ('U2027V2014', 3.4014885869995212E16, 2027.0, 2014.0);


INSERT INTO StarRep (System_id,cluster_id,distance_clust_virt_centre,luminosity,no_planets_allowed,angle_in_radians_s,star_color,star_type,star_size)  VALUES ('U2027V2014', 'U2027V2014_0', 3.036734693877551E10, 0.09073095202944348, 'F', 225.0, 'red_.mains', 'm0', 1.255);


INSERT INTO ClusterRep (System_id,distance_sys_virt_centre,planetsAllowed,cluster_id,angle_in_radians,cluster_description,number_stars_in_cluster)  VALUES ('U2027V2014', 9.92E10, 'T', 'U2027V2014_0', 0.0, 'Cluster Number: 0 SINGLESTAR', 1);


INSERT INTO SystemRep (System_id, distance_to_galaxy_centre, ucoordinate, vcoordinate) VALUES ('U2027V2013', 3.4006496641729624E16, 2027.0, 2013.0);


INSERT INTO StarRep (System_id,cluster_id,distance_clust_virt_centre,luminosity,no_planets_allowed,angle_in_radians_s,star_color,star_type,star_size)  VALUES ('U2027V2013', 'U2027V2013_0', 0.0, 126000.0, 'F', 264.0, 'blue.subgi', 'o8', 27.333333333333336);


INSERT INTO ClusterRep (System_id,distance_sys_virt_centre,planetsAllowed,cluster_id,angle_in_radians,cluster_description,number_stars_in_cluster)  VALUES ('U2027V2013', 1.7505882352941177E11, 'T', 'U2027V2013_0', 5.445427266222308, 'Cluster Number: 0 SINGLESTAR', 1);


INSERT INTO SystemRep (System_id, distance_to_galaxy_centre, ucoordinate, vcoordinate) VALUES ('U2027V2012', 3.3998109511406188E16, 2027.0, 2012.0);


INSERT INTO StarRep (System_id,cluster_id,distance_clust_virt_centre,luminosity,no_planets_allowed,angle_in_radians_s,star_color,star_type,star_size)  VALUES ('U2027V2012', 'U2027V2012_0', 9.018181818181818E10, 3.7497710493412046E-5, 'F', 131.0, 'orng.dwarf', 'dk', 0.5633333333333334);


INSERT INTO ClusterRep (System_id,distance_sys_virt_centre,planetsAllowed,cluster_id,angle_in_radians,cluster_description,number_stars_in_cluster)  VALUES ('U2027V2012', 7.936E10, 'T', 'U2027V2012_0', 5.7246799465414, 'Cluster Number: 0 SINGLESTAR', 1);


INSERT INTO SystemRep (System_id, distance_to_galaxy_centre, ucoordinate, vcoordinate) VALUES ('U2027V2011', 3.398972448057795E16, 2027.0, 2011.0);


INSERT INTO StarRep (System_id,cluster_id,distance_clust_virt_centre,luminosity,no_planets_allowed,angle_in_radians_s,star_color,star_type,star_size)  VALUES ('U2027V2011', 'U2027V2011_0', 6.073469387755102E10, 0.216, 'F', 130.0, 'orng.mains', 'k4', 1.126);


INSERT INTO ClusterRep (System_id,distance_sys_virt_centre,planetsAllowed,cluster_id,angle_in_radians,cluster_description,number_stars_in_cluster)  VALUES ('U2027V2011', 1.566315789473684E11, 'T', 'U2027V2011_0', 4.380776422505767, 'Cluster Number: 0 SINGLESTAR', 1);


INSERT INTO SystemRep (System_id, distance_to_galaxy_centre, ucoordinate, vcoordinate) VALUES ('U2027V2010', 3.398134155079908E16, 2027.0, 2010.0);


INSERT INTO StarRep (System_id,cluster_id,distance_clust_virt_centre,luminosity,no_planets_allowed,angle_in_radians_s,star_color,star_type,star_size)  VALUES ('U2027V2010', 'U2027V2010_0', 3.629268292682927E10, 0.4070305621369146, 'F', 356.0, 'yelo.mains', 'g9', 47.4);


INSERT INTO ClusterRep (System_id,distance_sys_virt_centre,planetsAllowed,cluster_id,angle_in_radians,cluster_description,number_stars_in_cluster)  VALUES ('U2027V2010', 7.44E10, 'T', 'U2027V2010_0', 4.6600291028248595, 'Cluster Number: 0 SINGLESTAR', 1);


INSERT INTO SystemRep (System_id, distance_to_galaxy_centre, ucoordinate, vcoordinate) VALUES ('U2021V2019', 3.400629662493745E16, 2021.0, 2019.0);


INSERT INTO StarRep (System_id,cluster_id,distance_clust_virt_centre,luminosity,no_planets_allowed,angle_in_radians_s,star_color,star_type,star_size)  VALUES ('U2021V2019', 'U2021V2019_0', 1.1446153846153847E11, 0.162, 'F', 183.0, 'orng.mains', 'k6', 1.169);


INSERT INTO ClusterRep (System_id,distance_sys_virt_centre,planetsAllowed,cluster_id,angle_in_radians,cluster_description,number_stars_in_cluster)  VALUES ('U2021V2019', 1.3527272727272728E11, 'T', 'U2021V2019_0', 2.2165681500327987, 'Cluster Number: 0 SINGLESTAR', 1);


INSERT INTO SystemRep (System_id, distance_to_galaxy_centre, ucoordinate, vcoordinate) VALUES ('U2021V2018', 3.399788443692107E16, 2021.0, 2018.0);


INSERT INTO SystemRep (System_id, distance_to_galaxy_centre, ucoordinate, vcoordinate) VALUES ('U2021V2017', 3.398947433603056E16, 2021.0, 2017.0);


INSERT INTO StarRep (System_id,cluster_id,distance_clust_virt_centre,luminosity,no_planets_allowed,angle_in_radians_s,star_color,star_type,star_size)  VALUES ('U2021V2017', 'U2021V2017_0', 5.044067796610169E10, 0.7101881223880387, 'F', 50.0, 'yelo.mains', 'g5', 45.0);


INSERT INTO ClusterRep (System_id,distance_sys_virt_centre,planetsAllowed,cluster_id,angle_in_radians,cluster_description,number_stars_in_cluster)  VALUES ('U2021V2017', 7.002352941176471E10, 'T', 'U2021V2017_0', 2.4958208303518914, 'Cluster Number: 0 SINGLESTAR', 1);


INSERT INTO SystemRep (System_id, distance_to_galaxy_centre, ucoordinate, vcoordinate) VALUES ('U2021V2016', 3.398106632381556E16, 2021.0, 2016.0);


INSERT INTO StarRep (System_id,cluster_id,distance_clust_virt_centre,luminosity,no_planets_allowed,angle_in_radians_s,star_color,star_type,star_size)  VALUES ('U2021V2016', 'U2021V2016_0', 3.968E10, 2.95E-5, 'F', 48.0, 'red_.dwarf', 'dm', 0.6153333333333334);


INSERT INTO ClusterRep (System_id,distance_sys_virt_centre,planetsAllowed,cluster_id,angle_in_radians,cluster_description,number_stars_in_cluster)  VALUES ('U2021V2016', 1.24E11, 'T', 'U2021V2016_0', 1.1519173063162575, 'Cluster Number: 0 SINGLESTAR', 1);


INSERT INTO SystemRep (System_id, distance_to_galaxy_centre, ucoordinate, vcoordinate) VALUES ('U2021V2015', 3.397266040182688E16, 2021.0, 2015.0);


INSERT INTO StarRep (System_id,cluster_id,distance_clust_virt_centre,luminosity,no_planets_allowed,angle_in_radians_s,star_color,star_type,star_size)  VALUES ('U2021V2015', 'U2021V2015_0', 3.306666666666667E11, 0.046082559408927165, 'F', 275.0, 'red_.mains', 'm3', 0.09316666666666662);


INSERT INTO ClusterRep (System_id,distance_sys_virt_centre,planetsAllowed,cluster_id,angle_in_radians,cluster_description,number_stars_in_cluster)  VALUES ('U2021V2015', 6.687640449438202E10, 'T', 'U2021V2015_0', 1.43116998663535, 'Cluster Number: 0 SINGLESTAR', 1);


INSERT INTO SystemRep (System_id, distance_to_galaxy_centre, ucoordinate, vcoordinate) VALUES ('U2021V2014', 3.396425657161646E16, 2021.0, 2014.0);


INSERT INTO SystemRep (System_id, distance_to_galaxy_centre, ucoordinate, vcoordinate) VALUES ('U2021V2013', 3.3955854834737412E16, 2021.0, 2013.0);


INSERT INTO StarRep (System_id,cluster_id,distance_clust_virt_centre,luminosity,no_planets_allowed,angle_in_radians_s,star_color,star_type,star_size)  VALUES ('U2021V2013', 'U2021V2013_0', 2.7054545454545456E11, 1.2, 'F', 315.0, 'yelo.mains', 'g0', 42.0);


INSERT INTO ClusterRep (System_id,distance_sys_virt_centre,planetsAllowed,cluster_id,angle_in_radians,cluster_description,number_stars_in_cluster)  VALUES ('U2021V2013', 9.447619047619048E10, 'T', 'U2021V2013_0', 0.5759586531581288, 'Cluster Number: 0 SINGLESTAR', 1);


INSERT INTO SystemRep (System_id, distance_to_galaxy_centre, ucoordinate, vcoordinate) VALUES ('U2021V2012', 3.3947455192743976E16, 2021.0, 2012.0);


INSERT INTO SystemRep (System_id, distance_to_galaxy_centre, ucoordinate, vcoordinate) VALUES ('U2021V2011', 3.393905764719156E16, 2021.0, 2011.0);


INSERT INTO StarRep (System_id,cluster_id,distance_clust_virt_centre,luminosity,no_planets_allowed,angle_in_radians_s,star_color,star_type,star_size)  VALUES ('U2021V2011', 'U2021V2011_0', 6.920930232558139E10, 95.66073356213757, 'F', 181.0, 'orng.gi.i ', 'k0', 6.133333333333333);


INSERT INTO ClusterRep (System_id,distance_sys_virt_centre,planetsAllowed,cluster_id,angle_in_radians,cluster_description,number_stars_in_cluster)  VALUES ('U2021V2011', 9.92E11, 'T', 'U2021V2011_0', 0.8726646259971648, 'Cluster Number: 0 SINGLESTAR', 1);


INSERT INTO SystemRep (System_id, distance_to_galaxy_centre, ucoordinate, vcoordinate) VALUES ('U2021V2010', 3.3930662199636716E16, 2021.0, 2010.0);


INSERT INTO StarRep (System_id,cluster_id,distance_clust_virt_centre,luminosity,no_planets_allowed,angle_in_radians_s,star_color,star_type,star_size)  VALUES ('U2021V2010', 'U2021V2010_0', 7.63076923076923E10, 142000.0, 'F', 102.0, 'blue.gi.i ', 'o8', 48.333333333333336);


INSERT INTO ClusterRep (System_id,distance_sys_virt_centre,planetsAllowed,cluster_id,angle_in_radians,cluster_description,number_stars_in_cluster)  VALUES ('U2021V2010', 1.0262068965517241E11, 'T', 'U2021V2010_0', 2.5656340004316647, 'Cluster Number: 0 SINGLESTAR', 1);


INSERT INTO SystemRep (System_id, distance_to_galaxy_centre, ucoordinate, vcoordinate) VALUES ('U2034V2019', 3.4115952289283556E16, 2034.0, 2019.0);


INSERT INTO StarRep (System_id,cluster_id,distance_clust_virt_centre,luminosity,no_planets_allowed,angle_in_radians_s,star_color,star_type,star_size)  VALUES ('U2034V2019', 'U2034V2019_0', 4.1915492957746475E10, 2.7996389833362085E-5, 'F', 171.0, 'red_.dwarf', 'dm', 0.6413333333333334);


INSERT INTO StarRep (System_id,cluster_id,distance_clust_virt_centre,luminosity,no_planets_allowed,angle_in_radians_s,star_color,star_type,star_size)  VALUES ('U2034V2019', 'U2034V2019_0', 5.044067796610169E10, 0.216, 'F', 37.0, 'orng.mains', 'k4', 1.126);


INSERT INTO ClusterRep (System_id,distance_sys_virt_centre,planetsAllowed,cluster_id,angle_in_radians,cluster_description,number_stars_in_cluster)  VALUES ('U2034V2019', 3.968E12, 'T', 'U2034V2019_1', 0.045692612968006294, 'Cluster Number: 1 THREESTAR_BINARYPLUSONE', 0);


INSERT INTO SystemRep (System_id, distance_to_galaxy_centre, ucoordinate, vcoordinate) VALUES ('U2034V2018', 3.410756714642192E16, 2034.0, 2018.0);


INSERT INTO StarRep (System_id,cluster_id,distance_clust_virt_centre,luminosity,no_planets_allowed,angle_in_radians_s,star_color,star_type,star_size)  VALUES ('U2034V2018', 'U2034V2018_0', 4.441791044776119E10, 3.748873183912572E-5, 'F', 91.0, 'orng.dwarf', 'dk', 0.5633333333333334);


INSERT INTO StarRep (System_id,cluster_id,distance_clust_virt_centre,luminosity,no_planets_allowed,angle_in_radians_s,star_color,star_type,star_size)  VALUES ('U2034V2018', 'U2034V2018_0', 3.5011764705882355E10, 1.69E8, 'F', 46.0, 'blue.sg.ii', 'o8', 12.0);


INSERT INTO ClusterRep (System_id,distance_sys_virt_centre,planetsAllowed,cluster_id,angle_in_radians,cluster_description,number_stars_in_cluster)  VALUES ('U2034V2018', 3.517090909090909E12, 'T', 'U2034V2018_1', 0.05848654459904804, 'Cluster Number: 1 THREESTAR_BINARYPLUSONE', 0);


INSERT INTO SystemRep (System_id, distance_to_galaxy_centre, ucoordinate, vcoordinate) VALUES ('U2034V2017', 3.4099184097293588E16, 2034.0, 2017.0);


INSERT INTO StarRep (System_id,cluster_id,distance_clust_virt_centre,luminosity,no_planets_allowed,angle_in_radians_s,star_color,star_type,star_size)  VALUES ('U2034V2017', 'U2034V2017_0', 9.92E11, 1.1999235674657374, 'F', 357.0, 'yelo.mains', 'g0', 42.0);


INSERT INTO StarRep (System_id,cluster_id,distance_clust_virt_centre,luminosity,no_planets_allowed,angle_in_radians_s,star_color,star_type,star_size)  VALUES ('U2034V2017', 'U2034V2017_0', 2.976E11, 9.361723730104567, 'F', 43.0, 'whit.mains', 'a9', 35.4);


INSERT INTO ClusterRep (System_id,distance_sys_virt_centre,planetsAllowed,cluster_id,angle_in_radians,cluster_description,number_stars_in_cluster)  VALUES ('U2034V2017', 3.5712E12, 'T', 'U2034V2017_1', 0.09077599109643916, 'Cluster Number: 1 THREESTAR_BINARYPLUSONE', 0);


INSERT INTO SystemRep (System_id, distance_to_galaxy_centre, ucoordinate, vcoordinate) VALUES ('U2034V2016', 3.409080314344313E16, 2034.0, 2016.0);


INSERT INTO SystemRep (System_id, distance_to_galaxy_centre, ucoordinate, vcoordinate) VALUES ('U2029V2009', 3.3989874566422748E16, 2029.0, 2009.0);


INSERT INTO SystemRep (System_id, distance_to_galaxy_centre, ucoordinate, vcoordinate) VALUES ('U2034V2015', 3.408242428641625E16, 2034.0, 2015.0);


INSERT INTO StarRep (System_id,cluster_id,distance_clust_virt_centre,luminosity,no_planets_allowed,angle_in_radians_s,star_color,star_type,star_size)  VALUES ('U2034V2015', 'U2034V2015_0', 7.63076923076923E10, 0.2815817313012317, 'F', 25.0, 'orng.mains', 'k2', 1.0830000000000002);


INSERT INTO StarRep (System_id,cluster_id,distance_clust_virt_centre,luminosity,no_planets_allowed,angle_in_radians_s,star_color,star_type,star_size)  VALUES ('U2034V2015', 'U2034V2015_0', 3.4604651162790695E10, 0.44912609118320457, 'F', 75.0, 'yelo.subdw', 'g9', 4.14);


INSERT INTO StarRep (System_id,cluster_id,distance_clust_virt_centre,luminosity,no_planets_allowed,angle_in_radians_s,star_color,star_type,star_size)  VALUES ('U2034V2015', 'U2034V2015_0', 3.036734693877551E10, 7.646468100069289, 'F', 296.0, 'pyel.mains', 'f1', 36.599999999999994);


INSERT INTO StarRep (System_id,cluster_id,distance_clust_virt_centre,luminosity,no_planets_allowed,angle_in_radians_s,star_color,star_type,star_size)  VALUES ('U2034V2015', 'U2034V2015_2', 9.3E10, 7400.0, 'F', 144.0, 'yelo.sg.i ', 'g3', 27.500000000000004);


INSERT INTO ClusterRep (System_id,distance_sys_virt_centre,planetsAllowed,cluster_id,angle_in_radians,cluster_description,number_stars_in_cluster)  VALUES ('U2034V2015', 1.488E11, 'F', 'U2034V2015_2', 1.9198621771937625, 'Cluster Number: 2 THREESTAR_TRINARY', 1);


INSERT INTO SystemRep (System_id, distance_to_galaxy_centre, ucoordinate, vcoordinate) VALUES ('U2029V2008', 3.398150001380869E16, 2029.0, 2008.0);


INSERT INTO StarRep (System_id,cluster_id,distance_clust_virt_centre,luminosity,no_planets_allowed,angle_in_radians_s,star_color,star_type,star_size)  VALUES ('U2029V2008', 'U2029V2008_0', 4.441791044776119E10, 14600.0, 'F', 262.0, 'orng.sg.i ', 'k2', 28.0);


INSERT INTO StarRep (System_id,cluster_id,distance_clust_virt_centre,luminosity,no_planets_allowed,angle_in_radians_s,star_color,star_type,star_size)  VALUES ('U2029V2008', 'U2029V2008_0', 8.043243243243243E10, 1.3134703411551646E-4, 'F', 7.0, 'pyel.dwarf', 'df', 0.4073333333333333);


INSERT INTO StarRep (System_id,cluster_id,distance_clust_virt_centre,luminosity,no_planets_allowed,angle_in_radians_s,star_color,star_type,star_size)  VALUES ('U2029V2008', 'U2029V2008_0', 1.1446153846153847E11, 54700.0, 'F', 158.0, 'pyel.sg.ii', 'f5', 35.0);


INSERT INTO StarRep (System_id,cluster_id,distance_clust_virt_centre,luminosity,no_planets_allowed,angle_in_radians_s,star_color,star_type,star_size)  VALUES ('U2029V2008', 'U2029V2008_2', 9.92E11, 0.02734692041131555, 'F', 342.0, 'red_.mains', 'm5', 0.10750000000000004);


INSERT INTO ClusterRep (System_id,distance_sys_virt_centre,planetsAllowed,cluster_id,angle_in_radians,cluster_description,number_stars_in_cluster)  VALUES ('U2029V2008', 1.488E12, 'F', 'U2029V2008_2', 1.7627825445142729, 'Cluster Number: 2 THREESTAR_TRINARY', 1);


INSERT INTO SystemRep (System_id, distance_to_galaxy_centre, ucoordinate, vcoordinate) VALUES ('U2034V2014', 3.4074047527759776E16, 2034.0, 2014.0);


INSERT INTO StarRep (System_id,cluster_id,distance_clust_virt_centre,luminosity,no_planets_allowed,angle_in_radians_s,star_color,star_type,star_size)  VALUES ('U2034V2014', 'U2034V2014_0', 4.1915492957746475E10, 2.3067439622038535, 'F', 252.0, 'pyel.mains', 'f6', 39.6);


INSERT INTO StarRep (System_id,cluster_id,distance_clust_virt_centre,luminosity,no_planets_allowed,angle_in_radians_s,star_color,star_type,star_size)  VALUES ('U2034V2014', 'U2034V2014_0', 4.021621621621622E10, 1.197922159946952, 'F', 76.0, 'yelo.mains', 'g0', 42.0);


INSERT INTO StarRep (System_id,cluster_id,distance_clust_virt_centre,luminosity,no_planets_allowed,angle_in_radians_s,star_color,star_type,star_size)  VALUES ('U2034V2014', 'U2034V2014_0', 1.6533333333333334E11, 2.8E-5, 'F', 91.0, 'red_.dwarf', 'dm', 0.6413333333333334);


INSERT INTO StarRep (System_id,cluster_id,distance_clust_virt_centre,luminosity,no_planets_allowed,angle_in_radians_s,star_color,star_type,star_size)  VALUES ('U2034V2014', 'U2034V2014_2', 7.44E10, 2.32, 'F', 220.0, 'pyel.mains', 'f6', 39.6);


INSERT INTO ClusterRep (System_id,distance_sys_virt_centre,planetsAllowed,cluster_id,angle_in_radians,cluster_description,number_stars_in_cluster)  VALUES ('U2034V2014', 5.952E11, 'F', 'U2034V2014_2', 2.199114857512855, 'Cluster Number: 2 THREESTAR_TRINARY', 1);


INSERT INTO SystemRep (System_id, distance_to_galaxy_centre, ucoordinate, vcoordinate) VALUES ('U2029V2007', 3.3973127567921092E16, 2029.0, 2007.0);


INSERT INTO StarRep (System_id,cluster_id,distance_clust_virt_centre,luminosity,no_planets_allowed,angle_in_radians_s,star_color,star_type,star_size)  VALUES ('U2029V2007', 'U2029V2007_0', 9.92E10, 4.37, 'F', 316.0, 'pyel.mains', 'f3', 37.800000000000004);


INSERT INTO StarRep (System_id,cluster_id,distance_clust_virt_centre,luminosity,no_planets_allowed,angle_in_radians_s,star_color,star_type,star_size)  VALUES ('U2029V2007', 'U2029V2007_0', 3.968E10, 2.5994898093674568E-5, 'F', 15.0, 'red_.dwarf', 'dm', 0.676);


INSERT INTO StarRep (System_id,cluster_id,distance_clust_virt_centre,luminosity,no_planets_allowed,angle_in_radians_s,star_color,star_type,star_size)  VALUES ('U2029V2007', 'U2029V2007_0', 1.2939130434782608E11, 2.9490884580614745E-5, 'F', 213.0, 'red_.dwarf', 'dm', 0.6153333333333334);


INSERT INTO StarRep (System_id,cluster_id,distance_clust_virt_centre,luminosity,no_planets_allowed,angle_in_radians_s,star_color,star_type,star_size)  VALUES ('U2029V2007', 'U2029V2007_2', 7.63076923076923E10, 3.18, 'F', 0.0, 'pyel.mains', 'f4', 38.4);


INSERT INTO ClusterRep (System_id,distance_sys_virt_centre,planetsAllowed,cluster_id,angle_in_radians,cluster_description,number_stars_in_cluster)  VALUES ('U2029V2007', 1.1446153846153847E11, 'F', 'U2029V2007_2', 3.1764992386296798, 'Cluster Number: 2 THREESTAR_TRINARY', 1);


INSERT INTO SystemRep (System_id, distance_to_galaxy_centre, ucoordinate, vcoordinate) VALUES ('U2034V2013', 3.4065672869021684E16, 2034.0, 2013.0);


INSERT INTO StarRep (System_id,cluster_id,distance_clust_virt_centre,luminosity,no_planets_allowed,angle_in_radians_s,star_color,star_type,star_size)  VALUES ('U2034V2013', 'U2034V2013_0', 4.0767123287671234E10, 0.04593011460198243, 'F', 291.0, 'red_.mains', 'm3', 0.09316666666666662);


INSERT INTO StarRep (System_id,cluster_id,distance_clust_virt_centre,luminosity,no_planets_allowed,angle_in_radians_s,star_color,star_type,star_size)  VALUES ('U2034V2013', 'U2034V2013_0', 2.7054545454545456E11, 54746.470390748626, 'F', 72.0, 'pyel.sg.ii', 'f5', 35.0);


INSERT INTO StarRep (System_id,cluster_id,distance_clust_virt_centre,luminosity,no_planets_allowed,angle_in_radians_s,star_color,star_type,star_size)  VALUES ('U2034V2013', 'U2034V2013_0', 5.044067796610169E10, 0.07339910481328708, 'F', 346.0, 'red_.mains', 'm1', 0.07883333333333331);


INSERT INTO StarRep (System_id,cluster_id,distance_clust_virt_centre,luminosity,no_planets_allowed,angle_in_radians_s,star_color,star_type,star_size)  VALUES ('U2034V2013', 'U2034V2013_2', 1.6533333333333334E11, 2.32, 'F', 353.0, 'pyel.mains', 'f6', 39.6);


INSERT INTO ClusterRep (System_id,distance_sys_virt_centre,planetsAllowed,cluster_id,angle_in_radians,cluster_description,number_stars_in_cluster)  VALUES ('U2034V2013', 5.952E12, 'F', 'U2034V2013_2', 1.3439035240356338, 'Cluster Number: 2 THREESTAR_TRINARY', 1);


INSERT INTO SystemRep (System_id, distance_to_galaxy_centre, ucoordinate, vcoordinate) VALUES ('U2029V2006', 3.39647572303179E16, 2029.0, 2006.0);


INSERT INTO StarRep (System_id,cluster_id,distance_clust_virt_centre,luminosity,no_planets_allowed,angle_in_radians_s,star_color,star_type,star_size)  VALUES ('U2029V2006', 'U2029V2006_0', 4.723809523809524E10, 1793551.0392228642, 'F', 183.0, 'blue.sg.i ', 'o8', 116.66666666666667);


INSERT INTO StarRep (System_id,cluster_id,distance_clust_virt_centre,luminosity,no_planets_allowed,angle_in_radians_s,star_color,star_type,star_size)  VALUES ('U2029V2006', 'U2029V2006_0', 4.723809523809524E10, 0.28182992018346686, 'F', 16.0, 'orng.mains', 'k2', 1.0830000000000002);


INSERT INTO StarRep (System_id,cluster_id,distance_clust_virt_centre,luminosity,no_planets_allowed,angle_in_radians_s,star_color,star_type,star_size)  VALUES ('U2029V2006', 'U2029V2006_0', 7.085714285714285E10, 0.0466, 'F', 8.0, 'red_.mains', 'm3', 0.09316666666666662);


INSERT INTO StarRep (System_id,cluster_id,distance_clust_virt_centre,luminosity,no_planets_allowed,angle_in_radians_s,star_color,star_type,star_size)  VALUES ('U2029V2006', 'U2029V2006_2', 6.469565217391304E10, 0.1613583823266361, 'F', 76.0, 'orng.mains', 'k6', 1.169);


INSERT INTO ClusterRep (System_id,distance_sys_virt_centre,planetsAllowed,cluster_id,angle_in_radians,cluster_description,number_stars_in_cluster)  VALUES ('U2029V2006', 2.7054545454545456E11, 'F', 'U2029V2006_2', 3.455751918948773, 'Cluster Number: 2 THREESTAR_TRINARY', 1);


INSERT INTO SystemRep (System_id, distance_to_galaxy_centre, ucoordinate, vcoordinate) VALUES ('U2034V2012', 3.4057300311751076E16, 2034.0, 2012.0);


INSERT INTO StarRep (System_id,cluster_id,distance_clust_virt_centre,luminosity,no_planets_allowed,angle_in_radians_s,star_color,star_type,star_size)  VALUES ('U2034V2012', 'U2034V2012_0', 4.96E11, 0.123, 'F', 158.0, 'orng.mains', 'k8', 1.2120000000000002);


INSERT INTO StarRep (System_id,cluster_id,distance_clust_virt_centre,luminosity,no_planets_allowed,angle_in_radians_s,star_color,star_type,star_size)  VALUES ('U2034V2012', 'U2034V2012_0', 3.036734693877551E10, 2.306761772555416, 'F', 73.0, 'pyel.mains', 'f6', 39.6);


INSERT INTO StarRep (System_id,cluster_id,distance_clust_virt_centre,luminosity,no_planets_allowed,angle_in_radians_s,star_color,star_type,star_size)  VALUES ('U2034V2012', 'U2034V2012_0', 3.767088607594936E10, 0.3316789915013386, 'F', 141.0, 'orng.mains', 'k1', 1.0615);


INSERT INTO StarRep (System_id,cluster_id,distance_clust_virt_centre,luminosity,no_planets_allowed,angle_in_radians_s,star_color,star_type,star_size)  VALUES ('U2034V2012', 'U2034V2012_2', 1.1904E11, 0.027586541823015998, 'F', 69.0, 'red_.mains', 'm5', 0.10750000000000004);


INSERT INTO ClusterRep (System_id,distance_sys_virt_centre,planetsAllowed,cluster_id,angle_in_radians,cluster_description,number_stars_in_cluster)  VALUES ('U2034V2012', 8.502857142857143E10, 'F', 'U2034V2012_2', 1.6231562043547263, 'Cluster Number: 2 THREESTAR_TRINARY', 1);


INSERT INTO SystemRep (System_id, distance_to_galaxy_centre, ucoordinate, vcoordinate) VALUES ('U2029V2005', 3.395638900255821E16, 2029.0, 2005.0);


INSERT INTO StarRep (System_id,cluster_id,distance_clust_virt_centre,luminosity,no_planets_allowed,angle_in_radians_s,star_color,star_type,star_size)  VALUES ('U2029V2005', 'U2029V2005_0', 3.068041237113402E10, 0.4070817827919927, 'F', 89.0, 'yelo.mains', 'g9', 47.4);


INSERT INTO StarRep (System_id,cluster_id,distance_clust_virt_centre,luminosity,no_planets_allowed,angle_in_radians_s,star_color,star_type,star_size)  VALUES ('U2029V2005', 'U2029V2005_0', 3.4206896551724136E10, 0.12275512021247285, 'F', 13.0, 'orng.mains', 'k8', 1.2120000000000002);


INSERT INTO StarRep (System_id,cluster_id,distance_clust_virt_centre,luminosity,no_planets_allowed,angle_in_radians_s,star_color,star_type,star_size)  VALUES ('U2029V2005', 'U2029V2005_0', 7.44E11, 12146.536929971408, 'F', 58.0, 'ltbl.mains', 'b3', 25.8);


INSERT INTO StarRep (System_id,cluster_id,distance_clust_virt_centre,luminosity,no_planets_allowed,angle_in_radians_s,star_color,star_type,star_size)  VALUES ('U2029V2005', 'U2029V2005_2', 9.3E10, 3.5397409112564674E-5, 'F', 284.0, 'orng.dwarf', 'dk', 0.598);


INSERT INTO ClusterRep (System_id,distance_sys_virt_centre,planetsAllowed,cluster_id,angle_in_radians,cluster_description,number_stars_in_cluster)  VALUES ('U2029V2005', 7.258536585365854E10, 'F', 'U2029V2005_2', 2.897246558310587, 'Cluster Number: 2 THREESTAR_TRINARY', 1);


INSERT INTO SystemRep (System_id, distance_to_galaxy_centre, ucoordinate, vcoordinate) VALUES ('U2034V2011', 3.4048929857498196E16, 2034.0, 2011.0);


INSERT INTO StarRep (System_id,cluster_id,distance_clust_virt_centre,luminosity,no_planets_allowed,angle_in_radians_s,star_color,star_type,star_size)  VALUES ('U2034V2011', 'U2034V2011_0', 9.92E11, 0.12261910672544214, 'F', 79.0, 'orng.mains', 'k8', 1.2120000000000002);


INSERT INTO StarRep (System_id,cluster_id,distance_clust_virt_centre,luminosity,no_planets_allowed,angle_in_radians_s,star_color,star_type,star_size)  VALUES ('U2034V2011', 'U2034V2011_0', 1.1446153846153847E11, 2.7996412039341304E-5, 'F', 82.0, 'red_.dwarf', 'dm', 0.6413333333333334);


INSERT INTO StarRep (System_id,cluster_id,distance_clust_virt_centre,luminosity,no_planets_allowed,angle_in_radians_s,star_color,star_type,star_size)  VALUES ('U2034V2011', 'U2034V2011_0', 3.1326315789473682E10, 71.87628608419095, 'F', 352.0, 'whit.gi.i ', 'a6', 63.33333333333333);


INSERT INTO StarRep (System_id,cluster_id,distance_clust_virt_centre,luminosity,no_planets_allowed,angle_in_radians_s,star_color,star_type,star_size)  VALUES ('U2034V2011', 'U2034V2011_2', 4.3130434782608696E10, 0.16164824694873994, 'F', 162.0, 'orng.mains', 'k6', 1.169);


INSERT INTO ClusterRep (System_id,distance_sys_virt_centre,planetsAllowed,cluster_id,angle_in_radians,cluster_description,number_stars_in_cluster)  VALUES ('U2034V2011', 6.763636363636364E10, 'F', 'U2034V2011_2', 3.3335788713091694, 'Cluster Number: 2 THREESTAR_TRINARY', 1);


INSERT INTO SystemRep (System_id, distance_to_galaxy_centre, ucoordinate, vcoordinate) VALUES ('U2029V2004', 3.3948022886202252E16, 2029.0, 2004.0);


INSERT INTO StarRep (System_id,cluster_id,distance_clust_virt_centre,luminosity,no_planets_allowed,angle_in_radians_s,star_color,star_type,star_size)  VALUES ('U2029V2004', 'U2029V2004_0', 4.878688524590164E10, 0.162, 'F', 143.0, 'orng.mains', 'k6', 1.169);


INSERT INTO StarRep (System_id,cluster_id,distance_clust_virt_centre,luminosity,no_planets_allowed,angle_in_radians_s,star_color,star_type,star_size)  VALUES ('U2029V2004', 'U2029V2004_0', 1.1022222222222223E11, 0.0466, 'F', 21.0, 'red_.mains', 'm3', 0.09316666666666662);


INSERT INTO StarRep (System_id,cluster_id,distance_clust_virt_centre,luminosity,no_planets_allowed,angle_in_radians_s,star_color,star_type,star_size)  VALUES ('U2029V2004', 'U2029V2004_0', 2.976E12, 986762.7391061768, 'F', 113.0, 'blue.gi.ii', 'o8', 40.0);


INSERT INTO StarRep (System_id,cluster_id,distance_clust_virt_centre,luminosity,no_planets_allowed,angle_in_radians_s,star_color,star_type,star_size)  VALUES ('U2029V2004', 'U2029V2004_2', 4.376470588235294E10, 0.3327981957941872, 'F', 302.0, 'orng.mains', 'k1', 1.0615);


INSERT INTO ClusterRep (System_id,distance_sys_virt_centre,planetsAllowed,cluster_id,angle_in_radians,cluster_description,number_stars_in_cluster)  VALUES ('U2029V2004', 1.92E11, 'F', 'U2029V2004_2', 4.310963252425994, 'Cluster Number: 2 THREESTAR_TRINARY', 1);


INSERT INTO SystemRep (System_id, distance_to_galaxy_centre, ucoordinate, vcoordinate) VALUES ('U2034V2010', 3.404056150781441E16, 2034.0, 2010.0);


INSERT INTO StarRep (System_id,cluster_id,distance_clust_virt_centre,luminosity,no_planets_allowed,angle_in_radians_s,star_color,star_type,star_size)  VALUES ('U2034V2010', 'U2034V2010_0', 5.952E11, 142000.0, 'F', 118.0, 'blue.gi.i ', 'o8', 48.333333333333336);


INSERT INTO StarRep (System_id,cluster_id,distance_clust_virt_centre,luminosity,no_planets_allowed,angle_in_radians_s,star_color,star_type,star_size)  VALUES ('U2034V2010', 'U2034V2010_0', 4.8E10, 0.04634107106993996, 'F', 78.0, 'red_.mains', 'm3', 0.09316666666666662);


INSERT INTO StarRep (System_id,cluster_id,distance_clust_virt_centre,luminosity,no_planets_allowed,angle_in_radians_s,star_color,star_type,star_size)  VALUES ('U2034V2010', 'U2034V2010_0', 8.043243243243243E10, 0.0276, 'F', 246.0, 'red_.mains', 'm5', 0.10750000000000004);


INSERT INTO StarRep (System_id,cluster_id,distance_clust_virt_centre,luminosity,no_planets_allowed,angle_in_radians_s,star_color,star_type,star_size)  VALUES ('U2034V2010', 'U2034V2010_2', 6.331914893617021E10, 0.0732294779899392, 'F', 295.0, 'red_.mains', 'm1', 0.07883333333333331);


INSERT INTO ClusterRep (System_id,distance_sys_virt_centre,planetsAllowed,cluster_id,angle_in_radians,cluster_description,number_stars_in_cluster)  VALUES ('U2034V2010', 7.534177215189873E10, 'F', 'U2034V2010_2', 2.478367537831948, 'Cluster Number: 2 THREESTAR_TRINARY', 1);


INSERT INTO SystemRep (System_id, distance_to_galaxy_centre, ucoordinate, vcoordinate) VALUES ('U2029V2003', 3.393965888281142E16, 2029.0, 2003.0);


INSERT INTO StarRep (System_id,cluster_id,distance_clust_virt_centre,luminosity,no_planets_allowed,angle_in_radians_s,star_color,star_type,star_size)  VALUES ('U2029V2003', 'U2029V2003_0', 3.2E10, 0.40639256331072, 'F', 10.0, 'yelo.mains', 'g9', 47.4);


INSERT INTO StarRep (System_id,cluster_id,distance_clust_virt_centre,luminosity,no_planets_allowed,angle_in_radians_s,star_color,star_type,star_size)  VALUES ('U2029V2003', 'U2029V2003_0', 1.984E11, 2690.0, 'F', 22.0, 'red_.gi.i ', 'm9', 11.959999999999999);


INSERT INTO StarRep (System_id,cluster_id,distance_clust_virt_centre,luminosity,no_planets_allowed,angle_in_radians_s,star_color,star_type,star_size)  VALUES ('U2029V2003', 'U2029V2003_0', 1.488E11, 0.5307588858840155, 'F', 269.0, 'red_.mains', 'm9', 0.13616666666666666);


INSERT INTO StarRep (System_id,cluster_id,distance_clust_virt_centre,luminosity,no_planets_allowed,angle_in_radians_s,star_color,star_type,star_size)  VALUES ('U2029V2003', 'U2029V2003_2', 3.968E10, 0.04598883543659156, 'F', 18.0, 'red_.mains', 'm3', 0.09316666666666662);


INSERT INTO ClusterRep (System_id,distance_sys_virt_centre,planetsAllowed,cluster_id,angle_in_radians,cluster_description,number_stars_in_cluster)  VALUES ('U2029V2003', 5.952E12, 'F', 'U2029V2003_2', 4.590215932745087, 'Cluster Number: 2 THREESTAR_TRINARY', 1);


INSERT INTO SystemRep (System_id, distance_to_galaxy_centre, ucoordinate, vcoordinate) VALUES ('U2029V2002', 3.3931296993948228E16, 2029.0, 2002.0);


INSERT INTO StarRep (System_id,cluster_id,distance_clust_virt_centre,luminosity,no_planets_allowed,angle_in_radians_s,star_color,star_type,star_size)  VALUES ('U2029V2002', 'U2029V2002_0', 3.1326315789473682E10, 0.5856, 'F', 49.0, 'yelo.subdw', 'g1', 3.6599999999999997);


INSERT INTO StarRep (System_id,cluster_id,distance_clust_virt_centre,luminosity,no_planets_allowed,angle_in_radians_s,star_color,star_type,star_size)  VALUES ('U2029V2002', 'U2029V2002_0', 5.835294117647059E10, 0.0096, 'F', 18.0, 'red_.mains', 'm9', 0.13616666666666666);


INSERT INTO StarRep (System_id,cluster_id,distance_clust_virt_centre,luminosity,no_planets_allowed,angle_in_radians_s,star_color,star_type,star_size)  VALUES ('U2029V2002', 'U2029V2002_0', 4.878688524590164E10, 0.216, 'F', 163.0, 'orng.mains', 'k4', 1.126);


INSERT INTO StarRep (System_id,cluster_id,distance_clust_virt_centre,luminosity,no_planets_allowed,angle_in_radians_s,star_color,star_type,star_size)  VALUES ('U2029V2002', 'U2029V2002_2', 5.5111111111111115E10, 0.0133313787570446, 'F', 151.0, 'red_.mains', 'm7', 0.12183333333333335);


INSERT INTO ClusterRep (System_id,distance_sys_virt_centre,planetsAllowed,cluster_id,angle_in_radians,cluster_description,number_stars_in_cluster)  VALUES ('U2029V2002', 6.540659340659341E10, 'F', 'U2029V2002_2', 3.735004599267865, 'Cluster Number: 2 THREESTAR_TRINARY', 1);


INSERT INTO SystemRep (System_id, distance_to_galaxy_centre, ucoordinate, vcoordinate) VALUES ('U2029V2001', 3.392293722117635E16, 2029.0, 2001.0);


INSERT INTO StarRep (System_id,cluster_id,distance_clust_virt_centre,luminosity,no_planets_allowed,angle_in_radians_s,star_color,star_type,star_size)  VALUES ('U2029V2001', 'U2029V2001_0', 8.266666666666667E10, 0.013346660412834522, 'F', 301.0, 'red_.mains', 'm7', 0.12183333333333335);


INSERT INTO ClusterRep (System_id,distance_sys_virt_centre,planetsAllowed,cluster_id,angle_in_radians,cluster_description,number_stars_in_cluster)  VALUES ('U2029V2001', 1.92E11, 'T', 'U2029V2001_0', 1.902408884673819, 'Cluster Number: 0 SINGLESTAR', 1);


INSERT INTO SystemRep (System_id, distance_to_galaxy_centre, ucoordinate, vcoordinate) VALUES ('U2029V2000', 3.3914579566060612E16, 2029.0, 2000.0);


INSERT INTO StarRep (System_id,cluster_id,distance_clust_virt_centre,luminosity,no_planets_allowed,angle_in_radians_s,star_color,star_type,star_size)  VALUES ('U2029V2000', 'U2029V2000_0', 8.043243243243243E10, 1.1959466869009279, 'F', 341.0, 'yelo.mains', 'g0', 42.0);


INSERT INTO ClusterRep (System_id,distance_sys_virt_centre,planetsAllowed,cluster_id,angle_in_radians,cluster_description,number_stars_in_cluster)  VALUES ('U2029V2000', 1.1904E12, 'T', 'U2029V2000_0', 1.0471975511965976, 'Cluster Number: 0 SINGLESTAR', 1);


INSERT INTO SystemRep (System_id, distance_to_galaxy_centre, ucoordinate, vcoordinate) VALUES ('U2025V2009', 3.3956055148654944E16, 2025.0, 2009.0);


INSERT INTO StarRep (System_id,cluster_id,distance_clust_virt_centre,luminosity,no_planets_allowed,angle_in_radians_s,star_color,star_type,star_size)  VALUES ('U2025V2009', 'U2025V2009_0', 4.376470588235294E10, 0.0466, 'F', 28.0, 'red_.mains', 'm3', 0.09316666666666662);


INSERT INTO ClusterRep (System_id,distance_sys_virt_centre,planetsAllowed,cluster_id,angle_in_radians,cluster_description,number_stars_in_cluster)  VALUES ('U2025V2009', 9.447619047619048E10, 'T', 'U2025V2009_0', 3.368485456349056, 'Cluster Number: 0 SINGLESTAR', 1);


INSERT INTO SystemRep (System_id, distance_to_galaxy_centre, ucoordinate, vcoordinate) VALUES ('U2025V2008', 3.39476722531284E16, 2025.0, 2008.0);


INSERT INTO StarRep (System_id,cluster_id,distance_clust_virt_centre,luminosity,no_planets_allowed,angle_in_radians_s,star_color,star_type,star_size)  VALUES ('U2025V2008', 'U2025V2008_0', 9.3E10, 3.75E-5, 'F', 82.0, 'orng.dwarf', 'dk', 0.5633333333333334);


INSERT INTO ClusterRep (System_id,distance_sys_virt_centre,planetsAllowed,cluster_id,angle_in_radians,cluster_description,number_stars_in_cluster)  VALUES ('U2025V2008', 8.043243243243243E10, 'T', 'U2025V2008_0', 4.782202150464463, 'Cluster Number: 0 SINGLESTAR', 1);


INSERT INTO SystemRep (System_id, distance_to_galaxy_centre, ucoordinate, vcoordinate) VALUES ('U2025V2007', 3.3939291462309348E16, 2025.0, 2007.0);


INSERT INTO StarRep (System_id,cluster_id,distance_clust_virt_centre,luminosity,no_planets_allowed,angle_in_radians_s,star_color,star_type,star_size)  VALUES ('U2025V2007', 'U2025V2007_0', 4.65E10, 0.02717106766642086, 'F', 309.0, 'red_.mains', 'm5', 0.10750000000000004);


INSERT INTO ClusterRep (System_id,distance_sys_virt_centre,planetsAllowed,cluster_id,angle_in_radians,cluster_description,number_stars_in_cluster)  VALUES ('U2025V2007', 3.5011764705882355E11, 'T', 'U2025V2007_0', 5.061454830783555, 'Cluster Number: 0 SINGLESTAR', 1);


INSERT INTO SystemRep (System_id, distance_to_galaxy_centre, ucoordinate, vcoordinate) VALUES ('U2025V2006', 3.3930912777757336E16, 2025.0, 2006.0);


INSERT INTO StarRep (System_id,cluster_id,distance_clust_virt_centre,luminosity,no_planets_allowed,angle_in_radians_s,star_color,star_type,star_size)  VALUES ('U2025V2006', 'U2025V2006_0', 4.509090909090909E10, 1.5499420002991913, 'F', 349.0, 'pyel.mains', 'f8', 40.8);


INSERT INTO ClusterRep (System_id,distance_sys_virt_centre,planetsAllowed,cluster_id,angle_in_radians,cluster_description,number_stars_in_cluster)  VALUES ('U2025V2006', 6.687640449438202E10, 'T', 'U2025V2006_0', 4.2062434973063345, 'Cluster Number: 0 SINGLESTAR', 1);


INSERT INTO SystemRep (System_id, distance_to_galaxy_centre, ucoordinate, vcoordinate) VALUES ('U2025V2005', 3.392253620103308E16, 2025.0, 2005.0);


INSERT INTO StarRep (System_id,cluster_id,distance_clust_virt_centre,luminosity,no_planets_allowed,angle_in_radians_s,star_color,star_type,star_size)  VALUES ('U2025V2005', 'U2025V2005_0', 6.073469387755102E10, 0.21504693211947465, 'F', 80.0, 'orng.mains', 'k4', 1.126);


INSERT INTO ClusterRep (System_id,distance_sys_virt_centre,planetsAllowed,cluster_id,angle_in_radians,cluster_description,number_stars_in_cluster)  VALUES ('U2025V2005', 1.6533333333333334E11, 'T', 'U2025V2005_0', 3.420845333908886, 'Cluster Number: 0 SINGLESTAR', 1);


INSERT INTO SystemRep (System_id, distance_to_galaxy_centre, ucoordinate, vcoordinate) VALUES ('U2025V2004', 3.3914161733698444E16, 2025.0, 2004.0);


INSERT INTO StarRep (System_id,cluster_id,distance_clust_virt_centre,luminosity,no_planets_allowed,angle_in_radians_s,star_color,star_type,star_size)  VALUES ('U2025V2004', 'U2025V2004_0', 3.585542168674699E10, 0.013381573837820876, 'F', 347.0, 'red_.mains', 'm7', 0.12183333333333335);


INSERT INTO ClusterRep (System_id,distance_sys_virt_centre,planetsAllowed,cluster_id,angle_in_radians,cluster_description,number_stars_in_cluster)  VALUES ('U2025V2004', 1.1446153846153847E11, 'T', 'U2025V2004_0', 2.8623399732707, 'Cluster Number: 0 SINGLESTAR', 1);


INSERT INTO SystemRep (System_id, distance_to_galaxy_centre, ucoordinate, vcoordinate) VALUES ('U2028V2019', 3.4065298488055556E16, 2028.0, 2019.0);


INSERT INTO StarRep (System_id,cluster_id,distance_clust_virt_centre,luminosity,no_planets_allowed,angle_in_radians_s,star_color,star_type,star_size)  VALUES ('U2028V2019', 'U2028V2019_0', 4.251428571428571E10, 107961.68351177048, 'F', 208.0, 'blue.subgi', 'o8', 32.666666666666664);


INSERT INTO ClusterRep (System_id,distance_sys_virt_centre,planetsAllowed,cluster_id,angle_in_radians,cluster_description,number_stars_in_cluster)  VALUES ('U2028V2019', 1.2663829787234042E11, 'T', 'U2028V2019_0', 1.3264502315156903, 'Cluster Number: 0 SINGLESTAR', 1);


INSERT INTO SystemRep (System_id, distance_to_galaxy_centre, ucoordinate, vcoordinate) VALUES ('U2025V2003', 3.3905789377316436E16, 2025.0, 2003.0);


INSERT INTO StarRep (System_id,cluster_id,distance_clust_virt_centre,luminosity,no_planets_allowed,angle_in_radians_s,star_color,star_type,star_size)  VALUES ('U2025V2003', 'U2025V2003_0', 6.331914893617021E10, 2.8E-5, 'F', 41.0, 'red_.dwarf', 'dm', 0.6413333333333334);


INSERT INTO ClusterRep (System_id,distance_sys_virt_centre,planetsAllowed,cluster_id,angle_in_radians,cluster_description,number_stars_in_cluster)  VALUES ('U2025V2003', 9.6E10, 'T', 'U2025V2003_0', 4.276056667386107, 'Cluster Number: 0 SINGLESTAR', 1);


INSERT INTO SystemRep (System_id, distance_to_galaxy_centre, ucoordinate, vcoordinate) VALUES ('U2028V2018', 3.405690087373377E16, 2028.0, 2018.0);


INSERT INTO StarRep (System_id,cluster_id,distance_clust_virt_centre,luminosity,no_planets_allowed,angle_in_radians_s,star_color,star_type,star_size)  VALUES ('U2028V2018', 'U2028V2018_0', 8.752941176470589E10, 1.2, 'F', 261.0, 'yelo.mains', 'g0', 42.0);


INSERT INTO ClusterRep (System_id,distance_sys_virt_centre,planetsAllowed,cluster_id,angle_in_radians,cluster_description,number_stars_in_cluster)  VALUES ('U2028V2018', 1.0442105263157895E11, 'T', 'U2028V2018_0', 2.740166925631097, 'Cluster Number: 0 SINGLESTAR', 1);


INSERT INTO SystemRep (System_id, distance_to_galaxy_centre, ucoordinate, vcoordinate) VALUES ('U2025V2002', 3.389741913345121E16, 2025.0, 2002.0);


INSERT INTO SystemRep (System_id, distance_to_galaxy_centre, ucoordinate, vcoordinate) VALUES ('U2028V2017', 3.4048505350114388E16, 2028.0, 2017.0);


INSERT INTO StarRep (System_id,cluster_id,distance_clust_virt_centre,luminosity,no_planets_allowed,angle_in_radians_s,star_color,star_type,star_size)  VALUES ('U2028V2017', 'U2028V2017_0', 4.509090909090909E10, 381.48531841232597, 'F', 128.0, 'orng.gi.i ', 'k7', 8.28);


INSERT INTO ClusterRep (System_id,distance_sys_virt_centre,planetsAllowed,cluster_id,angle_in_radians,cluster_description,number_stars_in_cluster)  VALUES ('U2028V2017', 0.0, 'T', 'U2028V2017_0', 3.036872898470133, 'Cluster Number: 0 SINGLESTAR', 1);


INSERT INTO SystemRep (System_id, distance_to_galaxy_centre, ucoordinate, vcoordinate) VALUES ('U2025V2001', 3.388905100366807E16, 2025.0, 2001.0);


INSERT INTO StarRep (System_id,cluster_id,distance_clust_virt_centre,luminosity,no_planets_allowed,angle_in_radians_s,star_color,star_type,star_size)  VALUES ('U2025V2001', 'U2025V2001_0', 3.767088607594936E10, 0.013346347064333604, 'F', 267.0, 'red_.mains', 'm7', 0.12183333333333335);


INSERT INTO ClusterRep (System_id,distance_sys_virt_centre,planetsAllowed,cluster_id,angle_in_radians,cluster_description,number_stars_in_cluster)  VALUES ('U2025V2001', 1.1904E12, 'T', 'U2025V2001_0', 4.5553093477052, 'Cluster Number: 0 SINGLESTAR', 1);


INSERT INTO SystemRep (System_id, distance_to_galaxy_centre, ucoordinate, vcoordinate) VALUES ('U2028V2016', 3.4040111918744332E16, 2028.0, 2016.0);


INSERT INTO StarRep (System_id,cluster_id,distance_clust_virt_centre,luminosity,no_planets_allowed,angle_in_radians_s,star_color,star_type,star_size)  VALUES ('U2028V2016', 'U2028V2016_0', 4.376470588235294E10, 0.0912, 'F', 168.0, 'red_.mains', 'm0', 1.255);


INSERT INTO ClusterRep (System_id,distance_sys_virt_centre,planetsAllowed,cluster_id,angle_in_radians,cluster_description,number_stars_in_cluster)  VALUES ('U2028V2016', 8.153424657534247E10, 'T', 'U2028V2016_0', 2.1816615649929116, 'Cluster Number: 0 SINGLESTAR', 1);


INSERT INTO SystemRep (System_id, distance_to_galaxy_centre, ucoordinate, vcoordinate) VALUES ('U2025V2000', 3.3880684989533492E16, 2025.0, 2000.0);


INSERT INTO StarRep (System_id,cluster_id,distance_clust_virt_centre,luminosity,no_planets_allowed,angle_in_radians_s,star_color,star_type,star_size)  VALUES ('U2025V2000', 'U2025V2000_0', 3.674074074074074E10, 0.945, 'F', 307.0, 'yelo.mains', 'g3', 43.8);


INSERT INTO ClusterRep (System_id,distance_sys_virt_centre,planetsAllowed,cluster_id,angle_in_radians,cluster_description,number_stars_in_cluster)  VALUES ('U2025V2000', 7.63076923076923E10, 'T', 'U2025V2000_0', 3.717551306747922, 'Cluster Number: 0 SINGLESTAR', 1);


INSERT INTO SystemRep (System_id, distance_to_galaxy_centre, ucoordinate, vcoordinate) VALUES ('U2021V2009', 3.3922268851637148E16, 2021.0, 2009.0);


INSERT INTO StarRep (System_id,cluster_id,distance_clust_virt_centre,luminosity,no_planets_allowed,angle_in_radians_s,star_color,star_type,star_size)  VALUES ('U2021V2009', 'U2021V2009_0', 7.258536585365854E10, 0.12217895601628549, 'F', 142.0, 'orng.mains', 'k8', 1.2120000000000002);


INSERT INTO ClusterRep (System_id,distance_sys_virt_centre,planetsAllowed,cluster_id,angle_in_radians,cluster_description,number_stars_in_cluster)  VALUES ('U2021V2009', 1.86E11, 'T', 'U2021V2009_0', 1.710422666954443, 'Cluster Number: 0 SINGLESTAR', 1);


INSERT INTO SystemRep (System_id, distance_to_galaxy_centre, ucoordinate, vcoordinate) VALUES ('U2028V2015', 3.403172058117168E16, 2028.0, 2015.0);


INSERT INTO StarRep (System_id,cluster_id,distance_clust_virt_centre,luminosity,no_planets_allowed,angle_in_radians_s,star_color,star_type,star_size)  VALUES ('U2028V2015', 'U2028V2015_0', 4.65E10, 0.09032080262802362, 'F', 88.0, 'red_.mains', 'm0', 1.255);


INSERT INTO ClusterRep (System_id,distance_sys_virt_centre,planetsAllowed,cluster_id,angle_in_radians,cluster_description,number_stars_in_cluster)  VALUES ('U2028V2015', 2.2892307692307693E11, 'T', 'U2028V2015_0', 3.8746309394274117, 'Cluster Number: 0 SINGLESTAR', 1);


INSERT INTO SystemRep (System_id, distance_to_galaxy_centre, ucoordinate, vcoordinate) VALUES ('U2021V2008', 3.3913877604751716E16, 2021.0, 2008.0);


INSERT INTO StarRep (System_id,cluster_id,distance_clust_virt_centre,luminosity,no_planets_allowed,angle_in_radians_s,star_color,star_type,star_size)  VALUES ('U2021V2008', 'U2021V2008_0', 4.021621621621622E10, 0.282, 'F', 8.0, 'orng.mains', 'k2', 1.0830000000000002);


INSERT INTO ClusterRep (System_id,distance_sys_virt_centre,planetsAllowed,cluster_id,angle_in_radians,cluster_description,number_stars_in_cluster)  VALUES ('U2021V2008', 8.043243243243243E10, 'T', 'U2021V2008_0', 1.9896753472735356, 'Cluster Number: 0 SINGLESTAR', 1);


INSERT INTO SystemRep (System_id, distance_to_galaxy_centre, ucoordinate, vcoordinate) VALUES ('U2028V2014', 3.402333133894563E16, 2028.0, 2014.0);


INSERT INTO SystemRep (System_id, distance_to_galaxy_centre, ucoordinate, vcoordinate) VALUES ('U2021V2007', 3.3905488460540428E16, 2021.0, 2007.0);


INSERT INTO StarRep (System_id,cluster_id,distance_clust_virt_centre,luminosity,no_planets_allowed,angle_in_radians_s,star_color,star_type,star_size)  VALUES ('U2021V2007', 'U2021V2007_0', 8.043243243243243E10, 0.12280326822377641, 'F', 62.0, 'orng.mains', 'k8', 1.2120000000000002);


INSERT INTO ClusterRep (System_id,distance_sys_virt_centre,planetsAllowed,cluster_id,angle_in_radians,cluster_description,number_stars_in_cluster)  VALUES ('U2021V2007', 7.002352941176471E10, 'T', 'U2021V2007_0', 3.4033920413889422, 'Cluster Number: 0 SINGLESTAR', 1);


INSERT INTO SystemRep (System_id, distance_to_galaxy_centre, ucoordinate, vcoordinate) VALUES ('U2028V2013', 3.4014944193616544E16, 2028.0, 2013.0);


INSERT INTO StarRep (System_id,cluster_id,distance_clust_virt_centre,luminosity,no_planets_allowed,angle_in_radians_s,star_color,star_type,star_size)  VALUES ('U2028V2013', 'U2028V2013_0', 3.068041237113402E10, 0.282, 'F', 315.0, 'orng.mains', 'k2', 1.0830000000000002);


INSERT INTO ClusterRep (System_id,distance_sys_virt_centre,planetsAllowed,cluster_id,angle_in_radians,cluster_description,number_stars_in_cluster)  VALUES ('U2028V2013', 8.752941176470589E10, 'T', 'U2028V2013_0', 4.153883619746504, 'Cluster Number: 0 SINGLESTAR', 1);


INSERT INTO SystemRep (System_id, distance_to_galaxy_centre, ucoordinate, vcoordinate) VALUES ('U2021V2006', 3.3897101420564444E16, 2021.0, 2006.0);


INSERT INTO StarRep (System_id,cluster_id,distance_clust_virt_centre,luminosity,no_planets_allowed,angle_in_radians_s,star_color,star_type,star_size)  VALUES ('U2021V2006', 'U2021V2006_0', 4.251428571428571E10, 0.3318874073923487, 'F', 289.0, 'orng.mains', 'k1', 1.0615);


INSERT INTO ClusterRep (System_id,distance_sys_virt_centre,planetsAllowed,cluster_id,angle_in_radians,cluster_description,number_stars_in_cluster)  VALUES ('U2021V2006', 2.2044444444444446E11, 'T', 'U2021V2006_0', 3.7000980142279785, 'Cluster Number: 0 SINGLESTAR', 1);


INSERT INTO SystemRep (System_id, distance_to_galaxy_centre, ucoordinate, vcoordinate) VALUES ('U2028V2012', 3.400655914673591E16, 2028.0, 2012.0);


INSERT INTO StarRep (System_id,cluster_id,distance_clust_virt_centre,luminosity,no_planets_allowed,angle_in_radians_s,star_color,star_type,star_size)  VALUES ('U2028V2012', 'U2028V2012_0', 3.036734693877551E10, 2.898618944243784E-5, 'F', 355.0, 'red_.dwarf', 'dm', 0.624);


INSERT INTO ClusterRep (System_id,distance_sys_virt_centre,planetsAllowed,cluster_id,angle_in_radians,cluster_description,number_stars_in_cluster)  VALUES ('U2028V2012', 1.417142857142857E11, 'T', 'U2028V2012_0', 3.3161255787892263, 'Cluster Number: 0 SINGLESTAR', 1);


INSERT INTO SystemRep (System_id, distance_to_galaxy_centre, ucoordinate, vcoordinate) VALUES ('U2021V2005', 3.3888716486386084E16, 2021.0, 2005.0);


INSERT INTO StarRep (System_id,cluster_id,distance_clust_virt_centre,luminosity,no_planets_allowed,angle_in_radians_s,star_color,star_type,star_size)  VALUES ('U2021V2005', 'U2021V2005_0', 4.1333333333333336E10, 3.528463349305318E-5, 'F', 329.0, 'orng.dwarf', 'dk', 0.598);


INSERT INTO ClusterRep (System_id,distance_sys_virt_centre,planetsAllowed,cluster_id,angle_in_radians,cluster_description,number_stars_in_cluster)  VALUES ('U2021V2005', 5.952E12, 'T', 'U2021V2005_0', 2.844886680750757, 'Cluster Number: 0 SINGLESTAR', 1);


INSERT INTO SystemRep (System_id, distance_to_galaxy_centre, ucoordinate, vcoordinate) VALUES ('U2028V2011', 3.399817619985637E16, 2028.0, 2011.0);


INSERT INTO StarRep (System_id,cluster_id,distance_clust_virt_centre,luminosity,no_planets_allowed,angle_in_radians_s,star_color,star_type,star_size)  VALUES ('U2028V2011', 'U2028V2011_0', 9.3E10, 0.0466, 'F', 222.0, 'red_.mains', 'm3', 0.09316666666666662);


INSERT INTO ClusterRep (System_id,distance_sys_virt_centre,planetsAllowed,cluster_id,angle_in_radians,cluster_description,number_stars_in_cluster)  VALUES ('U2028V2011', 7.085714285714285E10, 'T', 'U2028V2011_0', 3.5953782591083185, 'Cluster Number: 0 SINGLESTAR', 1);


INSERT INTO SystemRep (System_id, distance_to_galaxy_centre, ucoordinate, vcoordinate) VALUES ('U2021V2004', 3.388033365956882E16, 2021.0, 2004.0);


INSERT INTO StarRep (System_id,cluster_id,distance_clust_virt_centre,luminosity,no_planets_allowed,angle_in_radians_s,star_color,star_type,star_size)  VALUES ('U2021V2004', 'U2021V2004_0', 5.952E11, 0.0276, 'F', 195.0, 'red_.mains', 'm5', 0.10750000000000004);


INSERT INTO ClusterRep (System_id,distance_sys_virt_centre,planetsAllowed,cluster_id,angle_in_radians,cluster_description,number_stars_in_cluster)  VALUES ('U2021V2004', 1.3841860465116278E11, 'T', 'U2021V2004_0', 3.12413936106985, 'Cluster Number: 0 SINGLESTAR', 1);


INSERT INTO SystemRep (System_id, distance_to_galaxy_centre, ucoordinate, vcoordinate) VALUES ('U2028V2010', 3.398979535453169E16, 2028.0, 2010.0);


INSERT INTO StarRep (System_id,cluster_id,distance_clust_virt_centre,luminosity,no_planets_allowed,angle_in_radians_s,star_color,star_type,star_size)  VALUES ('U2028V2010', 'U2028V2010_0', 3.1326315789473682E10, 3.526384592611843E-5, 'F', 275.0, 'orng.dwarf', 'dk', 0.598);


INSERT INTO ClusterRep (System_id,distance_sys_virt_centre,planetsAllowed,cluster_id,angle_in_radians,cluster_description,number_stars_in_cluster)  VALUES ('U2028V2010', 6.331914893617021E10, 'T', 'U2028V2010_0', 5.009094953223726, 'Cluster Number: 0 SINGLESTAR', 1);


INSERT INTO SystemRep (System_id, distance_to_galaxy_centre, ucoordinate, vcoordinate) VALUES ('U2021V2003', 3.387195294167728E16, 2021.0, 2003.0);


INSERT INTO SystemRep (System_id, distance_to_galaxy_centre, ucoordinate, vcoordinate) VALUES ('U2021V2002', 3.3863574334277236E16, 2021.0, 2002.0);


INSERT INTO StarRep (System_id,cluster_id,distance_clust_virt_centre,luminosity,no_planets_allowed,angle_in_radians_s,star_color,star_type,star_size)  VALUES ('U2021V2002', 'U2021V2002_0', 2.976E12, 0.046371142952439895, 'F', 116.0, 'red_.mains', 'm3', 0.09316666666666662);


INSERT INTO ClusterRep (System_id,distance_sys_virt_centre,planetsAllowed,cluster_id,angle_in_radians,cluster_description,number_stars_in_cluster)  VALUES ('U2021V2002', 6.2652631578947365E10, 'T', 'U2021V2002_0', 4.817108735504349, 'Cluster Number: 0 SINGLESTAR', 1);


INSERT INTO SystemRep (System_id, distance_to_galaxy_centre, ucoordinate, vcoordinate) VALUES ('U2021V2001', 3.3855197838935636E16, 2021.0, 2001.0);


INSERT INTO StarRep (System_id,cluster_id,distance_clust_virt_centre,luminosity,no_planets_allowed,angle_in_radians_s,star_color,star_type,star_size)  VALUES ('U2021V2001', 'U2021V2001_0', 9.92E11, 2.32, 'F', 155.0, 'pyel.mains', 'f6', 39.6);


INSERT INTO ClusterRep (System_id,distance_sys_virt_centre,planetsAllowed,cluster_id,angle_in_radians,cluster_description,number_stars_in_cluster)  VALUES ('U2021V2001', 8.626086956521739E10, 'T', 'U2021V2001_0', 3.979350694547071, 'Cluster Number: 0 SINGLESTAR', 1);


INSERT INTO SystemRep (System_id, distance_to_galaxy_centre, ucoordinate, vcoordinate) VALUES ('U2021V2000', 3.384682345722056E16, 2021.0, 2000.0);


INSERT INTO StarRep (System_id,cluster_id,distance_clust_virt_centre,luminosity,no_planets_allowed,angle_in_radians_s,star_color,star_type,star_size)  VALUES ('U2021V2000', 'U2021V2000_0', 8.266666666666667E10, 648.9103115753159, 'F', 22.0, 'whit.gi.ii', 'a8', 22.5);


INSERT INTO ClusterRep (System_id,distance_sys_virt_centre,planetsAllowed,cluster_id,angle_in_radians,cluster_description,number_stars_in_cluster)  VALUES ('U2021V2000', 4.96E11, 'T', 'U2021V2000_0', 4.258603374866164, 'Cluster Number: 0 SINGLESTAR', 1);


INSERT INTO SystemRep (System_id, distance_to_galaxy_centre, ucoordinate, vcoordinate) VALUES ('U2038V2009', 3.406608884304742E16, 2038.0, 2009.0);


INSERT INTO StarRep (System_id,cluster_id,distance_clust_virt_centre,luminosity,no_planets_allowed,angle_in_radians_s,star_color,star_type,star_size)  VALUES ('U2038V2009', 'U2038V2009_0', 6.331914893617021E10, 0.21545688116256317, 'F', 233.0, 'orng.mains', 'k4', 1.126);


INSERT INTO StarRep (System_id,cluster_id,distance_clust_virt_centre,luminosity,no_planets_allowed,angle_in_radians_s,star_color,star_type,star_size)  VALUES ('U2038V2009', 'U2038V2009_0', 3.343820224719101E10, 0.0134, 'F', 295.0, 'red_.mains', 'm7', 0.12183333333333335);


INSERT INTO StarRep (System_id,cluster_id,distance_clust_virt_centre,luminosity,no_planets_allowed,angle_in_radians_s,star_color,star_type,star_size)  VALUES ('U2038V2009', 'U2038V2009_0', 6.073469387755102E10, 7414.965643181916, 'F', 53.0, 'yelo.sg.i ', 'g3', 27.500000000000004);


INSERT INTO StarRep (System_id,cluster_id,distance_clust_virt_centre,luminosity,no_planets_allowed,angle_in_radians_s,star_color,star_type,star_size)  VALUES ('U2038V2009', 'U2038V2009_2', 2.976E11, 0.1614587191174291, 'F', 98.0, 'orng.mains', 'k6', 1.169);


INSERT INTO ClusterRep (System_id,distance_sys_virt_centre,planetsAllowed,cluster_id,angle_in_radians,cluster_description,number_stars_in_cluster)  VALUES ('U2038V2009', 7.171084337349397E10, 'F', 'U2038V2009_2', 5.759586531581287, 'Cluster Number: 2 THREESTAR_TRINARY', 1);


INSERT INTO SystemRep (System_id, distance_to_galaxy_centre, ucoordinate, vcoordinate) VALUES ('U2038V2008', 3.4057733030983256E16, 2038.0, 2008.0);


INSERT INTO StarRep (System_id,cluster_id,distance_clust_virt_centre,luminosity,no_planets_allowed,angle_in_radians_s,star_color,star_type,star_size)  VALUES ('U2038V2008', 'U2038V2008_0', 2.7054545454545456E11, 0.2153151214500889, 'F', 287.0, 'orng.mains', 'k4', 1.126);


INSERT INTO StarRep (System_id,cluster_id,distance_clust_virt_centre,luminosity,no_planets_allowed,angle_in_radians_s,star_color,star_type,star_size)  VALUES ('U2038V2008', 'U2038V2008_0', 1.0262068965517241E11, 2.9496357594788602E-5, 'F', 303.0, 'red_.dwarf', 'dm', 0.6153333333333334);


INSERT INTO StarRep (System_id,cluster_id,distance_clust_virt_centre,luminosity,no_planets_allowed,angle_in_radians_s,star_color,star_type,star_size)  VALUES ('U2038V2008', 'U2038V2008_0', 6.469565217391304E10, 3.75E-5, 'F', 108.0, 'orng.dwarf', 'dk', 0.5633333333333334);


INSERT INTO StarRep (System_id,cluster_id,distance_clust_virt_centre,luminosity,no_planets_allowed,angle_in_radians_s,star_color,star_type,star_size)  VALUES ('U2038V2008', 'U2038V2008_2', 6.331914893617021E10, 2.6E-5, 'F', 116.0, 'red_.dwarf', 'dm', 0.676);


INSERT INTO ClusterRep (System_id,distance_sys_virt_centre,planetsAllowed,cluster_id,angle_in_radians,cluster_description,number_stars_in_cluster)  VALUES ('U2038V2008', 1.86E11, 'F', 'U2038V2008_2', 0.8726646259971648, 'Cluster Number: 2 THREESTAR_TRINARY', 1);


INSERT INTO SystemRep (System_id, distance_to_galaxy_centre, ucoordinate, vcoordinate) VALUES ('U2038V2007', 3.4049379330135932E16, 2038.0, 2007.0);


INSERT INTO StarRep (System_id,cluster_id,distance_clust_virt_centre,luminosity,no_planets_allowed,angle_in_radians_s,star_color,star_type,star_size)  VALUES ('U2038V2007', 'U2038V2007_0', 6.920930232558139E10, 0.216, 'F', 154.0, 'orng.mains', 'k4', 1.126);


INSERT INTO StarRep (System_id,cluster_id,distance_clust_virt_centre,luminosity,no_planets_allowed,angle_in_radians_s,star_color,star_type,star_size)  VALUES ('U2038V2007', 'U2038V2007_0', 1.7505882352941177E11, 0.40782521143050326, 'F', 304.0, 'yelo.mains', 'g9', 47.4);


INSERT INTO StarRep (System_id,cluster_id,distance_clust_virt_centre,luminosity,no_planets_allowed,angle_in_radians_s,star_color,star_type,star_size)  VALUES ('U2038V2007', 'U2038V2007_0', 4.509090909090909E10, 0.0276, 'F', 263.0, 'red_.mains', 'm5', 0.10750000000000004);


INSERT INTO StarRep (System_id,cluster_id,distance_clust_virt_centre,luminosity,no_planets_allowed,angle_in_radians_s,star_color,star_type,star_size)  VALUES ('U2038V2007', 'U2038V2007_2', 5.5111111111111115E10, 0.9995352357285867, 'F', 192.0, 'yelo.mains', 'g2', 43.199999999999996);


INSERT INTO ClusterRep (System_id,distance_sys_virt_centre,planetsAllowed,cluster_id,angle_in_radians,cluster_description,number_stars_in_cluster)  VALUES ('U2038V2007', 2.976E12, 'F', 'U2038V2007_2', 1.1693705988362006, 'Cluster Number: 2 THREESTAR_TRINARY', 1);


INSERT INTO SystemRep (System_id, distance_to_galaxy_centre, ucoordinate, vcoordinate) VALUES ('U2038V2006', 3.404102774205973E16, 2038.0, 2006.0);


INSERT INTO StarRep (System_id,cluster_id,distance_clust_virt_centre,luminosity,no_planets_allowed,angle_in_radians_s,star_color,star_type,star_size)  VALUES ('U2038V2006', 'U2038V2006_0', 6.6133333333333336E10, 2.79751847708606E-5, 'F', 194.0, 'red_.dwarf', 'dm', 0.6413333333333334);


INSERT INTO StarRep (System_id,cluster_id,distance_clust_virt_centre,luminosity,no_planets_allowed,angle_in_radians_s,star_color,star_type,star_size)  VALUES ('U2038V2006', 'U2038V2006_0', 5.615094339622642E10, 2820.0, 'F', 300.0, 'ltbl.gi.i ', 'b7', 55.833333333333336);


INSERT INTO StarRep (System_id,cluster_id,distance_clust_virt_centre,luminosity,no_planets_allowed,angle_in_radians_s,star_color,star_type,star_size)  VALUES ('U2038V2006', 'U2038V2006_0', 3.72E11, 0.4067670605798156, 'F', 158.0, 'yelo.mains', 'g9', 47.4);


INSERT INTO StarRep (System_id,cluster_id,distance_clust_virt_centre,luminosity,no_planets_allowed,angle_in_radians_s,star_color,star_type,star_size)  VALUES ('U2038V2006', 'U2038V2006_2', 9.3E10, 0.33058934084488534, 'F', 325.0, 'orng.mains', 'k1', 1.0615);


INSERT INTO ClusterRep (System_id,distance_sys_virt_centre,planetsAllowed,cluster_id,angle_in_radians,cluster_description,number_stars_in_cluster)  VALUES ('U2038V2006', 6.469565217391304E10, 'F', 'U2038V2006_2', 0.3141592653589793, 'Cluster Number: 2 THREESTAR_TRINARY', 1);


INSERT INTO SystemRep (System_id, distance_to_galaxy_centre, ucoordinate, vcoordinate) VALUES ('U2038V2005', 3.403267826831006E16, 2038.0, 2005.0);


INSERT INTO StarRep (System_id,cluster_id,distance_clust_virt_centre,luminosity,no_planets_allowed,angle_in_radians_s,star_color,star_type,star_size)  VALUES ('U2038V2005', 'U2038V2005_0', 3.815384615384615E10, 0.0134, 'F', 60.0, 'red_.mains', 'm7', 0.12183333333333335);


INSERT INTO StarRep (System_id,cluster_id,distance_clust_virt_centre,luminosity,no_planets_allowed,angle_in_radians_s,star_color,star_type,star_size)  VALUES ('U2038V2005', 'U2038V2005_0', 7.258536585365854E10, 0.16183971853263918, 'F', 301.0, 'orng.mains', 'k6', 1.169);


INSERT INTO StarRep (System_id,cluster_id,distance_clust_virt_centre,luminosity,no_planets_allowed,angle_in_radians_s,star_color,star_type,star_size)  VALUES ('U2038V2005', 'U2038V2005_0', 1.1022222222222223E11, 13.5, 'F', 313.0, 'whit.mains', 'a7', 34.199999999999996);


INSERT INTO StarRep (System_id,cluster_id,distance_clust_virt_centre,luminosity,no_planets_allowed,angle_in_radians_s,star_color,star_type,star_size)  VALUES ('U2038V2005', 'U2038V2005_2', 7.63076923076923E10, 0.0466, 'F', 41.0, 'red_.mains', 'm3', 0.09316666666666662);


INSERT INTO ClusterRep (System_id,distance_sys_virt_centre,planetsAllowed,cluster_id,angle_in_radians,cluster_description,number_stars_in_cluster)  VALUES ('U2038V2005', 9.6E10, 'F', 'U2038V2005_2', 0.5934119456780721, 'Cluster Number: 2 THREESTAR_TRINARY', 1);


INSERT INTO SystemRep (System_id, distance_to_galaxy_centre, ucoordinate, vcoordinate) VALUES ('U2038V2004', 3.4024330910443484E16, 2038.0, 2004.0);


INSERT INTO StarRep (System_id,cluster_id,distance_clust_virt_centre,luminosity,no_planets_allowed,angle_in_radians_s,star_color,star_type,star_size)  VALUES ('U2038V2004', 'U2038V2004_0', 4.021621621621622E10, 0.0134, 'F', 341.0, 'red_.mains', 'm7', 0.12183333333333335);


INSERT INTO StarRep (System_id,cluster_id,distance_clust_virt_centre,luminosity,no_planets_allowed,angle_in_radians_s,star_color,star_type,star_size)  VALUES ('U2038V2004', 'U2038V2004_0', 4.441791044776119E10, 116866.80258433343, 'F', 310.0, 'ltbl.sg.i ', 'b4', 20.0);


INSERT INTO StarRep (System_id,cluster_id,distance_clust_virt_centre,luminosity,no_planets_allowed,angle_in_radians_s,star_color,star_type,star_size)  VALUES ('U2038V2004', 'U2038V2004_0', 6.920930232558139E10, 1.4, 'F', 164.0, 'whit.subdw', 'a8', 2.8800000000000003);


INSERT INTO StarRep (System_id,cluster_id,distance_clust_virt_centre,luminosity,no_planets_allowed,angle_in_radians_s,star_color,star_type,star_size)  VALUES ('U2038V2004', 'U2038V2004_2', 3.585542168674699E10, 0.21578580785276288, 'F', 134.0, 'orng.mains', 'k4', 1.126);


INSERT INTO ClusterRep (System_id,distance_sys_virt_centre,planetsAllowed,cluster_id,angle_in_radians,cluster_description,number_stars_in_cluster)  VALUES ('U2038V2004', 7.44E10, 'F', 'U2038V2004_2', 2.286381320112572, 'Cluster Number: 2 THREESTAR_TRINARY', 1);


INSERT INTO SystemRep (System_id, distance_to_galaxy_centre, ucoordinate, vcoordinate) VALUES ('U2038V2003', 3.401598567001768E16, 2038.0, 2003.0);


INSERT INTO StarRep (System_id,cluster_id,distance_clust_virt_centre,luminosity,no_planets_allowed,angle_in_radians_s,star_color,star_type,star_size)  VALUES ('U2038V2003', 'U2038V2003_0', 3.91578947368421E10, 0.9976254052309924, 'F', 20.0, 'yelo.mains', 'g2', 43.199999999999996);


INSERT INTO StarRep (System_id,cluster_id,distance_clust_virt_centre,luminosity,no_planets_allowed,angle_in_radians_s,star_color,star_type,star_size)  VALUES ('U2038V2003', 'U2038V2003_0', 5.952E11, 0.04659279478928715, 'F', 306.0, 'red_.mains', 'm3', 0.09316666666666662);


INSERT INTO StarRep (System_id,cluster_id,distance_clust_virt_centre,luminosity,no_planets_allowed,angle_in_radians_s,star_color,star_type,star_size)  VALUES ('U2038V2003', 'U2038V2003_0', 3.5011764705882355E10, 0.1615387566742713, 'F', 58.0, 'orng.mains', 'k6', 1.169);


INSERT INTO StarRep (System_id,cluster_id,distance_clust_virt_centre,luminosity,no_planets_allowed,angle_in_radians_s,star_color,star_type,star_size)  VALUES ('U2038V2003', 'U2038V2003_2', 4.878688524590164E10, 0.0903899029371481, 'F', 267.0, 'red_.mains', 'm0', 1.255);


INSERT INTO ClusterRep (System_id,distance_sys_virt_centre,planetsAllowed,cluster_id,angle_in_radians,cluster_description,number_stars_in_cluster)  VALUES ('U2038V2003', 8.383098591549295E10, 'F', 'U2038V2003_2', 1.4486232791552935, 'Cluster Number: 2 THREESTAR_TRINARY', 1);


INSERT INTO SystemRep (System_id, distance_to_galaxy_centre, ucoordinate, vcoordinate) VALUES ('U2038V2002', 3.4007642548591456E16, 2038.0, 2002.0);


INSERT INTO StarRep (System_id,cluster_id,distance_clust_virt_centre,luminosity,no_planets_allowed,angle_in_radians_s,star_color,star_type,star_size)  VALUES ('U2038V2002', 'U2038V2002_0', 3.306666666666667E11, 4.302, 'F', 247.0, 'red_.subgi', 'm6', 4.333333333333334);


INSERT INTO StarRep (System_id,cluster_id,distance_clust_virt_centre,luminosity,no_planets_allowed,angle_in_radians_s,star_color,star_type,star_size)  VALUES ('U2038V2002', 'U2038V2002_0', 3.234782608695652E10, 7.55442160906553, 'F', 307.0, 'pyel.mains', 'f1', 36.599999999999994);


INSERT INTO StarRep (System_id,cluster_id,distance_clust_virt_centre,luminosity,no_planets_allowed,angle_in_radians_s,star_color,star_type,star_size)  VALUES ('U2038V2002', 'U2038V2002_0', 5.952E11, 0.9996376996106445, 'F', 213.0, 'yelo.mains', 'g2', 43.199999999999996);


INSERT INTO StarRep (System_id,cluster_id,distance_clust_virt_centre,luminosity,no_planets_allowed,angle_in_radians_s,star_color,star_type,star_size)  VALUES ('U2038V2002', 'U2038V2002_2', 4.376470588235294E10, 4.0E-5, 'F', 343.0, 'orng.dwarf', 'dk', 0.52);


INSERT INTO ClusterRep (System_id,distance_sys_virt_centre,planetsAllowed,cluster_id,angle_in_radians,cluster_description,number_stars_in_cluster)  VALUES ('U2038V2002', 1.4517073170731708E11, 'F', 'U2038V2002_2', 1.7278759594743864, 'Cluster Number: 2 THREESTAR_TRINARY', 1);


INSERT INTO SystemRep (System_id, distance_to_galaxy_centre, ucoordinate, vcoordinate) VALUES ('U2038V2001', 3.3999301547724772E16, 2038.0, 2001.0);


INSERT INTO SystemRep (System_id, distance_to_galaxy_centre, ucoordinate, vcoordinate) VALUES ('U2038V2000', 3.3990962668978704E16, 2038.0, 2000.0);


INSERT INTO StarRep (System_id,cluster_id,distance_clust_virt_centre,luminosity,no_planets_allowed,angle_in_radians_s,star_color,star_type,star_size)  VALUES ('U2038V2000', 'U2038V2000_0', 1.566315789473684E11, 0.2948, 'F', 356.0, 'orng.subdw', 'k6', 4.56);


INSERT INTO StarRep (System_id,cluster_id,distance_clust_virt_centre,luminosity,no_planets_allowed,angle_in_radians_s,star_color,star_type,star_size)  VALUES ('U2038V2000', 'U2038V2000_0', 7.44E10, 0.0134, 'F', 3.0, 'red_.mains', 'm7', 0.12183333333333335);


INSERT INTO StarRep (System_id,cluster_id,distance_clust_virt_centre,luminosity,no_planets_allowed,angle_in_radians_s,star_color,star_type,star_size)  VALUES ('U2038V2000', 'U2038V2000_0', 1.2939130434782608E11, 3.18, 'F', 191.0, 'pyel.mains', 'f4', 38.4);


INSERT INTO StarRep (System_id,cluster_id,distance_clust_virt_centre,luminosity,no_planets_allowed,angle_in_radians_s,star_color,star_type,star_size)  VALUES ('U2038V2000', 'U2038V2000_2', 7.44E10, 0.0096, 'F', 261.0, 'red_.mains', 'm9', 0.13616666666666666);


INSERT INTO ClusterRep (System_id,distance_sys_virt_centre,planetsAllowed,cluster_id,angle_in_radians,cluster_description,number_stars_in_cluster)  VALUES ('U2038V2000', 2.976E11, 'F', 'U2038V2000_2', 5.899212871740834, 'Cluster Number: 2 THREESTAR_TRINARY', 1);


INSERT INTO SystemRep (System_id, distance_to_galaxy_centre, ucoordinate, vcoordinate) VALUES ('U2034V2009', 3.403219526425223E16, 2034.0, 2009.0);


INSERT INTO SystemRep (System_id, distance_to_galaxy_centre, ucoordinate, vcoordinate) VALUES ('U2034V2008', 3.4023831128365308E16, 2034.0, 2008.0);


INSERT INTO StarRep (System_id,cluster_id,distance_clust_virt_centre,luminosity,no_planets_allowed,angle_in_radians_s,star_color,star_type,star_size)  VALUES ('U2034V2008', 'U2034V2008_0', 8.043243243243243E10, 3.5228361924117705E-5, 'F', 345.0, 'orng.dwarf', 'dk', 0.598);


INSERT INTO StarRep (System_id,cluster_id,distance_clust_virt_centre,luminosity,no_planets_allowed,angle_in_radians_s,star_color,star_type,star_size)  VALUES ('U2034V2008', 'U2034V2008_0', 5.952E10, 10.986022838703535, 'F', 79.0, 'pyel.subgi', 'f6', 50.66666666666667);


INSERT INTO StarRep (System_id,cluster_id,distance_clust_virt_centre,luminosity,no_planets_allowed,angle_in_radians_s,star_color,star_type,star_size)  VALUES ('U2034V2008', 'U2034V2008_0', 5.314285714285714E10, 0.216, 'F', 42.0, 'orng.mains', 'k4', 1.126);


INSERT INTO StarRep (System_id,cluster_id,distance_clust_virt_centre,luminosity,no_planets_allowed,angle_in_radians_s,star_color,star_type,star_size)  VALUES ('U2034V2008', 'U2034V2008_2', 5.5111111111111115E10, 2.8975335709012767E-5, 'F', 11.0, 'red_.dwarf', 'dm', 0.624);


INSERT INTO ClusterRep (System_id,distance_sys_virt_centre,planetsAllowed,cluster_id,angle_in_radians,cluster_description,number_stars_in_cluster)  VALUES ('U2034V2008', 1.2146938775510204E11, 'F', 'U2034V2008_2', 2.7576202181510405, 'Cluster Number: 2 THREESTAR_TRINARY', 1);


INSERT INTO SystemRep (System_id, distance_to_galaxy_centre, ucoordinate, vcoordinate) VALUES ('U2034V2007', 3.4015469101708416E16, 2034.0, 2007.0);


INSERT INTO StarRep (System_id,cluster_id,distance_clust_virt_centre,luminosity,no_planets_allowed,angle_in_radians_s,star_color,star_type,star_size)  VALUES ('U2034V2007', 'U2034V2007_0', 2.976E12, 749.8128821278679, 'F', 39.0, 'whit.gi.ii', 'a6', 18.9);


INSERT INTO StarRep (System_id,cluster_id,distance_clust_virt_centre,luminosity,no_planets_allowed,angle_in_radians_s,star_color,star_type,star_size)  VALUES ('U2034V2007', 'U2034V2007_0', 3.381818181818182E10, 2.32, 'F', 87.0, 'pyel.mains', 'f6', 39.6);


INSERT INTO StarRep (System_id,cluster_id,distance_clust_virt_centre,luminosity,no_planets_allowed,angle_in_radians_s,star_color,star_type,star_size)  VALUES ('U2034V2007', 'U2034V2007_0', 5.615094339622642E10, 0.282, 'F', 97.0, 'orng.mains', 'k2', 1.0830000000000002);


INSERT INTO StarRep (System_id,cluster_id,distance_clust_virt_centre,luminosity,no_planets_allowed,angle_in_radians_s,star_color,star_type,star_size)  VALUES ('U2034V2007', 'U2034V2007_2', 3.3066666666666668E10, 0.3312337355093402, 'F', 29.0, 'orng.mains', 'k1', 1.0615);


INSERT INTO ClusterRep (System_id,distance_sys_virt_centre,planetsAllowed,cluster_id,angle_in_radians,cluster_description,number_stars_in_cluster)  VALUES ('U2034V2007', 6.136082474226804E10, 'F', 'U2034V2007_2', 4.171336912266447, 'Cluster Number: 2 THREESTAR_TRINARY', 1);


INSERT INTO SystemRep (System_id, distance_to_galaxy_centre, ucoordinate, vcoordinate) VALUES ('U2034V2006', 3.400710918583748E16, 2034.0, 2006.0);


INSERT INTO SystemRep (System_id, distance_to_galaxy_centre, ucoordinate, vcoordinate) VALUES ('U2022V2019', 3.4014719230526068E16, 2022.0, 2019.0);


INSERT INTO StarRep (System_id,cluster_id,distance_clust_virt_centre,luminosity,no_planets_allowed,angle_in_radians_s,star_color,star_type,star_size)  VALUES ('U2022V2019', 'U2022V2019_0', 1.984E11, 0.0912, 'F', 165.0, 'red_.mains', 'm0', 1.255);


INSERT INTO ClusterRep (System_id,distance_sys_virt_centre,planetsAllowed,cluster_id,angle_in_radians,cluster_description,number_stars_in_cluster)  VALUES ('U2022V2019', 6.469565217391304E10, 'T', 'U2022V2019_0', 2.199114857512855, 'Cluster Number: 0 SINGLESTAR', 1);


INSERT INTO SystemRep (System_id, distance_to_galaxy_centre, ucoordinate, vcoordinate) VALUES ('U2034V2005', 3.3998751382309556E16, 2034.0, 2005.0);


INSERT INTO StarRep (System_id,cluster_id,distance_clust_virt_centre,luminosity,no_planets_allowed,angle_in_radians_s,star_color,star_type,star_size)  VALUES ('U2034V2005', 'U2034V2005_0', 8.502857142857143E10, 0.333, 'F', 305.0, 'orng.mains', 'k1', 1.0615);


INSERT INTO StarRep (System_id,cluster_id,distance_clust_virt_centre,luminosity,no_planets_allowed,angle_in_radians_s,star_color,star_type,star_size)  VALUES ('U2034V2005', 'U2034V2005_0', 2.2892307692307693E11, 0.3328074595942813, 'F', 84.0, 'orng.mains', 'k1', 1.0615);


INSERT INTO StarRep (System_id,cluster_id,distance_clust_virt_centre,luminosity,no_planets_allowed,angle_in_radians_s,star_color,star_type,star_size)  VALUES ('U2034V2005', 'U2034V2005_0', 1.984E11, 0.12393233795544797, 'F', 147.0, 'red_.subdw', 'm3', 0.6174);


INSERT INTO StarRep (System_id,cluster_id,distance_clust_virt_centre,luminosity,no_planets_allowed,angle_in_radians_s,star_color,star_type,star_size)  VALUES ('U2034V2005', 'U2034V2005_2', 3.91578947368421E10, 0.013375824665767188, 'F', 238.0, 'red_.mains', 'm7', 0.12183333333333335);


INSERT INTO ClusterRep (System_id,distance_sys_virt_centre,planetsAllowed,cluster_id,angle_in_radians,cluster_description,number_stars_in_cluster)  VALUES ('U2034V2005', 1.0262068965517241E11, 'F', 'U2034V2005_2', 3.6128315516282616, 'Cluster Number: 2 THREESTAR_TRINARY', 1);


INSERT INTO SystemRep (System_id, distance_to_galaxy_centre, ucoordinate, vcoordinate) VALUES ('U2022V2018', 3.4006309126021424E16, 2022.0, 2018.0);


INSERT INTO StarRep (System_id,cluster_id,distance_clust_virt_centre,luminosity,no_planets_allowed,angle_in_radians_s,star_color,star_type,star_size)  VALUES ('U2022V2018', 'U2022V2018_0', 1.7505882352941177E11, 125924.88039894088, 'F', 204.0, 'blue.subgi', 'o8', 31.333333333333332);


INSERT INTO ClusterRep (System_id,distance_sys_virt_centre,planetsAllowed,cluster_id,angle_in_radians,cluster_description,number_stars_in_cluster)  VALUES ('U2022V2018', 9.018181818181818E10, 'T', 'U2022V2018_0', 1.3439035240356338, 'Cluster Number: 0 SINGLESTAR', 1);


INSERT INTO SystemRep (System_id, distance_to_galaxy_centre, ucoordinate, vcoordinate) VALUES ('U2034V2004', 3.399039569268284E16, 2034.0, 2004.0);


INSERT INTO StarRep (System_id,cluster_id,distance_clust_virt_centre,luminosity,no_planets_allowed,angle_in_radians_s,star_color,star_type,star_size)  VALUES ('U2034V2004', 'U2034V2004_0', 4.441791044776119E10, 2.299392287379317, 'F', 172.0, 'pyel.mains', 'f6', 39.6);


INSERT INTO StarRep (System_id,cluster_id,distance_clust_virt_centre,luminosity,no_planets_allowed,angle_in_radians_s,star_color,star_type,star_size)  VALUES ('U2034V2004', 'U2034V2004_0', 2.976E12, 0.0134, 'F', 85.0, 'red_.mains', 'm7', 0.12183333333333335);


INSERT INTO StarRep (System_id,cluster_id,distance_clust_virt_centre,luminosity,no_planets_allowed,angle_in_radians_s,star_color,star_type,star_size)  VALUES ('U2034V2004', 'U2034V2004_0', 8.752941176470589E10, 0.21495667426518125, 'F', 302.0, 'orng.mains', 'k4', 1.126);


INSERT INTO StarRep (System_id,cluster_id,distance_clust_virt_centre,luminosity,no_planets_allowed,angle_in_radians_s,star_color,star_type,star_size)  VALUES ('U2034V2004', 'U2034V2004_2', 3.585542168674699E10, 126000.0, 'F', 313.0, 'blue.subgi', 'o8', 27.333333333333336);


INSERT INTO ClusterRep (System_id,distance_sys_virt_centre,planetsAllowed,cluster_id,angle_in_radians,cluster_description,number_stars_in_cluster)  VALUES ('U2034V2004', 2.1257142857142856E11, 'F', 'U2034V2004_2', 3.8920842319473548, 'Cluster Number: 2 THREESTAR_TRINARY', 1);


INSERT INTO SystemRep (System_id, distance_to_galaxy_centre, ucoordinate, vcoordinate) VALUES ('U2022V2017', 3.3997901109156252E16, 2022.0, 2017.0);


INSERT INTO StarRep (System_id,cluster_id,distance_clust_virt_centre,luminosity,no_planets_allowed,angle_in_radians_s,star_color,star_type,star_size)  VALUES ('U2022V2017', 'U2022V2017_0', 5.952E10, 3.75E-5, 'F', 71.0, 'orng.dwarf', 'dk', 0.5633333333333334);


INSERT INTO ClusterRep (System_id,distance_sys_virt_centre,planetsAllowed,cluster_id,angle_in_radians,cluster_description,number_stars_in_cluster)  VALUES ('U2022V2017', 7.44E11, 'T', 'U2022V2017_0', 1.6231562043547263, 'Cluster Number: 0 SINGLESTAR', 1);


INSERT INTO SystemRep (System_id, distance_to_galaxy_centre, ucoordinate, vcoordinate) VALUES ('U2034V2003', 3.3982042118516656E16, 2034.0, 2003.0);


INSERT INTO StarRep (System_id,cluster_id,distance_clust_virt_centre,luminosity,no_planets_allowed,angle_in_radians_s,star_color,star_type,star_size)  VALUES ('U2034V2003', 'U2034V2003_0', 9.6E10, 0.4058686774131992, 'F', 226.0, 'yelo.mains', 'g9', 47.4);


INSERT INTO StarRep (System_id,cluster_id,distance_clust_virt_centre,luminosity,no_planets_allowed,angle_in_radians_s,star_color,star_type,star_size)  VALUES ('U2034V2003', 'U2034V2003_0', 7.44E10, 2.95E-5, 'F', 93.0, 'red_.dwarf', 'dm', 0.6153333333333334);


INSERT INTO StarRep (System_id,cluster_id,distance_clust_virt_centre,luminosity,no_planets_allowed,angle_in_radians_s,star_color,star_type,star_size)  VALUES ('U2034V2003', 'U2034V2003_0', 9.6E10, 0.12278773397889979, 'F', 357.0, 'orng.mains', 'k8', 1.2120000000000002);


INSERT INTO StarRep (System_id,cluster_id,distance_clust_virt_centre,luminosity,no_planets_allowed,angle_in_radians_s,star_color,star_type,star_size)  VALUES ('U2034V2003', 'U2034V2003_2', 1.488E11, 0.09061480931023236, 'F', 331.0, 'red_.mains', 'm0', 1.255);


INSERT INTO ClusterRep (System_id,distance_sys_virt_centre,planetsAllowed,cluster_id,angle_in_radians,cluster_description,number_stars_in_cluster)  VALUES ('U2034V2003', 7.83157894736842E10, 'F', 'U2034V2003_2', 5.305800926062761, 'Cluster Number: 2 THREESTAR_TRINARY', 1);


INSERT INTO SystemRep (System_id, distance_to_galaxy_centre, ucoordinate, vcoordinate) VALUES ('U2022V2016', 3.3989495181479824E16, 2022.0, 2016.0);


INSERT INTO SystemRep (System_id, distance_to_galaxy_centre, ucoordinate, vcoordinate) VALUES ('U2034V2002', 3.3973690661371484E16, 2034.0, 2002.0);


INSERT INTO StarRep (System_id,cluster_id,distance_clust_virt_centre,luminosity,no_planets_allowed,angle_in_radians_s,star_color,star_type,star_size)  VALUES ('U2034V2002', 'U2034V2002_0', 4.65E10, 3.18, 'F', 92.0, 'pyel.mains', 'f4', 38.4);


INSERT INTO StarRep (System_id,cluster_id,distance_clust_virt_centre,luminosity,no_planets_allowed,angle_in_radians_s,star_color,star_type,star_size)  VALUES ('U2034V2002', 'U2034V2002_0', 1.0628571428571428E11, 2.32, 'F', 94.0, 'pyel.mains', 'f6', 39.6);


INSERT INTO StarRep (System_id,cluster_id,distance_clust_virt_centre,luminosity,no_planets_allowed,angle_in_radians_s,star_color,star_type,star_size)  VALUES ('U2034V2002', 'U2034V2002_0', 5.835294117647059E10, 2.3019374645292494, 'F', 152.0, 'pyel.mains', 'f6', 39.6);


INSERT INTO StarRep (System_id,cluster_id,distance_clust_virt_centre,luminosity,no_planets_allowed,angle_in_radians_s,star_color,star_type,star_size)  VALUES ('U2034V2002', 'U2034V2002_2', 1.0628571428571428E11, 4.0E-5, 'F', 47.0, 'orng.dwarf', 'dk', 0.52);


INSERT INTO ClusterRep (System_id,distance_sys_virt_centre,planetsAllowed,cluster_id,angle_in_radians,cluster_description,number_stars_in_cluster)  VALUES ('U2034V2002', 1.2939130434782608E11, 'F', 'U2034V2002_2', 5.585053606381854, 'Cluster Number: 2 THREESTAR_TRINARY', 1);


INSERT INTO SystemRep (System_id, distance_to_galaxy_centre, ucoordinate, vcoordinate) VALUES ('U2022V2015', 3.3981091344542544E16, 2022.0, 2015.0);


INSERT INTO StarRep (System_id,cluster_id,distance_clust_virt_centre,luminosity,no_planets_allowed,angle_in_radians_s,star_color,star_type,star_size)  VALUES ('U2022V2015', 'U2022V2015_0', 2.2892307692307693E11, 320.0, 'F', 125.0, 'orng.gi.i ', 'k5', 7.666666666666666);


INSERT INTO ClusterRep (System_id,distance_sys_virt_centre,planetsAllowed,cluster_id,angle_in_radians,cluster_description,number_stars_in_cluster)  VALUES ('U2022V2015', 3.132631578947368E11, 'T', 'U2022V2015_0', 3.036872898470133, 'Cluster Number: 0 SINGLESTAR', 1);


INSERT INTO SystemRep (System_id, distance_to_galaxy_centre, ucoordinate, vcoordinate) VALUES ('U2034V2001', 3.396534132280893E16, 2034.0, 2001.0);


INSERT INTO StarRep (System_id,cluster_id,distance_clust_virt_centre,luminosity,no_planets_allowed,angle_in_radians_s,star_color,star_type,star_size)  VALUES ('U2034V2001', 'U2034V2001_0', 4.509090909090909E10, 0.04621869815659653, 'F', 132.0, 'red_.mains', 'm3', 0.09316666666666662);


INSERT INTO StarRep (System_id,cluster_id,distance_clust_virt_centre,luminosity,no_planets_allowed,angle_in_radians_s,star_color,star_type,star_size)  VALUES ('U2034V2001', 'U2034V2001_0', 4.65E10, 142000.0, 'F', 90.0, 'blue.gi.i ', 'o8', 48.333333333333336);


INSERT INTO StarRep (System_id,cluster_id,distance_clust_virt_centre,luminosity,no_planets_allowed,angle_in_radians_s,star_color,star_type,star_size)  VALUES ('U2034V2001', 'U2034V2001_0', 3.234782608695652E10, 2.8E-5, 'F', 47.0, 'red_.dwarf', 'dm', 0.6413333333333334);


INSERT INTO StarRep (System_id,cluster_id,distance_clust_virt_centre,luminosity,no_planets_allowed,angle_in_radians_s,star_color,star_type,star_size)  VALUES ('U2034V2001', 'U2034V2001_2', 4.96E11, 2.6E-5, 'F', 180.0, 'red_.dwarf', 'dm', 0.676);


INSERT INTO ClusterRep (System_id,distance_sys_virt_centre,planetsAllowed,cluster_id,angle_in_radians,cluster_description,number_stars_in_cluster)  VALUES ('U2034V2001', 1.6086486486486487E11, 'F', 'U2034V2001_2', 4.747295565424577, 'Cluster Number: 2 THREESTAR_TRINARY', 1);


INSERT INTO SystemRep (System_id, distance_to_galaxy_centre, ucoordinate, vcoordinate) VALUES ('U2022V2014', 3.3972689599895972E16, 2022.0, 2014.0);


INSERT INTO StarRep (System_id,cluster_id,distance_clust_virt_centre,luminosity,no_planets_allowed,angle_in_radians_s,star_color,star_type,star_size)  VALUES ('U2022V2014', 'U2022V2014_0', 6.469565217391304E10, 2.8984216163767186E-5, 'F', 351.0, 'red_.dwarf', 'dm', 0.624);


INSERT INTO ClusterRep (System_id,distance_sys_virt_centre,planetsAllowed,cluster_id,angle_in_radians,cluster_description,number_stars_in_cluster)  VALUES ('U2022V2014', 9.757377049180328E10, 'T', 'U2022V2014_0', 3.3335788713091694, 'Cluster Number: 0 SINGLESTAR', 1);


INSERT INTO SystemRep (System_id, distance_to_galaxy_centre, ucoordinate, vcoordinate) VALUES ('U2034V2000', 3.3956994104391748E16, 2034.0, 2000.0);


INSERT INTO StarRep (System_id,cluster_id,distance_clust_virt_centre,luminosity,no_planets_allowed,angle_in_radians_s,star_color,star_type,star_size)  VALUES ('U2034V2000', 'U2034V2000_0', 3.036734693877551E10, 0.123, 'F', 359.0, 'orng.mains', 'k8', 1.2120000000000002);


INSERT INTO StarRep (System_id,cluster_id,distance_clust_virt_centre,luminosity,no_planets_allowed,angle_in_radians_s,star_color,star_type,star_size)  VALUES ('U2034V2000', 'U2034V2000_0', 5.723076923076923E10, 0.216, 'F', 91.0, 'orng.mains', 'k4', 1.126);


INSERT INTO StarRep (System_id,cluster_id,distance_clust_virt_centre,luminosity,no_planets_allowed,angle_in_radians_s,star_color,star_type,star_size)  VALUES ('U2034V2000', 'U2034V2000_0', 2.48E11, 0.01331730388818285, 'F', 202.0, 'red_.mains', 'm7', 0.12183333333333335);


INSERT INTO StarRep (System_id,cluster_id,distance_clust_virt_centre,luminosity,no_planets_allowed,angle_in_radians_s,star_color,star_type,star_size)  VALUES ('U2034V2000', 'U2034V2000_2', 2.2892307692307693E11, 0.9974801711100598, 'F', 256.0, 'yelo.mains', 'g2', 43.199999999999996);


INSERT INTO ClusterRep (System_id,distance_sys_virt_centre,planetsAllowed,cluster_id,angle_in_radians,cluster_description,number_stars_in_cluster)  VALUES ('U2034V2000', 8.502857142857142E11, 'F', 'U2034V2000_2', 5.026548245743669, 'Cluster Number: 2 THREESTAR_TRINARY', 1);


INSERT INTO SystemRep (System_id, distance_to_galaxy_centre, ucoordinate, vcoordinate) VALUES ('U2030V2009', 3.3998334584401276E16, 2030.0, 2009.0);


INSERT INTO StarRep (System_id,cluster_id,distance_clust_virt_centre,luminosity,no_planets_allowed,angle_in_radians_s,star_color,star_type,star_size)  VALUES ('U2030V2009', 'U2030V2009_0', 1.7505882352941177E11, 2.32, 'F', 127.0, 'pyel.mains', 'f6', 39.6);


INSERT INTO StarRep (System_id,cluster_id,distance_clust_virt_centre,luminosity,no_planets_allowed,angle_in_radians_s,star_color,star_type,star_size)  VALUES ('U2030V2009', 'U2030V2009_0', 5.5111111111111115E10, 2.8992188486816998E-5, 'F', 328.0, 'red_.dwarf', 'dm', 0.624);


INSERT INTO StarRep (System_id,cluster_id,distance_clust_virt_centre,luminosity,no_planets_allowed,angle_in_radians_s,star_color,star_type,star_size)  VALUES ('U2030V2009', 'U2030V2009_0', 1.3527272727272728E11, 0.0466, 'F', 86.0, 'red_.mains', 'm3', 0.09316666666666662);


INSERT INTO StarRep (System_id,cluster_id,distance_clust_virt_centre,luminosity,no_planets_allowed,angle_in_radians_s,star_color,star_type,star_size)  VALUES ('U2030V2009', 'U2030V2009_2', 2.48E11, 7400.0, 'F', 176.0, 'yelo.sg.i ', 'g3', 27.500000000000004);


INSERT INTO ClusterRep (System_id,distance_sys_virt_centre,planetsAllowed,cluster_id,angle_in_radians,cluster_description,number_stars_in_cluster)  VALUES ('U2030V2009', 6.469565217391304E10, 'F', 'U2030V2009_2', 0.6981317007977318, 'Cluster Number: 2 THREESTAR_TRINARY', 1);


INSERT INTO SystemRep (System_id, distance_to_galaxy_centre, ucoordinate, vcoordinate) VALUES ('U2022V2013', 3.3964289949092828E16, 2022.0, 2013.0);


INSERT INTO StarRep (System_id,cluster_id,distance_clust_virt_centre,luminosity,no_planets_allowed,angle_in_radians_s,star_color,star_type,star_size)  VALUES ('U2022V2013', 'U2022V2013_0', 6.2E10, 2.32, 'F', 31.0, 'pyel.mains', 'f6', 39.6);


INSERT INTO ClusterRep (System_id,distance_sys_virt_centre,planetsAllowed,cluster_id,angle_in_radians,cluster_description,number_stars_in_cluster)  VALUES ('U2022V2013', 1.7005714285714285E11, 'T', 'U2022V2013_0', 2.478367537831948, 'Cluster Number: 0 SINGLESTAR', 1);


INSERT INTO SystemRep (System_id, distance_to_galaxy_centre, ucoordinate, vcoordinate) VALUES ('U2030V2008', 3.3989962116192836E16, 2030.0, 2008.0);


INSERT INTO StarRep (System_id,cluster_id,distance_clust_virt_centre,luminosity,no_planets_allowed,angle_in_radians_s,star_color,star_type,star_size)  VALUES ('U2030V2008', 'U2030V2008_0', 1.6533333333333334E11, 2.7994416554691433E-5, 'F', 167.0, 'red_.dwarf', 'dm', 0.6413333333333334);


INSERT INTO StarRep (System_id,cluster_id,distance_clust_virt_centre,luminosity,no_planets_allowed,angle_in_radians_s,star_color,star_type,star_size)  VALUES ('U2030V2008', 'U2030V2008_0', 3.3066666666666668E10, 0.0466, 'F', 324.0, 'red_.mains', 'm3', 0.09316666666666662);


INSERT INTO StarRep (System_id,cluster_id,distance_clust_virt_centre,luminosity,no_planets_allowed,angle_in_radians_s,star_color,star_type,star_size)  VALUES ('U2030V2008', 'U2030V2008_0', 4.723809523809524E10, 0.4062113320401332, 'F', 340.0, 'yelo.mains', 'g9', 47.4);


INSERT INTO StarRep (System_id,cluster_id,distance_clust_virt_centre,luminosity,no_planets_allowed,angle_in_radians_s,star_color,star_type,star_size)  VALUES ('U2030V2008', 'U2030V2008_2', 3.343820224719101E10, 30.0, 'F', 309.0, 'whit.mains', 'a4', 32.4);


INSERT INTO ClusterRep (System_id,distance_sys_virt_centre,planetsAllowed,cluster_id,angle_in_radians,cluster_description,number_stars_in_cluster)  VALUES ('U2030V2008', 7.171084337349397E10, 'F', 'U2030V2008_2', 6.14355896702004, 'Cluster Number: 2 THREESTAR_TRINARY', 1);


INSERT INTO SystemRep (System_id, distance_to_galaxy_centre, ucoordinate, vcoordinate) VALUES ('U2022V2012', 3.395589239368696E16, 2022.0, 2012.0);


INSERT INTO StarRep (System_id,cluster_id,distance_clust_virt_centre,luminosity,no_planets_allowed,angle_in_radians_s,star_color,star_type,star_size)  VALUES ('U2022V2012', 'U2022V2012_0', 3.91578947368421E10, 2.32, 'F', 178.0, 'pyel.mains', 'f6', 39.6);


INSERT INTO ClusterRep (System_id,distance_sys_virt_centre,planetsAllowed,cluster_id,angle_in_radians,cluster_description,number_stars_in_cluster)  VALUES ('U2022V2012', 1.984E11, 'T', 'U2022V2012_0', 4.4505895925855405, 'Cluster Number: 0 SINGLESTAR', 1);


INSERT INTO SystemRep (System_id, distance_to_galaxy_centre, ucoordinate, vcoordinate) VALUES ('U2030V2007', 3.398159175521335E16, 2030.0, 2007.0);


INSERT INTO SystemRep (System_id, distance_to_galaxy_centre, ucoordinate, vcoordinate) VALUES ('U2022V2011', 3.3947496935233384E16, 2022.0, 2011.0);


INSERT INTO StarRep (System_id,cluster_id,distance_clust_virt_centre,luminosity,no_planets_allowed,angle_in_radians_s,star_color,star_type,star_size)  VALUES ('U2022V2011', 'U2022V2011_0', 3.815384615384615E10, 0.0466, 'F', 218.0, 'red_.mains', 'm3', 0.09316666666666662);


INSERT INTO ClusterRep (System_id,distance_sys_virt_centre,planetsAllowed,cluster_id,angle_in_radians,cluster_description,number_stars_in_cluster)  VALUES ('U2022V2011', 1.488E12, 'T', 'U2022V2011_0', 3.6128315516282616, 'Cluster Number: 0 SINGLESTAR', 1);


INSERT INTO SystemRep (System_id, distance_to_galaxy_centre, ucoordinate, vcoordinate) VALUES ('U2030V2006', 3.3973223503020372E16, 2030.0, 2006.0);


INSERT INTO StarRep (System_id,cluster_id,distance_clust_virt_centre,luminosity,no_planets_allowed,angle_in_radians_s,star_color,star_type,star_size)  VALUES ('U2030V2006', 'U2030V2006_0', 5.835294117647059E10, 0.0134, 'F', 34.0, 'red_.mains', 'm7', 0.12183333333333335);


INSERT INTO StarRep (System_id,cluster_id,distance_clust_virt_centre,luminosity,no_planets_allowed,angle_in_radians_s,star_color,star_type,star_size)  VALUES ('U2030V2006', 'U2030V2006_0', 3.815384615384615E10, 82.0, 'F', 325.0, 'yelo.gi.i ', 'g8', 5.52);


INSERT INTO StarRep (System_id,cluster_id,distance_clust_virt_centre,luminosity,no_planets_allowed,angle_in_radians_s,star_color,star_type,star_size)  VALUES ('U2030V2006', 'U2030V2006_0', 3.629268292682927E10, 126000.0, 'F', 136.0, 'blue.subgi', 'o8', 27.333333333333336);


INSERT INTO StarRep (System_id,cluster_id,distance_clust_virt_centre,luminosity,no_planets_allowed,angle_in_radians_s,star_color,star_type,star_size)  VALUES ('U2030V2006', 'U2030V2006_2', 3.068041237113402E10, 2.3043006732940015, 'F', 25.0, 'pyel.mains', 'f6', 39.6);


INSERT INTO ClusterRep (System_id,distance_sys_virt_centre,planetsAllowed,cluster_id,angle_in_radians,cluster_description,number_stars_in_cluster)  VALUES ('U2030V2006', 1.1230188679245284E11, 'F', 'U2030V2006_2', 0.13962634015954636, 'Cluster Number: 2 THREESTAR_TRINARY', 1);


INSERT INTO SystemRep (System_id, distance_to_galaxy_centre, ucoordinate, vcoordinate) VALUES ('U2022V2010', 3.3939103575288252E16, 2022.0, 2010.0);


INSERT INTO StarRep (System_id,cluster_id,distance_clust_virt_centre,luminosity,no_planets_allowed,angle_in_radians_s,star_color,star_type,star_size)  VALUES ('U2022V2010', 'U2022V2010_0', 2.48E11, 0.09114055390734832, 'F', 85.0, 'red_.mains', 'm0', 1.255);


INSERT INTO ClusterRep (System_id,distance_sys_virt_centre,planetsAllowed,cluster_id,angle_in_radians,cluster_description,number_stars_in_cluster)  VALUES ('U2022V2010', 1.3226666666666667E11, 'T', 'U2022V2010_0', 3.8920842319473548, 'Cluster Number: 0 SINGLESTAR', 1);


INSERT INTO SystemRep (System_id, distance_to_galaxy_centre, ucoordinate, vcoordinate) VALUES ('U2030V2005', 3.396485736117259E16, 2030.0, 2005.0);


INSERT INTO StarRep (System_id,cluster_id,distance_clust_virt_centre,luminosity,no_planets_allowed,angle_in_radians_s,star_color,star_type,star_size)  VALUES ('U2030V2005', 'U2030V2005_0', 5.410909090909091E10, 2.7988595600274535E-5, 'F', 23.0, 'red_.dwarf', 'dm', 0.6413333333333334);


INSERT INTO StarRep (System_id,cluster_id,distance_clust_virt_centre,luminosity,no_planets_allowed,angle_in_radians_s,star_color,star_type,star_size)  VALUES ('U2030V2005', 'U2030V2005_0', 1.7505882352941177E11, 0.21548813581545187, 'F', 34.0, 'orng.mains', 'k4', 1.126);


INSERT INTO StarRep (System_id,cluster_id,distance_clust_virt_centre,luminosity,no_planets_allowed,angle_in_radians_s,star_color,star_type,star_size)  VALUES ('U2030V2005', 'U2030V2005_0', 4.021621621621622E10, 1086.6617728604135, 'F', 69.0, 'ltbl.gi.i ', 'b9', 57.49999999999999);


INSERT INTO StarRep (System_id,cluster_id,distance_clust_virt_centre,luminosity,no_planets_allowed,angle_in_radians_s,star_color,star_type,star_size)  VALUES ('U2030V2005', 'U2030V2005_2', 8.752941176470589E10, 9780.0, 'F', 263.0, 'ltbl.gi.ii', 'b7', 51.333333333333336);


INSERT INTO ClusterRep (System_id,distance_sys_virt_centre,planetsAllowed,cluster_id,angle_in_radians,cluster_description,number_stars_in_cluster)  VALUES ('U2030V2005', 1.0262068965517241E11, 'F', 'U2030V2005_2', 0.5759586531581288, 'Cluster Number: 2 THREESTAR_TRINARY', 1);


INSERT INTO SystemRep (System_id, distance_to_galaxy_centre, ucoordinate, vcoordinate) VALUES ('U2030V2004', 3.395649333122983E16, 2030.0, 2004.0);


INSERT INTO StarRep (System_id,cluster_id,distance_clust_virt_centre,luminosity,no_planets_allowed,angle_in_radians_s,star_color,star_type,star_size)  VALUES ('U2030V2004', 'U2030V2004_0', 5.2210526315789474E10, 0.16139773792736944, 'F', 63.0, 'orng.mains', 'k6', 1.169);


INSERT INTO StarRep (System_id,cluster_id,distance_clust_virt_centre,luminosity,no_planets_allowed,angle_in_radians_s,star_color,star_type,star_size)  VALUES ('U2030V2004', 'U2030V2004_0', 5.615094339622642E10, 141000.0, 'F', 30.0, 'blue.mains', 'o8', 5.166666666666667);


INSERT INTO StarRep (System_id,cluster_id,distance_clust_virt_centre,luminosity,no_planets_allowed,angle_in_radians_s,star_color,star_type,star_size)  VALUES ('U2030V2004', 'U2030V2004_0', 1.7505882352941177E11, 0.0276, 'F', 324.0, 'red_.mains', 'm5', 0.10750000000000004);


INSERT INTO StarRep (System_id,cluster_id,distance_clust_virt_centre,luminosity,no_planets_allowed,angle_in_radians_s,star_color,star_type,star_size)  VALUES ('U2030V2004', 'U2030V2004_2', 2.2892307692307693E11, 13.5, 'F', 36.0, 'whit.mains', 'a7', 34.199999999999996);


INSERT INTO ClusterRep (System_id,distance_sys_virt_centre,planetsAllowed,cluster_id,angle_in_radians,cluster_description,number_stars_in_cluster)  VALUES ('U2030V2004', 1.2146938775510204E11, 'F', 'U2030V2004_2', 6.003932626860493, 'Cluster Number: 2 THREESTAR_TRINARY', 1);


INSERT INTO SystemRep (System_id, distance_to_galaxy_centre, ucoordinate, vcoordinate) VALUES ('U2030V2003', 3.3948131414753064E16, 2030.0, 2003.0);


INSERT INTO StarRep (System_id,cluster_id,distance_clust_virt_centre,luminosity,no_planets_allowed,angle_in_radians_s,star_color,star_type,star_size)  VALUES ('U2030V2003', 'U2030V2003_0', 3.3066666666666668E10, 2.32, 'F', 290.0, 'pyel.mains', 'f6', 39.6);


INSERT INTO StarRep (System_id,cluster_id,distance_clust_virt_centre,luminosity,no_planets_allowed,angle_in_radians_s,star_color,star_type,star_size)  VALUES ('U2030V2003', 'U2030V2003_0', 7.258536585365854E10, 0.0734, 'F', 31.0, 'red_.mains', 'm1', 0.07883333333333331);


INSERT INTO StarRep (System_id,cluster_id,distance_clust_virt_centre,luminosity,no_planets_allowed,angle_in_radians_s,star_color,star_type,star_size)  VALUES ('U2030V2003', 'U2030V2003_0', 8.266666666666667E10, 0.1619633127439848, 'F', 119.0, 'orng.mains', 'k6', 1.169);


INSERT INTO StarRep (System_id,cluster_id,distance_clust_virt_centre,luminosity,no_planets_allowed,angle_in_radians_s,star_color,star_type,star_size)  VALUES ('U2030V2003', 'U2030V2003_2', 1.488E11, 0.2155717560562464, 'F', 112.0, 'orng.mains', 'k4', 1.126);


INSERT INTO ClusterRep (System_id,distance_sys_virt_centre,planetsAllowed,cluster_id,angle_in_radians,cluster_description,number_stars_in_cluster)  VALUES ('U2030V2003', 3.132631578947368E11, 'F', 'U2030V2003_2', 0.0, 'Cluster Number: 2 THREESTAR_TRINARY', 1);


INSERT INTO SystemRep (System_id, distance_to_galaxy_centre, ucoordinate, vcoordinate) VALUES ('U2030V2002', 3.3939771613304412E16, 2030.0, 2002.0);


INSERT INTO StarRep (System_id,cluster_id,distance_clust_virt_centre,luminosity,no_planets_allowed,angle_in_radians_s,star_color,star_type,star_size)  VALUES ('U2030V2002', 'U2030V2002_0', 3.4604651162790695E10, 0.9428577843111774, 'F', 210.0, 'yelo.mains', 'g3', 43.8);


INSERT INTO StarRep (System_id,cluster_id,distance_clust_virt_centre,luminosity,no_planets_allowed,angle_in_radians_s,star_color,star_type,star_size)  VALUES ('U2030V2002', 'U2030V2002_0', 4.441791044776119E10, 9.396888741448318, 'F', 40.0, 'whit.mains', 'a9', 35.4);


INSERT INTO StarRep (System_id,cluster_id,distance_clust_virt_centre,luminosity,no_planets_allowed,angle_in_radians_s,star_color,star_type,star_size)  VALUES ('U2030V2002', 'U2030V2002_0', 5.723076923076923E10, 3.18, 'F', 329.0, 'pyel.mains', 'f4', 38.4);


INSERT INTO StarRep (System_id,cluster_id,distance_clust_virt_centre,luminosity,no_planets_allowed,angle_in_radians_s,star_color,star_type,star_size)  VALUES ('U2030V2002', 'U2030V2002_2', 4.723809523809524E10, 1.5489275752834657, 'F', 205.0, 'pyel.mains', 'f8', 40.8);


INSERT INTO ClusterRep (System_id,distance_sys_virt_centre,planetsAllowed,cluster_id,angle_in_radians,cluster_description,number_stars_in_cluster)  VALUES ('U2030V2002', 1.6086486486486487E11, 'F', 'U2030V2002_2', 1.6929693744344996, 'Cluster Number: 2 THREESTAR_TRINARY', 1);


INSERT INTO SystemRep (System_id, distance_to_galaxy_centre, ucoordinate, vcoordinate) VALUES ('U2030V2001', 3.3931413928447132E16, 2030.0, 2001.0);


INSERT INTO StarRep (System_id,cluster_id,distance_clust_virt_centre,luminosity,no_planets_allowed,angle_in_radians_s,star_color,star_type,star_size)  VALUES ('U2030V2001', 'U2030V2001_0', 3.381818181818182E10, 0.0096, 'F', 250.0, 'red_.mains', 'm9', 0.13616666666666666);


INSERT INTO StarRep (System_id,cluster_id,distance_clust_virt_centre,luminosity,no_planets_allowed,angle_in_radians_s,star_color,star_type,star_size)  VALUES ('U2030V2001', 'U2030V2001_0', 5.952E11, 3.749370243248373E-5, 'F', 36.0, 'orng.dwarf', 'dk', 0.5633333333333334);


INSERT INTO StarRep (System_id,cluster_id,distance_clust_virt_centre,luminosity,no_planets_allowed,angle_in_radians_s,star_color,star_type,star_size)  VALUES ('U2030V2001', 'U2030V2001_0', 3.1659574468085106E10, 0.35, 'F', 224.0, 'orng.subdw', 'k4', 4.44);


INSERT INTO StarRep (System_id,cluster_id,distance_clust_virt_centre,luminosity,no_planets_allowed,angle_in_radians_s,star_color,star_type,star_size)  VALUES ('U2030V2001', 'U2030V2001_2', 7.085714285714285E10, 0.40689457243964744, 'F', 338.0, 'yelo.mains', 'g9', 47.4);


INSERT INTO ClusterRep (System_id,distance_sys_virt_centre,planetsAllowed,cluster_id,angle_in_radians,cluster_description,number_stars_in_cluster)  VALUES ('U2030V2001', 2.1257142857142856E11, 'F', 'U2030V2001_2', 0.8552113334772214, 'Cluster Number: 2 THREESTAR_TRINARY', 1);


INSERT INTO SystemRep (System_id, distance_to_galaxy_centre, ucoordinate, vcoordinate) VALUES ('U2030V2000', 3.3923058361745628E16, 2030.0, 2000.0);


INSERT INTO SystemRep (System_id, distance_to_galaxy_centre, ucoordinate, vcoordinate) VALUES ('U2035V2019', 3.4124401813490824E16, 2035.0, 2019.0);


INSERT INTO StarRep (System_id,cluster_id,distance_clust_virt_centre,luminosity,no_planets_allowed,angle_in_radians_s,star_color,star_type,star_size)  VALUES ('U2035V2019', 'U2035V2019_0', 4.8E10, 0.282, 'F', 331.0, 'orng.mains', 'k2', 1.0830000000000002);


INSERT INTO StarRep (System_id,cluster_id,distance_clust_virt_centre,luminosity,no_planets_allowed,angle_in_radians_s,star_color,star_type,star_size)  VALUES ('U2035V2019', 'U2035V2019_0', 3.968E10, 0.0134, 'F', 60.0, 'red_.mains', 'm7', 0.12183333333333335);


INSERT INTO ClusterRep (System_id,distance_sys_virt_centre,planetsAllowed,cluster_id,angle_in_radians,cluster_description,number_stars_in_cluster)  VALUES ('U2035V2019', 3.111272727272727E12, 'T', 'U2035V2019_1', 0.022541689064216438, 'Cluster Number: 1 THREESTAR_BINARYPLUSONE', 0);


INSERT INTO SystemRep (System_id, distance_to_galaxy_centre, ucoordinate, vcoordinate) VALUES ('U2035V2018', 3.411601874738001E16, 2035.0, 2018.0);


INSERT INTO StarRep (System_id,cluster_id,distance_clust_virt_centre,luminosity,no_planets_allowed,angle_in_radians_s,star_color,star_type,star_size)  VALUES ('U2035V2018', 'U2035V2018_0', 3.1659574468085106E10, 2.3049297749017215, 'F', 198.0, 'pyel.mains', 'f6', 39.6);


INSERT INTO StarRep (System_id,cluster_id,distance_clust_virt_centre,luminosity,no_planets_allowed,angle_in_radians_s,star_color,star_type,star_size)  VALUES ('U2035V2018', 'U2035V2018_0', 4.723809523809524E10, 2.32, 'F', 61.0, 'pyel.mains', 'f6', 39.6);


INSERT INTO ClusterRep (System_id,distance_sys_virt_centre,planetsAllowed,cluster_id,angle_in_radians,cluster_description,number_stars_in_cluster)  VALUES ('U2035V2018', 3.2736E12, 'T', 'U2035V2018_1', 0.006396965815520881, 'Cluster Number: 1 THREESTAR_BINARYPLUSONE', 0);


INSERT INTO SystemRep (System_id, distance_to_galaxy_centre, ucoordinate, vcoordinate) VALUES ('U2035V2017', 3.4107637775504536E16, 2035.0, 2017.0);


INSERT INTO StarRep (System_id,cluster_id,distance_clust_virt_centre,luminosity,no_planets_allowed,angle_in_radians_s,star_color,star_type,star_size)  VALUES ('U2035V2017', 'U2035V2017_0', 3.2703296703296703E10, 2.32, 'F', 119.0, 'pyel.mains', 'f6', 39.6);


INSERT INTO StarRep (System_id,cluster_id,distance_clust_virt_centre,luminosity,no_planets_allowed,angle_in_radians_s,star_color,star_type,star_size)  VALUES ('U2035V2017', 'U2035V2017_0', 3.343820224719101E10, 0.0466, 'F', 70.0, 'red_.mains', 'm3', 0.09316666666666662);


INSERT INTO ClusterRep (System_id,distance_sys_virt_centre,planetsAllowed,cluster_id,angle_in_radians,cluster_description,number_stars_in_cluster)  VALUES ('U2035V2017', 3.21408E12, 'T', 'U2035V2017_1', 0.01888628002677593, 'Cluster Number: 1 THREESTAR_BINARYPLUSONE', 0);


INSERT INTO SystemRep (System_id, distance_to_galaxy_centre, ucoordinate, vcoordinate) VALUES ('U2035V2016', 3.409925889940859E16, 2035.0, 2016.0);


INSERT INTO StarRep (System_id,cluster_id,distance_clust_virt_centre,luminosity,no_planets_allowed,angle_in_radians_s,star_color,star_type,star_size)  VALUES ('U2035V2016', 'U2035V2016_0', 3.234782608695652E10, 0.0276, 'F', 158.0, 'red_.mains', 'm5', 0.10750000000000004);


INSERT INTO StarRep (System_id,cluster_id,distance_clust_virt_centre,luminosity,no_planets_allowed,angle_in_radians_s,star_color,star_type,star_size)  VALUES ('U2035V2016', 'U2035V2016_0', 1.1022222222222223E11, 0.216, 'F', 66.0, 'orng.mains', 'k4', 1.126);


INSERT INTO ClusterRep (System_id,distance_sys_virt_centre,planetsAllowed,cluster_id,angle_in_radians,cluster_description,number_stars_in_cluster)  VALUES ('U2035V2016', 3.1026382978723403E12, 'T', 'U2035V2016_1', 0.06762506719264931, 'Cluster Number: 1 THREESTAR_BINARYPLUSONE', 0);


INSERT INTO SystemRep (System_id, distance_to_galaxy_centre, ucoordinate, vcoordinate) VALUES ('U2035V2015', 3.4090882120637476E16, 2035.0, 2015.0);


INSERT INTO StarRep (System_id,cluster_id,distance_clust_virt_centre,luminosity,no_planets_allowed,angle_in_radians_s,star_color,star_type,star_size)  VALUES ('U2035V2015', 'U2035V2015_0', 1.1446153846153847E11, 0.12255107468820114, 'F', 25.0, 'orng.mains', 'k8', 1.2120000000000002);


INSERT INTO StarRep (System_id,cluster_id,distance_clust_virt_centre,luminosity,no_planets_allowed,angle_in_radians_s,star_color,star_type,star_size)  VALUES ('U2035V2015', 'U2035V2015_0', 1.984E11, 3.55E-5, 'F', 67.0, 'orng.dwarf', 'dk', 0.598);


INSERT INTO ClusterRep (System_id,distance_sys_virt_centre,planetsAllowed,cluster_id,angle_in_radians,cluster_description,number_stars_in_cluster)  VALUES ('U2035V2015', 3.2347826086956523E12, 'T', 'U2035V2015_1', 0.051480343943953746, 'Cluster Number: 1 THREESTAR_BINARYPLUSONE', 0);


INSERT INTO SystemRep (System_id, distance_to_galaxy_centre, ucoordinate, vcoordinate) VALUES ('U2035V2014', 3.408250744073763E16, 2035.0, 2014.0);


INSERT INTO StarRep (System_id,cluster_id,distance_clust_virt_centre,luminosity,no_planets_allowed,angle_in_radians_s,star_color,star_type,star_size)  VALUES ('U2035V2014', 'U2035V2014_0', 7.085714285714285E10, 59.534724800997964, 'F', 24.0, 'whit.mains', 'a2', 31.200000000000003);


INSERT INTO StarRep (System_id,cluster_id,distance_clust_virt_centre,luminosity,no_planets_allowed,angle_in_radians_s,star_color,star_type,star_size)  VALUES ('U2035V2014', 'U2035V2014_0', 6.763636363636364E10, 0.216, 'F', 27.0, 'orng.mains', 'k4', 1.126);


INSERT INTO ClusterRep (System_id,distance_sys_virt_centre,planetsAllowed,cluster_id,angle_in_radians,cluster_description,number_stars_in_cluster)  VALUES ('U2035V2014', 3.21408E12, 'T', 'U2035V2014_1', 0.04934802200544679, 'Cluster Number: 1 THREESTAR_BINARYPLUSONE', 0);


INSERT INTO SystemRep (System_id, distance_to_galaxy_centre, ucoordinate, vcoordinate) VALUES ('U2035V2013', 3.4074134861256624E16, 2035.0, 2013.0);


INSERT INTO StarRep (System_id,cluster_id,distance_clust_virt_centre,luminosity,no_planets_allowed,angle_in_radians_s,star_color,star_type,star_size)  VALUES ('U2035V2013', 'U2035V2013_0', 3.968E10, 2.7E-5, 'F', 250.0, 'red_.dwarf', 'dm', 0.6586666666666666);


INSERT INTO StarRep (System_id,cluster_id,distance_clust_virt_centre,luminosity,no_planets_allowed,angle_in_radians_s,star_color,star_type,star_size)  VALUES ('U2035V2013', 'U2035V2013_0', 9.3E10, 2.8E-5, 'F', 28.0, 'red_.dwarf', 'dm', 0.6413333333333334);


INSERT INTO ClusterRep (System_id,distance_sys_virt_centre,planetsAllowed,cluster_id,angle_in_radians,cluster_description,number_stars_in_cluster)  VALUES ('U2035V2013', 8.928E12, 'T', 'U2035V2013_1', 0.03320329875675123, 'Cluster Number: 1 THREESTAR_BINARYPLUSONE', 0);


INSERT INTO SystemRep (System_id, distance_to_galaxy_centre, ucoordinate, vcoordinate) VALUES ('U2035V2012', 3.406576438374316E16, 2035.0, 2012.0);


INSERT INTO SystemRep (System_id, distance_to_galaxy_centre, ucoordinate, vcoordinate) VALUES ('U2035V2011', 3.4057396009747076E16, 2035.0, 2011.0);


INSERT INTO StarRep (System_id,cluster_id,distance_clust_virt_centre,luminosity,no_planets_allowed,angle_in_radians_s,star_color,star_type,star_size)  VALUES ('U2035V2011', 'U2035V2011_0', 2.976E11, 0.945, 'F', 157.0, 'yelo.mains', 'g3', 43.8);


INSERT INTO StarRep (System_id,cluster_id,distance_clust_virt_centre,luminosity,no_planets_allowed,angle_in_radians_s,star_color,star_type,star_size)  VALUES ('U2035V2011', 'U2035V2011_0', 5.314285714285714E10, 2590.0, 'F', 25.0, 'red_.gi.i ', 'm8', 11.653333333333332);


INSERT INTO ClusterRep (System_id,distance_sys_virt_centre,planetsAllowed,cluster_id,angle_in_radians,cluster_description,number_stars_in_cluster)  VALUES ('U2035V2011', 0.0, 'T', 'U2035V2011_1', 0.06549274525414234, 'Cluster Number: 1 THREESTAR_BINARYPLUSONE', 0);


INSERT INTO SystemRep (System_id, distance_to_galaxy_centre, ucoordinate, vcoordinate) VALUES ('U2035V2010', 3.4049029740819344E16, 2035.0, 2010.0);


INSERT INTO SystemRep (System_id, distance_to_galaxy_centre, ucoordinate, vcoordinate) VALUES ('U2029V2019', 3.40737356205866E16, 2029.0, 2019.0);


INSERT INTO StarRep (System_id,cluster_id,distance_clust_virt_centre,luminosity,no_planets_allowed,angle_in_radians_s,star_color,star_type,star_size)  VALUES ('U2029V2019', 'U2029V2019_0', 1.417142857142857E11, 0.21457341455642237, 'F', 117.0, 'orng.mains', 'k4', 1.126);


INSERT INTO StarRep (System_id,cluster_id,distance_clust_virt_centre,luminosity,no_planets_allowed,angle_in_radians_s,star_color,star_type,star_size)  VALUES ('U2029V2019', 'U2029V2019_0', 3.234782608695652E10, 0.9437955184317643, 'F', 37.0, 'yelo.mains', 'g3', 43.8);


INSERT INTO StarRep (System_id,cluster_id,distance_clust_virt_centre,luminosity,no_planets_allowed,angle_in_radians_s,star_color,star_type,star_size)  VALUES ('U2029V2019', 'U2029V2019_0', 2.1257142857142856E11, 0.216, 'F', 19.0, 'orng.mains', 'k4', 1.126);


INSERT INTO StarRep (System_id,cluster_id,distance_clust_virt_centre,luminosity,no_planets_allowed,angle_in_radians_s,star_color,star_type,star_size)  VALUES ('U2029V2019', 'U2029V2019_2', 6.073469387755102E10, 0.216, 'F', 54.0, 'orng.mains', 'k4', 1.126);


INSERT INTO ClusterRep (System_id,distance_sys_virt_centre,planetsAllowed,cluster_id,angle_in_radians,cluster_description,number_stars_in_cluster)  VALUES ('U2029V2019', 6.136082474226804E10, 'F', 'U2029V2019_2', 1.1344640137963142, 'Cluster Number: 2 THREESTAR_TRINARY', 1);


INSERT INTO SystemRep (System_id, distance_to_galaxy_centre, ucoordinate, vcoordinate) VALUES ('U2029V2018', 3.4065340086143864E16, 2029.0, 2018.0);


INSERT INTO StarRep (System_id,cluster_id,distance_clust_virt_centre,luminosity,no_planets_allowed,angle_in_radians_s,star_color,star_type,star_size)  VALUES ('U2029V2018', 'U2029V2018_0', 3.542857142857143E10, 0.01328727519190877, 'F', 170.0, 'red_.mains', 'm7', 0.12183333333333335);


INSERT INTO StarRep (System_id,cluster_id,distance_clust_virt_centre,luminosity,no_planets_allowed,angle_in_radians_s,star_color,star_type,star_size)  VALUES ('U2029V2018', 'U2029V2018_0', 9.6E10, 0.28094521458536403, 'F', 45.0, 'orng.mains', 'k2', 1.0830000000000002);


INSERT INTO StarRep (System_id,cluster_id,distance_clust_virt_centre,luminosity,no_planets_allowed,angle_in_radians_s,star_color,star_type,star_size)  VALUES ('U2029V2018', 'U2029V2018_0', 2.7054545454545456E11, 0.1223702637881274, 'F', 75.0, 'orng.mains', 'k8', 1.2120000000000002);


INSERT INTO StarRep (System_id,cluster_id,distance_clust_virt_centre,luminosity,no_planets_allowed,angle_in_radians_s,star_color,star_type,star_size)  VALUES ('U2029V2018', 'U2029V2018_2', 3.5011764705882355E10, 10.953070076539488, 'F', 72.0, 'pyel.subgi', 'f6', 50.66666666666667);


INSERT INTO ClusterRep (System_id,distance_sys_virt_centre,planetsAllowed,cluster_id,angle_in_radians,cluster_description,number_stars_in_cluster)  VALUES ('U2029V2018', 1.2939130434782608E11, 'F', 'U2029V2018_2', 2.548180707911721, 'Cluster Number: 2 THREESTAR_TRINARY', 1);


INSERT INTO SystemRep (System_id, distance_to_galaxy_centre, ucoordinate, vcoordinate) VALUES ('U2029V2017', 3.40569466429109E16, 2029.0, 2017.0);


INSERT INTO StarRep (System_id,cluster_id,distance_clust_virt_centre,luminosity,no_planets_allowed,angle_in_radians_s,star_color,star_type,star_size)  VALUES ('U2029V2017', 'U2029V2017_0', 1.566315789473684E11, 90.0, 'F', 77.0, 'whit.mains', 'a0', 30.0);


INSERT INTO StarRep (System_id,cluster_id,distance_clust_virt_centre,luminosity,no_planets_allowed,angle_in_radians_s,star_color,star_type,star_size)  VALUES ('U2029V2017', 'U2029V2017_0', 5.410909090909091E10, 0.09032793071315175, 'F', 42.0, 'red_.mains', 'm0', 1.255);


INSERT INTO StarRep (System_id,cluster_id,distance_clust_virt_centre,luminosity,no_planets_allowed,angle_in_radians_s,star_color,star_type,star_size)  VALUES ('U2029V2017', 'U2029V2017_0', 4.1915492957746475E10, 2.7983345052950923E-5, 'F', 125.0, 'red_.dwarf', 'dm', 0.6413333333333334);


INSERT INTO StarRep (System_id,cluster_id,distance_clust_virt_centre,luminosity,no_planets_allowed,angle_in_radians_s,star_color,star_type,star_size)  VALUES ('U2029V2017', 'U2029V2017_2', 4.1915492957746475E10, 0.216, 'F', 281.0, 'orng.mains', 'k4', 1.126);


INSERT INTO ClusterRep (System_id,distance_sys_virt_centre,planetsAllowed,cluster_id,angle_in_radians,cluster_description,number_stars_in_cluster)  VALUES ('U2029V2017', 8.502857142857142E11, 'F', 'U2029V2017_2', 1.9722220547535922, 'Cluster Number: 2 THREESTAR_TRINARY', 1);


INSERT INTO SystemRep (System_id, distance_to_galaxy_centre, ucoordinate, vcoordinate) VALUES ('U2029V2016', 3.4048555292434244E16, 2029.0, 2016.0);


INSERT INTO StarRep (System_id,cluster_id,distance_clust_virt_centre,luminosity,no_planets_allowed,angle_in_radians_s,star_color,star_type,star_size)  VALUES ('U2029V2016', 'U2029V2016_0', 5.723076923076923E10, 2.698093760603817E-5, 'F', 304.0, 'red_.dwarf', 'dm', 0.6586666666666666);


INSERT INTO StarRep (System_id,cluster_id,distance_clust_virt_centre,luminosity,no_planets_allowed,angle_in_radians_s,star_color,star_type,star_size)  VALUES ('U2029V2016', 'U2029V2016_0', 6.920930232558139E10, 871702.249343355, 'F', 43.0, 'blue.sg.ii', 'o8', 36.0);


INSERT INTO StarRep (System_id,cluster_id,distance_clust_virt_centre,luminosity,no_planets_allowed,angle_in_radians_s,star_color,star_type,star_size)  VALUES ('U2029V2016', 'U2029V2016_0', 3.2703296703296703E10, 0.04646370046794373, 'F', 280.0, 'red_.mains', 'm3', 0.09316666666666662);


INSERT INTO StarRep (System_id,cluster_id,distance_clust_virt_centre,luminosity,no_planets_allowed,angle_in_radians_s,star_color,star_type,star_size)  VALUES ('U2029V2016', 'U2029V2016_2', 3.815384615384615E10, 0.0096, 'F', 356.0, 'red_.mains', 'm9', 0.13616666666666666);


INSERT INTO ClusterRep (System_id,distance_sys_virt_centre,planetsAllowed,cluster_id,angle_in_radians,cluster_description,number_stars_in_cluster)  VALUES ('U2029V2016', 7.83157894736842E10, 'F', 'U2029V2016_2', 2.2689280275926285, 'Cluster Number: 2 THREESTAR_TRINARY', 1);


INSERT INTO SystemRep (System_id, distance_to_galaxy_centre, ucoordinate, vcoordinate) VALUES ('U2029V2015', 3.4040166036261576E16, 2029.0, 2015.0);


INSERT INTO StarRep (System_id,cluster_id,distance_clust_virt_centre,luminosity,no_planets_allowed,angle_in_radians_s,star_color,star_type,star_size)  VALUES ('U2029V2015', 'U2029V2015_0', 4.376470588235294E10, 0.12220434887695952, 'F', 302.0, 'orng.mains', 'k8', 1.2120000000000002);


INSERT INTO StarRep (System_id,cluster_id,distance_clust_virt_centre,luminosity,no_planets_allowed,angle_in_radians_s,star_color,star_type,star_size)  VALUES ('U2029V2015', 'U2029V2015_0', 4.0767123287671234E10, 0.07288001808202929, 'F', 3.0, 'red_.mains', 'm1', 0.07883333333333331);


INSERT INTO StarRep (System_id,cluster_id,distance_clust_virt_centre,luminosity,no_planets_allowed,angle_in_radians_s,star_color,star_type,star_size)  VALUES ('U2029V2015', 'U2029V2015_0', 4.441791044776119E10, 0.04642821737116862, 'F', 53.0, 'red_.mains', 'm3', 0.09316666666666662);


INSERT INTO StarRep (System_id,cluster_id,distance_clust_virt_centre,luminosity,no_planets_allowed,angle_in_radians_s,star_color,star_type,star_size)  VALUES ('U2029V2015', 'U2029V2015_2', 3.72E10, 0.1110107353158371, 'F', 115.0, 'red_.mains', 'm9', 0.13616666666666666);


INSERT INTO ClusterRep (System_id,distance_sys_virt_centre,planetsAllowed,cluster_id,angle_in_radians,cluster_description,number_stars_in_cluster)  VALUES ('U2029V2015', 6.331914893617021E10, 'F', 'U2029V2015_2', 0.9250245035569946, 'Cluster Number: 2 THREESTAR_TRINARY', 1);


INSERT INTO SystemRep (System_id, distance_to_galaxy_centre, ucoordinate, vcoordinate) VALUES ('U2029V2014', 3.4031778875941704E16, 2029.0, 2014.0);


INSERT INTO StarRep (System_id,cluster_id,distance_clust_virt_centre,luminosity,no_planets_allowed,angle_in_radians_s,star_color,star_type,star_size)  VALUES ('U2029V2014', 'U2029V2014_0', 1.488E12, 0.408, 'F', 169.0, 'yelo.mains', 'g9', 47.4);


INSERT INTO StarRep (System_id,cluster_id,distance_clust_virt_centre,luminosity,no_planets_allowed,angle_in_radians_s,star_color,star_type,star_size)  VALUES ('U2029V2014', 'U2029V2014_0', 4.878688524590164E10, 984898.7773368758, 'F', 4.0, 'blue.gi.ii', 'o8', 40.0);


INSERT INTO StarRep (System_id,cluster_id,distance_clust_virt_centre,luminosity,no_planets_allowed,angle_in_radians_s,star_color,star_type,star_size)  VALUES ('U2029V2014', 'U2029V2014_0', 3.4604651162790695E10, 0.21480426364816063, 'F', 208.0, 'orng.mains', 'k4', 1.126);


INSERT INTO StarRep (System_id,cluster_id,distance_clust_virt_centre,luminosity,no_planets_allowed,angle_in_radians_s,star_color,star_type,star_size)  VALUES ('U2029V2014', 'U2029V2014_2', 3.4206896551724136E10, 119000.0, 'F', 191.0, 'blue.mains', 'o8', 5.833333333333334);


INSERT INTO ClusterRep (System_id,distance_sys_virt_centre,planetsAllowed,cluster_id,angle_in_radians,cluster_description,number_stars_in_cluster)  VALUES ('U2029V2014', 9.3E10, 'F', 'U2029V2014_2', 1.2042771838760873, 'Cluster Number: 2 THREESTAR_TRINARY', 1);


INSERT INTO SystemRep (System_id, distance_to_galaxy_centre, ucoordinate, vcoordinate) VALUES ('U2029V2013', 3.402339381302459E16, 2029.0, 2013.0);


INSERT INTO StarRep (System_id,cluster_id,distance_clust_virt_centre,luminosity,no_planets_allowed,angle_in_radians_s,star_color,star_type,star_size)  VALUES ('U2029V2013', 'U2029V2013_0', 7.44E11, 1.32E-4, 'F', 209.0, 'pyel.dwarf', 'df', 0.4073333333333333);


INSERT INTO StarRep (System_id,cluster_id,distance_clust_virt_centre,luminosity,no_planets_allowed,angle_in_radians_s,star_color,star_type,star_size)  VALUES ('U2029V2013', 'U2029V2013_0', 3.068041237113402E10, 0.0134, 'F', 0.0, 'red_.mains', 'm7', 0.12183333333333335);


INSERT INTO StarRep (System_id,cluster_id,distance_clust_virt_centre,luminosity,no_planets_allowed,angle_in_radians_s,star_color,star_type,star_size)  VALUES ('U2029V2013', 'U2029V2013_0', 1.0262068965517241E11, 126610.92223814178, 'F', 102.0, 'blue.subgi', 'o8', 27.333333333333336);


INSERT INTO StarRep (System_id,cluster_id,distance_clust_virt_centre,luminosity,no_planets_allowed,angle_in_radians_s,star_color,star_type,star_size)  VALUES ('U2029V2013', 'U2029V2013_2', 4.509090909090909E10, 2.32, 'F', 324.0, 'pyel.mains', 'f6', 39.6);


INSERT INTO ClusterRep (System_id,distance_sys_virt_centre,planetsAllowed,cluster_id,angle_in_radians,cluster_description,number_stars_in_cluster)  VALUES ('U2029V2013', 1.0821818181818182E11, 'F', 'U2029V2013_2', 0.3490658503988659, 'Cluster Number: 2 THREESTAR_TRINARY', 1);


INSERT INTO SystemRep (System_id, distance_to_galaxy_centre, ucoordinate, vcoordinate) VALUES ('U2029V2012', 3.4015010849061332E16, 2029.0, 2012.0);


INSERT INTO StarRep (System_id,cluster_id,distance_clust_virt_centre,luminosity,no_planets_allowed,angle_in_radians_s,star_color,star_type,star_size)  VALUES ('U2029V2012', 'U2029V2012_0', 8.266666666666667E10, 0.0276, 'F', 75.0, 'red_.mains', 'm5', 0.10750000000000004);


INSERT INTO StarRep (System_id,cluster_id,distance_clust_virt_centre,luminosity,no_planets_allowed,angle_in_radians_s,star_color,star_type,star_size)  VALUES ('U2029V2012', 'U2029V2012_0', 3.5011764705882355E10, 3.1628600557520423, 'F', 1.0, 'pyel.mains', 'f4', 38.4);


INSERT INTO StarRep (System_id,cluster_id,distance_clust_virt_centre,luminosity,no_planets_allowed,angle_in_radians_s,star_color,star_type,star_size)  VALUES ('U2029V2012', 'U2029V2012_0', 6.2E10, 1.3114340856026165E-4, 'F', 257.0, 'pyel.dwarf', 'df', 0.4073333333333333);


INSERT INTO StarRep (System_id,cluster_id,distance_clust_virt_centre,luminosity,no_planets_allowed,angle_in_radians_s,star_color,star_type,star_size)  VALUES ('U2029V2012', 'U2029V2012_2', 4.0767123287671234E10, 0.123, 'F', 39.0, 'orng.mains', 'k8', 1.2120000000000002);


INSERT INTO ClusterRep (System_id,distance_sys_virt_centre,planetsAllowed,cluster_id,angle_in_radians,cluster_description,number_stars_in_cluster)  VALUES ('U2029V2012', 2.3808E11, 'F', 'U2029V2012_2', 0.6283185307179586, 'Cluster Number: 2 THREESTAR_TRINARY', 1);


INSERT INTO SystemRep (System_id, distance_to_galaxy_centre, ucoordinate, vcoordinate) VALUES ('U2029V2011', 3.400662998560416E16, 2029.0, 2011.0);


INSERT INTO StarRep (System_id,cluster_id,distance_clust_virt_centre,luminosity,no_planets_allowed,angle_in_radians_s,star_color,star_type,star_size)  VALUES ('U2029V2011', 'U2029V2011_0', 9.3E10, 0.0466, 'F', 356.0, 'red_.mains', 'm3', 0.09316666666666662);


INSERT INTO StarRep (System_id,cluster_id,distance_clust_virt_centre,luminosity,no_planets_allowed,angle_in_radians_s,star_color,star_type,star_size)  VALUES ('U2029V2011', 'U2029V2011_0', 2.48E11, 0.027346969668757316, 'F', 10.0, 'red_.mains', 'm5', 0.10750000000000004);


INSERT INTO StarRep (System_id,cluster_id,distance_clust_virt_centre,luminosity,no_planets_allowed,angle_in_radians_s,star_color,star_type,star_size)  VALUES ('U2029V2011', 'U2029V2011_0', 4.65E10, 0.12226708207928967, 'F', 108.0, 'orng.mains', 'k8', 1.2120000000000002);


INSERT INTO StarRep (System_id,cluster_id,distance_clust_virt_centre,luminosity,no_planets_allowed,angle_in_radians_s,star_color,star_type,star_size)  VALUES ('U2029V2011', 'U2029V2011_2', 1.7505882352941177E11, 0.945, 'F', 133.0, 'yelo.mains', 'g3', 43.8);


INSERT INTO ClusterRep (System_id,distance_sys_virt_centre,planetsAllowed,cluster_id,angle_in_radians,cluster_description,number_stars_in_cluster)  VALUES ('U2029V2011', 1.3841860465116278E11, 'F', 'U2029V2011_2', 2.321287905152458, 'Cluster Number: 2 THREESTAR_TRINARY', 1);


INSERT INTO SystemRep (System_id, distance_to_galaxy_centre, ucoordinate, vcoordinate) VALUES ('U2029V2010', 3.399825122420646E16, 2029.0, 2010.0);


INSERT INTO StarRep (System_id,cluster_id,distance_clust_virt_centre,luminosity,no_planets_allowed,angle_in_radians_s,star_color,star_type,star_size)  VALUES ('U2029V2010', 'U2029V2010_0', 8.752941176470589E10, 140952.07549251063, 'F', 36.0, 'blue.mains', 'o8', 5.166666666666667);


INSERT INTO StarRep (System_id,cluster_id,distance_clust_virt_centre,luminosity,no_planets_allowed,angle_in_radians_s,star_color,star_type,star_size)  VALUES ('U2029V2010', 'U2029V2010_0', 6.073469387755102E10, 0.21502055898102346, 'F', 6.0, 'orng.mains', 'k4', 1.126);


INSERT INTO StarRep (System_id,cluster_id,distance_clust_virt_centre,luminosity,no_planets_allowed,angle_in_radians_s,star_color,star_type,star_size)  VALUES ('U2029V2010', 'U2029V2010_0', 4.251428571428571E11, 2.32, 'F', 3.0, 'pyel.mains', 'f6', 39.6);


INSERT INTO StarRep (System_id,cluster_id,distance_clust_virt_centre,luminosity,no_planets_allowed,angle_in_radians_s,star_color,star_type,star_size)  VALUES ('U2029V2010', 'U2029V2010_2', 3.1326315789473682E10, 2.32, 'F', 266.0, 'pyel.mains', 'f6', 39.6);


INSERT INTO ClusterRep (System_id,distance_sys_virt_centre,planetsAllowed,cluster_id,angle_in_radians,cluster_description,number_stars_in_cluster)  VALUES ('U2029V2010', 1.7505882352941177E11, 'F', 'U2029V2010_2', 1.4835298641951802, 'Cluster Number: 2 THREESTAR_TRINARY', 1);


INSERT INTO SystemRep (System_id, distance_to_galaxy_centre, ucoordinate, vcoordinate) VALUES ('U2023V2019', 3.402314391602046E16, 2023.0, 2019.0);


INSERT INTO StarRep (System_id,cluster_id,distance_clust_virt_centre,luminosity,no_planets_allowed,angle_in_radians_s,star_color,star_type,star_size)  VALUES ('U2023V2019', 'U2023V2019_0', 3.629268292682927E10, 0.2157842793818241, 'F', 217.0, 'orng.mains', 'k4', 1.126);


INSERT INTO ClusterRep (System_id,distance_sys_virt_centre,planetsAllowed,cluster_id,angle_in_radians,cluster_description,number_stars_in_cluster)  VALUES ('U2023V2019', 8.502857142857143E10, 'T', 'U2023V2019_0', 5.8468529941810035, 'Cluster Number: 0 SINGLESTAR', 1);


INSERT INTO SystemRep (System_id, distance_to_galaxy_centre, ucoordinate, vcoordinate) VALUES ('U2023V2018', 3.401473589450972E16, 2023.0, 2018.0);


INSERT INTO StarRep (System_id,cluster_id,distance_clust_virt_centre,luminosity,no_planets_allowed,angle_in_radians_s,star_color,star_type,star_size)  VALUES ('U2023V2018', 'U2023V2018_0', 4.0767123287671234E10, 2.8E-5, 'F', 18.0, 'red_.dwarf', 'dm', 0.6413333333333334);


INSERT INTO ClusterRep (System_id,distance_sys_virt_centre,planetsAllowed,cluster_id,angle_in_radians,cluster_description,number_stars_in_cluster)  VALUES ('U2023V2018', 1.984E12, 'T', 'U2023V2018_0', 3.787364476827695, 'Cluster Number: 0 SINGLESTAR', 1);


INSERT INTO SystemRep (System_id, distance_to_galaxy_centre, ucoordinate, vcoordinate) VALUES ('U2023V2017', 3.4006329961151172E16, 2023.0, 2017.0);


INSERT INTO StarRep (System_id,cluster_id,distance_clust_virt_centre,luminosity,no_planets_allowed,angle_in_radians_s,star_color,star_type,star_size)  VALUES ('U2023V2017', 'U2023V2017_0', 4.021621621621622E10, 0.21480405614341141, 'F', 58.0, 'orng.mains', 'k4', 1.126);


INSERT INTO ClusterRep (System_id,distance_sys_virt_centre,planetsAllowed,cluster_id,angle_in_radians,cluster_description,number_stars_in_cluster)  VALUES ('U2023V2017', 7.936E10, 'T', 'U2023V2017_0', 2.949606435870417, 'Cluster Number: 0 SINGLESTAR', 1);


INSERT INTO SystemRep (System_id, distance_to_galaxy_centre, ucoordinate, vcoordinate) VALUES ('U2023V2016', 3.3997926117493696E16, 2023.0, 2016.0);


INSERT INTO StarRep (System_id,cluster_id,distance_clust_virt_centre,luminosity,no_planets_allowed,angle_in_radians_s,star_color,star_type,star_size)  VALUES ('U2023V2016', 'U2023V2016_0', 3.72E11, 1.2, 'F', 284.0, 'yelo.mains', 'g0', 42.0);


INSERT INTO ClusterRep (System_id,distance_sys_virt_centre,planetsAllowed,cluster_id,angle_in_radians,cluster_description,number_stars_in_cluster)  VALUES ('U2023V2016', 3.306666666666667E11, 'T', 'U2023V2016_0', 3.2288591161895095, 'Cluster Number: 0 SINGLESTAR', 1);


INSERT INTO SystemRep (System_id, distance_to_galaxy_centre, ucoordinate, vcoordinate) VALUES ('U2023V2015', 3.398952436508731E16, 2023.0, 2015.0);


INSERT INTO StarRep (System_id,cluster_id,distance_clust_virt_centre,luminosity,no_planets_allowed,angle_in_radians_s,star_color,star_type,star_size)  VALUES ('U2023V2015', 'U2023V2015_0', 4.1915492957746475E10, 2.32, 'F', 338.0, 'pyel.mains', 'f6', 39.6);


INSERT INTO ClusterRep (System_id,distance_sys_virt_centre,planetsAllowed,cluster_id,angle_in_radians,cluster_description,number_stars_in_cluster)  VALUES ('U2023V2015', 2.0524137931034482E11, 'T', 'U2023V2015_0', 4.642575810304916, 'Cluster Number: 0 SINGLESTAR', 1);


INSERT INTO SystemRep (System_id, distance_to_galaxy_centre, ucoordinate, vcoordinate) VALUES ('U2023V2014', 3.3981124705483188E16, 2023.0, 2014.0);


INSERT INTO StarRep (System_id,cluster_id,distance_clust_virt_centre,luminosity,no_planets_allowed,angle_in_radians_s,star_color,star_type,star_size)  VALUES ('U2023V2014', 'U2023V2014_0', 7.44E11, 1.1986424767805914, 'F', 205.0, 'yelo.mains', 'g0', 42.0);


INSERT INTO ClusterRep (System_id,distance_sys_virt_centre,planetsAllowed,cluster_id,angle_in_radians,cluster_description,number_stars_in_cluster)  VALUES ('U2023V2014', 8.383098591549295E10, 'T', 'U2023V2014_0', 4.921828490624009, 'Cluster Number: 0 SINGLESTAR', 1);


INSERT INTO SystemRep (System_id, distance_to_galaxy_centre, ucoordinate, vcoordinate) VALUES ('U2023V2013', 3.397272714023365E16, 2023.0, 2013.0);


INSERT INTO StarRep (System_id,cluster_id,distance_clust_virt_centre,luminosity,no_planets_allowed,angle_in_radians_s,star_color,star_type,star_size)  VALUES ('U2023V2013', 'U2023V2013_0', 7.83157894736842E10, 0.0904559023897088, 'F', 111.0, 'red_.mains', 'm0', 1.255);


INSERT INTO ClusterRep (System_id,distance_sys_virt_centre,planetsAllowed,cluster_id,angle_in_radians,cluster_description,number_stars_in_cluster)  VALUES ('U2023V2013', 6.920930232558139E10, 'T', 'U2023V2013_0', 4.363323129985823, 'Cluster Number: 0 SINGLESTAR', 1);


INSERT INTO SystemRep (System_id, distance_to_galaxy_centre, ucoordinate, vcoordinate) VALUES ('U2023V2012', 3.3964331670892156E16, 2023.0, 2012.0);


INSERT INTO StarRep (System_id,cluster_id,distance_clust_virt_centre,luminosity,no_planets_allowed,angle_in_radians_s,star_color,star_type,star_size)  VALUES ('U2023V2012', 'U2023V2012_0', 1.488E12, 0.0466, 'F', 165.0, 'red_.mains', 'm3', 0.09316666666666662);


INSERT INTO ClusterRep (System_id,distance_sys_virt_centre,planetsAllowed,cluster_id,angle_in_radians,cluster_description,number_stars_in_cluster)  VALUES ('U2023V2012', 6.136082474226804E10, 'T', 'U2023V2012_0', 5.777039824101231, 'Cluster Number: 0 SINGLESTAR', 1);


INSERT INTO SystemRep (System_id, distance_to_galaxy_centre, ucoordinate, vcoordinate) VALUES ('U2023V2011', 3.3955938299013324E16, 2023.0, 2011.0);


INSERT INTO SystemRep (System_id, distance_to_galaxy_centre, ucoordinate, vcoordinate) VALUES ('U2023V2010', 3.394754702615292E16, 2023.0, 2010.0);


INSERT INTO StarRep (System_id,cluster_id,distance_clust_virt_centre,luminosity,no_planets_allowed,angle_in_radians_s,star_color,star_type,star_size)  VALUES ('U2023V2010', 'U2023V2010_0', 4.1915492957746475E10, 0.0276, 'F', 59.0, 'red_.mains', 'm5', 0.10750000000000004);


INSERT INTO ClusterRep (System_id,distance_sys_virt_centre,planetsAllowed,cluster_id,angle_in_radians,cluster_description,number_stars_in_cluster)  VALUES ('U2023V2010', 6.613333333333334E11, 'T', 'U2023V2010_0', 0.715584993317675, 'Cluster Number: 0 SINGLESTAR', 1);


INSERT INTO SystemRep (System_id, distance_to_galaxy_centre, ucoordinate, vcoordinate) VALUES ('U2028V2009', 3.3981416612316796E16, 2028.0, 2009.0);


INSERT INTO StarRep (System_id,cluster_id,distance_clust_virt_centre,luminosity,no_planets_allowed,angle_in_radians_s,star_color,star_type,star_size)  VALUES ('U2028V2009', 'U2028V2009_0', 1.0628571428571428E11, 0.02755259353767987, 'F', 142.0, 'red_.mains', 'm5', 0.10750000000000004);


INSERT INTO ClusterRep (System_id,distance_sys_virt_centre,planetsAllowed,cluster_id,angle_in_radians,cluster_description,number_stars_in_cluster)  VALUES ('U2028V2009', 1.6086486486486487E11, 'T', 'U2028V2009_0', 5.288347633542818, 'Cluster Number: 0 SINGLESTAR', 1);


INSERT INTO SystemRep (System_id, distance_to_galaxy_centre, ucoordinate, vcoordinate) VALUES ('U2028V2008', 3.3973039974767756E16, 2028.0, 2008.0);


INSERT INTO SystemRep (System_id, distance_to_galaxy_centre, ucoordinate, vcoordinate) VALUES ('U2028V2007', 3.3964665443441776E16, 2028.0, 2007.0);


INSERT INTO StarRep (System_id,cluster_id,distance_clust_virt_centre,luminosity,no_planets_allowed,angle_in_radians_s,star_color,star_type,star_size)  VALUES ('U2028V2007', 'U2028V2007_0', 9.92E10, 2.3098407485482633, 'F', 182.0, 'pyel.mains', 'f6', 39.6);


INSERT INTO ClusterRep (System_id,distance_sys_virt_centre,planetsAllowed,cluster_id,angle_in_radians,cluster_description,number_stars_in_cluster)  VALUES ('U2028V2007', 5.410909090909091E11, 'T', 'U2028V2007_0', 4.4505895925855405, 'Cluster Number: 0 SINGLESTAR', 1);


INSERT INTO SystemRep (System_id, distance_to_galaxy_centre, ucoordinate, vcoordinate) VALUES ('U2028V2006', 3.3956293019897212E16, 2028.0, 2006.0);


INSERT INTO StarRep (System_id,cluster_id,distance_clust_virt_centre,luminosity,no_planets_allowed,angle_in_radians_s,star_color,star_type,star_size)  VALUES ('U2028V2006', 'U2028V2006_0', 4.0767123287671234E10, 0.01331988402080316, 'F', 157.0, 'red_.mains', 'm7', 0.12183333333333335);


INSERT INTO ClusterRep (System_id,distance_sys_virt_centre,planetsAllowed,cluster_id,angle_in_radians,cluster_description,number_stars_in_cluster)  VALUES ('U2028V2006', 4.96E11, 'T', 'U2028V2006_0', 2.6179938779914944, 'Cluster Number: 0 SINGLESTAR', 1);


INSERT INTO SystemRep (System_id, distance_to_galaxy_centre, ucoordinate, vcoordinate) VALUES ('U2028V2005', 3.394792270569355E16, 2028.0, 2005.0);


INSERT INTO StarRep (System_id,cluster_id,distance_clust_virt_centre,luminosity,no_planets_allowed,angle_in_radians_s,star_color,star_type,star_size)  VALUES ('U2028V2005', 'U2028V2005_0', 4.96E11, 0.0734, 'F', 24.0, 'red_.mains', 'm1', 0.07883333333333331);


INSERT INTO ClusterRep (System_id,distance_sys_virt_centre,planetsAllowed,cluster_id,angle_in_radians,cluster_description,number_stars_in_cluster)  VALUES ('U2028V2005', 1.1022222222222223E11, 'T', 'U2028V2005_0', 2.897246558310587, 'Cluster Number: 0 SINGLESTAR', 1);


INSERT INTO SystemRep (System_id, distance_to_galaxy_centre, ucoordinate, vcoordinate) VALUES ('U2028V2004', 3.3939554502391452E16, 2028.0, 2004.0);


INSERT INTO StarRep (System_id,cluster_id,distance_clust_virt_centre,luminosity,no_planets_allowed,angle_in_radians_s,star_color,star_type,star_size)  VALUES ('U2028V2004', 'U2028V2004_0', 3.72E11, 495.0, 'F', 64.0, 'ltbl.mains', 'b8', 28.8);


INSERT INTO ClusterRep (System_id,distance_sys_virt_centre,planetsAllowed,cluster_id,angle_in_radians,cluster_description,number_stars_in_cluster)  VALUES ('U2028V2004', 2.1257142857142856E11, 'T', 'U2028V2004_0', 2.0420352248333655, 'Cluster Number: 0 SINGLESTAR', 1);


INSERT INTO SystemRep (System_id, distance_to_galaxy_centre, ucoordinate, vcoordinate) VALUES ('U2028V2003', 3.3931188411552696E16, 2028.0, 2003.0);


INSERT INTO SystemRep (System_id, distance_to_galaxy_centre, ucoordinate, vcoordinate) VALUES ('U2028V2002', 3.3922824434740216E16, 2028.0, 2002.0);


INSERT INTO StarRep (System_id,cluster_id,distance_clust_virt_centre,luminosity,no_planets_allowed,angle_in_radians_s,star_color,star_type,star_size)  VALUES ('U2028V2002', 'U2028V2002_0', 8.043243243243243E10, 2.8E-5, 'F', 211.0, 'red_.dwarf', 'dm', 0.6413333333333334);


INSERT INTO ClusterRep (System_id,distance_sys_virt_centre,planetsAllowed,cluster_id,angle_in_radians,cluster_description,number_stars_in_cluster)  VALUES ('U2028V2002', 2.5878260869565216E11, 'T', 'U2028V2002_0', 4.031710572106902, 'Cluster Number: 0 SINGLESTAR', 1);


INSERT INTO SystemRep (System_id, distance_to_galaxy_centre, ucoordinate, vcoordinate) VALUES ('U2028V2001', 3.39144625735181E16, 2028.0, 2001.0);


INSERT INTO StarRep (System_id,cluster_id,distance_clust_virt_centre,luminosity,no_planets_allowed,angle_in_radians_s,star_color,star_type,star_size)  VALUES ('U2028V2001', 'U2028V2001_0', 7.83157894736842E10, 0.21578863903698306, 'F', 251.0, 'orng.mains', 'k4', 1.126);


INSERT INTO ClusterRep (System_id,distance_sys_virt_centre,planetsAllowed,cluster_id,angle_in_radians,cluster_description,number_stars_in_cluster)  VALUES ('U2028V2001', 6.2E10, 'T', 'U2028V2001_0', 3.1764992386296798, 'Cluster Number: 0 SINGLESTAR', 1);


INSERT INTO SystemRep (System_id, distance_to_galaxy_centre, ucoordinate, vcoordinate) VALUES ('U2028V2000', 3.3906102829451572E16, 2028.0, 2000.0);


INSERT INTO StarRep (System_id,cluster_id,distance_clust_virt_centre,luminosity,no_planets_allowed,angle_in_radians_s,star_color,star_type,star_size)  VALUES ('U2028V2000', 'U2028V2000_0', 4.1915492957746475E10, 1.0, 'F', 117.0, 'yelo.mains', 'g2', 43.199999999999996);


INSERT INTO ClusterRep (System_id,distance_sys_virt_centre,planetsAllowed,cluster_id,angle_in_radians,cluster_description,number_stars_in_cluster)  VALUES ('U2028V2000', 1.526153846153846E11, 'T', 'U2028V2000_0', 3.455751918948773, 'Cluster Number: 0 SINGLESTAR', 1);


INSERT INTO SystemRep (System_id, distance_to_galaxy_centre, ucoordinate, vcoordinate) VALUES ('U2024V2009', 3.394760546546563E16, 2024.0, 2009.0);


INSERT INTO SystemRep (System_id, distance_to_galaxy_centre, ucoordinate, vcoordinate) VALUES ('U2024V2008', 3.3939220482890292E16, 2024.0, 2008.0);


INSERT INTO SystemRep (System_id, distance_to_galaxy_centre, ucoordinate, vcoordinate) VALUES ('U2024V2007', 3.3930837604515452E16, 2024.0, 2007.0);


INSERT INTO StarRep (System_id,cluster_id,distance_clust_virt_centre,luminosity,no_planets_allowed,angle_in_radians_s,star_color,star_type,star_size)  VALUES ('U2024V2007', 'U2024V2007_0', 1.566315789473684E11, 2.32, 'F', 163.0, 'pyel.mains', 'f6', 39.6);


INSERT INTO ClusterRep (System_id,distance_sys_virt_centre,planetsAllowed,cluster_id,angle_in_radians,cluster_description,number_stars_in_cluster)  VALUES ('U2024V2007', 1.0088135593220338E11, 'T', 'U2024V2007_0', 4.4331363000655974, 'Cluster Number: 0 SINGLESTAR', 1);


INSERT INTO SystemRep (System_id, distance_to_galaxy_centre, ucoordinate, vcoordinate) VALUES ('U2024V2006', 3.3922456831901076E16, 2024.0, 2006.0);


INSERT INTO StarRep (System_id,cluster_id,distance_clust_virt_centre,luminosity,no_planets_allowed,angle_in_radians_s,star_color,star_type,star_size)  VALUES ('U2024V2006', 'U2024V2006_0', 1.417142857142857E11, 126000.0, 'F', 203.0, 'blue.subgi', 'o8', 27.333333333333336);


INSERT INTO ClusterRep (System_id,distance_sys_virt_centre,planetsAllowed,cluster_id,angle_in_radians,cluster_description,number_stars_in_cluster)  VALUES ('U2024V2006', 1.8036363636363635E11, 'T', 'U2024V2006_0', 3.5779249665883754, 'Cluster Number: 0 SINGLESTAR', 1);


INSERT INTO SystemRep (System_id, distance_to_galaxy_centre, ucoordinate, vcoordinate) VALUES ('U2024V2005', 3.391407816660827E16, 2024.0, 2005.0);


INSERT INTO StarRep (System_id,cluster_id,distance_clust_virt_centre,luminosity,no_planets_allowed,angle_in_radians_s,star_color,star_type,star_size)  VALUES ('U2024V2005', 'U2024V2005_0', 5.615094339622642E10, 0.04614496468862965, 'F', 70.0, 'red_.mains', 'm3', 0.09316666666666662);


INSERT INTO ClusterRep (System_id,distance_sys_virt_centre,planetsAllowed,cluster_id,angle_in_radians,cluster_description,number_stars_in_cluster)  VALUES ('U2024V2005', 7.936E10, 'T', 'U2024V2005_0', 3.8571776469074686, 'Cluster Number: 0 SINGLESTAR', 1);


INSERT INTO SystemRep (System_id, distance_to_galaxy_centre, ucoordinate, vcoordinate) VALUES ('U2024V2004', 3.3905701610199308E16, 2024.0, 2004.0);


INSERT INTO StarRep (System_id,cluster_id,distance_clust_virt_centre,luminosity,no_planets_allowed,angle_in_radians_s,star_color,star_type,star_size)  VALUES ('U2024V2004', 'U2024V2004_0', 1.7505882352941177E11, 0.3939263052012813, 'F', 123.0, 'red_.mains', 'm9', 0.13616666666666666);


INSERT INTO ClusterRep (System_id,distance_sys_virt_centre,planetsAllowed,cluster_id,angle_in_radians,cluster_description,number_stars_in_cluster)  VALUES ('U2024V2004', 7.002352941176471E10, 'T', 'U2024V2004_0', 5.270894341022875, 'Cluster Number: 0 SINGLESTAR', 1);


INSERT INTO SystemRep (System_id, distance_to_galaxy_centre, ucoordinate, vcoordinate) VALUES ('U2024V2003', 3.3897327164237596E16, 2024.0, 2003.0);


INSERT INTO StarRep (System_id,cluster_id,distance_clust_virt_centre,luminosity,no_planets_allowed,angle_in_radians_s,star_color,star_type,star_size)  VALUES ('U2024V2003', 'U2024V2003_0', 6.073469387755102E10, 0.216, 'F', 350.0, 'orng.mains', 'k4', 1.126);


INSERT INTO ClusterRep (System_id,distance_sys_virt_centre,planetsAllowed,cluster_id,angle_in_radians,cluster_description,number_stars_in_cluster)  VALUES ('U2024V2003', 2.1257142857142856E11, 'T', 'U2024V2003_0', 5.550147021341968, 'Cluster Number: 0 SINGLESTAR', 1);


INSERT INTO SystemRep (System_id, distance_to_galaxy_centre, ucoordinate, vcoordinate) VALUES ('U2024V2002', 3.38889548302877E16, 2024.0, 2002.0);


INSERT INTO StarRep (System_id,cluster_id,distance_clust_virt_centre,luminosity,no_planets_allowed,angle_in_radians_s,star_color,star_type,star_size)  VALUES ('U2024V2002', 'U2024V2002_0', 3.542857142857143E10, 2.6E-5, 'F', 257.0, 'red_.dwarf', 'dm', 0.676);


INSERT INTO ClusterRep (System_id,distance_sys_virt_centre,planetsAllowed,cluster_id,angle_in_radians,cluster_description,number_stars_in_cluster)  VALUES ('U2024V2002', 1.3527272727272728E11, 'T', 'U2024V2002_0', 4.991641660703783, 'Cluster Number: 0 SINGLESTAR', 1);


INSERT INTO SystemRep (System_id, distance_to_galaxy_centre, ucoordinate, vcoordinate) VALUES ('U2024V2001', 3.3880584609915336E16, 2024.0, 2001.0);


INSERT INTO StarRep (System_id,cluster_id,distance_clust_virt_centre,luminosity,no_planets_allowed,angle_in_radians_s,star_color,star_type,star_size)  VALUES ('U2024V2001', 'U2024V2001_0', 6.2E10, 60.0, 'F', 310.0, 'whit.mains', 'a2', 31.200000000000003);


INSERT INTO ClusterRep (System_id,distance_sys_virt_centre,planetsAllowed,cluster_id,angle_in_radians,cluster_description,number_stars_in_cluster)  VALUES ('U2024V2001', 1.1022222222222223E11, 'T', 'U2024V2001_0', 0.12217304763960307, 'Cluster Number: 0 SINGLESTAR', 1);


INSERT INTO SystemRep (System_id, distance_to_galaxy_centre, ucoordinate, vcoordinate) VALUES ('U2024V2000', 3.3872216504687376E16, 2024.0, 2000.0);


INSERT INTO StarRep (System_id,cluster_id,distance_clust_virt_centre,luminosity,no_planets_allowed,angle_in_radians_s,star_color,star_type,star_size)  VALUES ('U2024V2000', 'U2024V2000_0', 3.72E10, 2.7980300368036555E-5, 'F', 177.0, 'red_.dwarf', 'dm', 0.6413333333333334);


INSERT INTO ClusterRep (System_id,distance_sys_virt_centre,planetsAllowed,cluster_id,angle_in_radians,cluster_description,number_stars_in_cluster)  VALUES ('U2024V2000', 6.2E10, 'T', 'U2024V2000_0', 0.40142572795869574, 'Cluster Number: 0 SINGLESTAR', 1);


INSERT INTO SystemRep (System_id, distance_to_galaxy_centre, ucoordinate, vcoordinate) VALUES ('U2020V2009', 3.3913827464102252E16, 2020.0, 2009.0);


INSERT INTO StarRep (System_id,cluster_id,distance_clust_virt_centre,luminosity,no_planets_allowed,angle_in_radians_s,star_color,star_type,star_size)  VALUES ('U2020V2009', 'U2020V2009_0', 4.021621621621622E10, 0.09079822814189754, 'F', 278.0, 'red_.mains', 'm0', 1.255);


INSERT INTO ClusterRep (System_id,distance_sys_virt_centre,planetsAllowed,cluster_id,angle_in_radians,cluster_description,number_stars_in_cluster)  VALUES ('U2020V2009', 9.018181818181818E10, 'T', 'U2020V2009_0', 4.118977034706617, 'Cluster Number: 0 SINGLESTAR', 1);


INSERT INTO SystemRep (System_id, distance_to_galaxy_centre, ucoordinate, vcoordinate) VALUES ('U2020V2008', 3.390543412806012E16, 2020.0, 2008.0);


INSERT INTO StarRep (System_id,cluster_id,distance_clust_virt_centre,luminosity,no_planets_allowed,angle_in_radians_s,star_color,star_type,star_size)  VALUES ('U2020V2008', 'U2020V2008_0', 7.83157894736842E10, 0.04619767851081636, 'F', 332.0, 'red_.mains', 'm3', 0.09316666666666662);


INSERT INTO ClusterRep (System_id,distance_sys_virt_centre,planetsAllowed,cluster_id,angle_in_radians,cluster_description,number_stars_in_cluster)  VALUES ('U2020V2008', 7.83157894736842E10, 'T', 'U2020V2008_0', 5.532693728822025, 'Cluster Number: 0 SINGLESTAR', 1);


INSERT INTO SystemRep (System_id, distance_to_galaxy_centre, ucoordinate, vcoordinate) VALUES ('U2020V2007', 3.389704289418155E16, 2020.0, 2007.0);


INSERT INTO SystemRep (System_id, distance_to_galaxy_centre, ucoordinate, vcoordinate) VALUES ('U2020V2006', 3.38886537640281E16, 2020.0, 2006.0);


INSERT INTO StarRep (System_id,cluster_id,distance_clust_virt_centre,luminosity,no_planets_allowed,angle_in_radians_s,star_color,star_type,star_size)  VALUES ('U2020V2006', 'U2020V2006_0', 4.0767123287671234E10, 70.0, 'F', 238.0, 'yelo.gi.i ', 'g4', 4.293333333333333);


INSERT INTO ClusterRep (System_id,distance_sys_virt_centre,planetsAllowed,cluster_id,angle_in_radians,cluster_description,number_stars_in_cluster)  VALUES ('U2020V2006', 6.469565217391304E10, 'T', 'U2020V2006_0', 4.97418836818384, 'Cluster Number: 0 SINGLESTAR', 1);


INSERT INTO SystemRep (System_id, distance_to_galaxy_centre, ucoordinate, vcoordinate) VALUES ('U2020V2005', 3.388026673916249E16, 2020.0, 2005.0);


INSERT INTO StarRep (System_id,cluster_id,distance_clust_virt_centre,luminosity,no_planets_allowed,angle_in_radians_s,star_color,star_type,star_size)  VALUES ('U2020V2005', 'U2020V2005_0', 4.96E11, 2.95E-5, 'F', 105.0, 'red_.dwarf', 'dm', 0.6153333333333334);


INSERT INTO ClusterRep (System_id,distance_sys_virt_centre,planetsAllowed,cluster_id,angle_in_radians,cluster_description,number_stars_in_cluster)  VALUES ('U2020V2005', 1.7005714285714285E11, 'T', 'U2020V2005_0', 5.253441048502932, 'Cluster Number: 0 SINGLESTAR', 1);


INSERT INTO SystemRep (System_id, distance_to_galaxy_centre, ucoordinate, vcoordinate) VALUES ('U2020V2004', 3.3871881821148584E16, 2020.0, 2004.0);


INSERT INTO StarRep (System_id,cluster_id,distance_clust_virt_centre,luminosity,no_planets_allowed,angle_in_radians_s,star_color,star_type,star_size)  VALUES ('U2020V2004', 'U2020V2004_0', 1.2939130434782608E11, 0.16166709755595926, 'F', 103.0, 'orng.mains', 'k6', 1.169);


INSERT INTO ClusterRep (System_id,distance_sys_virt_centre,planetsAllowed,cluster_id,angle_in_radians,cluster_description,number_stars_in_cluster)  VALUES ('U2020V2004', 6.2E10, 'T', 'U2020V2004_0', 3.9095375244672983, 'Cluster Number: 0 SINGLESTAR', 1);


INSERT INTO SystemRep (System_id, distance_to_galaxy_centre, ucoordinate, vcoordinate) VALUES ('U2020V2003', 3.386349901155142E16, 2020.0, 2003.0);


INSERT INTO StarRep (System_id,cluster_id,distance_clust_virt_centre,luminosity,no_planets_allowed,angle_in_radians_s,star_color,star_type,star_size)  VALUES ('U2020V2003', 'U2020V2003_0', 5.410909090909091E10, 2.32, 'F', 330.0, 'pyel.mains', 'f6', 39.6);


INSERT INTO ClusterRep (System_id,distance_sys_virt_centre,planetsAllowed,cluster_id,angle_in_radians,cluster_description,number_stars_in_cluster)  VALUES ('U2020V2003', 1.526153846153846E11, 'T', 'U2020V2003_0', 4.1887902047863905, 'Cluster Number: 0 SINGLESTAR', 1);


INSERT INTO SystemRep (System_id, distance_to_galaxy_centre, ucoordinate, vcoordinate) VALUES ('U2020V2002', 3.3855118311937176E16, 2020.0, 2002.0);


INSERT INTO StarRep (System_id,cluster_id,distance_clust_virt_centre,luminosity,no_planets_allowed,angle_in_radians_s,star_color,star_type,star_size)  VALUES ('U2020V2002', 'U2020V2002_0', 5.2210526315789474E10, 0.0096, 'F', 10.0, 'red_.mains', 'm9', 0.13616666666666666);


INSERT INTO ClusterRep (System_id,distance_sys_virt_centre,planetsAllowed,cluster_id,angle_in_radians,cluster_description,number_stars_in_cluster)  VALUES ('U2020V2002', 4.578461538461539E11, 'T', 'U2020V2002_0', 3.3510321638291125, 'Cluster Number: 0 SINGLESTAR', 1);


INSERT INTO SystemRep (System_id, distance_to_galaxy_centre, ucoordinate, vcoordinate) VALUES ('U2020V2001', 3.38467397238732E16, 2020.0, 2001.0);


INSERT INTO StarRep (System_id,cluster_id,distance_clust_virt_centre,luminosity,no_planets_allowed,angle_in_radians_s,star_color,star_type,star_size)  VALUES ('U2020V2001', 'U2020V2001_0', 3.343820224719101E10, 0.0466, 'F', 237.0, 'red_.mains', 'm3', 0.09316666666666662);


INSERT INTO ClusterRep (System_id,distance_sys_virt_centre,planetsAllowed,cluster_id,angle_in_radians,cluster_description,number_stars_in_cluster)  VALUES ('U2020V2001', 1.1022222222222223E11, 'T', 'U2020V2001_0', 3.6302848441482056, 'Cluster Number: 0 SINGLESTAR', 1);


INSERT INTO SystemRep (System_id, distance_to_galaxy_centre, ucoordinate, vcoordinate) VALUES ('U2020V2000', 3.3838363248927984E16, 2020.0, 2000.0);


INSERT INTO StarRep (System_id,cluster_id,distance_clust_virt_centre,luminosity,no_planets_allowed,angle_in_radians_s,star_color,star_type,star_size)  VALUES ('U2020V2000', 'U2020V2000_0', 1.566315789473684E11, 0.0466, 'F', 105.0, 'red_.mains', 'm3', 0.09316666666666662);


INSERT INTO ClusterRep (System_id,distance_sys_virt_centre,planetsAllowed,cluster_id,angle_in_radians,cluster_description,number_stars_in_cluster)  VALUES ('U2020V2000', 1.984E11, 'T', 'U2020V2000_0', 1.6755160819145563, 'Cluster Number: 0 SINGLESTAR', 1);


INSERT INTO SystemRep (System_id, distance_to_galaxy_centre, ucoordinate, vcoordinate) VALUES ('U2037V2009', 3.405761236944246E16, 2037.0, 2009.0);


INSERT INTO StarRep (System_id,cluster_id,distance_clust_virt_centre,luminosity,no_planets_allowed,angle_in_radians_s,star_color,star_type,star_size)  VALUES ('U2037V2009', 'U2037V2009_0', 6.763636363636364E10, 0.21445246871243837, 'F', 63.0, 'orng.mains', 'k4', 1.126);


INSERT INTO StarRep (System_id,cluster_id,distance_clust_virt_centre,luminosity,no_planets_allowed,angle_in_radians_s,star_color,star_type,star_size)  VALUES ('U2037V2009', 'U2037V2009_0', 3.674074074074074E10, 1.1972948038591782, 'F', 22.0, 'yelo.mains', 'g0', 42.0);


INSERT INTO ClusterRep (System_id,distance_sys_virt_centre,planetsAllowed,cluster_id,angle_in_radians,cluster_description,number_stars_in_cluster)  VALUES ('U2037V2009', 3.1E12, 'T', 'U2037V2009_1', 0.09778219175153345, 'Cluster Number: 1 THREESTAR_BINARYPLUSONE', 0);


INSERT INTO SystemRep (System_id, distance_to_galaxy_centre, ucoordinate, vcoordinate) VALUES ('U2037V2008', 3.4049254477220612E16, 2037.0, 2008.0);


INSERT INTO StarRep (System_id,cluster_id,distance_clust_virt_centre,luminosity,no_planets_allowed,angle_in_radians_s,star_color,star_type,star_size)  VALUES ('U2037V2008', 'U2037V2008_0', 6.469565217391304E10, 13.5, 'F', 103.0, 'whit.mains', 'a7', 34.199999999999996);


INSERT INTO StarRep (System_id,cluster_id,distance_clust_virt_centre,luminosity,no_planets_allowed,angle_in_radians_s,star_color,star_type,star_size)  VALUES ('U2037V2008', 'U2037V2008_0', 1.6533333333333334E11, 2.5981373089684117E-5, 'F', 18.0, 'red_.dwarf', 'dm', 0.676);


INSERT INTO ClusterRep (System_id,distance_sys_virt_centre,planetsAllowed,cluster_id,angle_in_radians,cluster_description,number_stars_in_cluster)  VALUES ('U2037V2008', 3.2736E12, 'T', 'U2037V2008_1', 0.036554090374405025, 'Cluster Number: 1 THREESTAR_BINARYPLUSONE', 0);


INSERT INTO SystemRep (System_id, distance_to_galaxy_centre, ucoordinate, vcoordinate) VALUES ('U2037V2007', 3.404089869572024E16, 2037.0, 2007.0);


INSERT INTO StarRep (System_id,cluster_id,distance_clust_virt_centre,luminosity,no_planets_allowed,angle_in_radians_s,star_color,star_type,star_size)  VALUES ('U2037V2007', 'U2037V2007_0', 3.767088607594936E10, 2.598670582183481E-5, 'F', 330.0, 'red_.dwarf', 'dm', 0.676);


INSERT INTO StarRep (System_id,cluster_id,distance_clust_virt_centre,luminosity,no_planets_allowed,angle_in_radians_s,star_color,star_type,star_size)  VALUES ('U2037V2007', 'U2037V2007_0', 4.96E11, 0.28115366996531777, 'F', 19.0, 'orng.mains', 'k2', 1.0830000000000002);


INSERT INTO ClusterRep (System_id,distance_sys_virt_centre,planetsAllowed,cluster_id,angle_in_radians,cluster_description,number_stars_in_cluster)  VALUES ('U2037V2007', 3.105391304347826E12, 'T', 'U2037V2007_1', 0.020409367125709472, 'Cluster Number: 1 THREESTAR_BINARYPLUSONE', 0);


INSERT INTO SystemRep (System_id, distance_to_galaxy_centre, ucoordinate, vcoordinate) VALUES ('U2037V2006', 3.4032545026496036E16, 2037.0, 2006.0);


INSERT INTO StarRep (System_id,cluster_id,distance_clust_virt_centre,luminosity,no_planets_allowed,angle_in_radians_s,star_color,star_type,star_size)  VALUES ('U2037V2006', 'U2037V2006_0', 3.1326315789473682E10, 0.123, 'F', 328.0, 'orng.mains', 'k8', 1.2120000000000002);


INSERT INTO StarRep (System_id,cluster_id,distance_clust_virt_centre,luminosity,no_planets_allowed,angle_in_radians_s,star_color,star_type,star_size)  VALUES ('U2037V2006', 'U2037V2006_0', 8.502857142857143E10, 7407.700980766804, 'F', 339.0, 'yelo.sg.i ', 'g3', 27.500000000000004);


INSERT INTO StarRep (System_id,cluster_id,distance_clust_virt_centre,luminosity,no_planets_allowed,angle_in_radians_s,star_color,star_type,star_size)  VALUES ('U2037V2006', 'U2037V2006_0', 2.48E11, 0.045867225265419, 'F', 230.0, 'red_.mains', 'm3', 0.09316666666666662);


INSERT INTO StarRep (System_id,cluster_id,distance_clust_virt_centre,luminosity,no_planets_allowed,angle_in_radians_s,star_color,star_type,star_size)  VALUES ('U2037V2006', 'U2037V2006_2', 1.2939130434782608E11, 231.47735232617947, 'F', 131.0, 'orng.gi.i ', 'k3', 7.053333333333334);


INSERT INTO ClusterRep (System_id,distance_sys_virt_centre,planetsAllowed,cluster_id,angle_in_radians,cluster_description,number_stars_in_cluster)  VALUES ('U2037V2006', 1.1904E12, 'F', 'U2037V2006_2', 1.3788101090755203, 'Cluster Number: 2 THREESTAR_TRINARY', 1);


INSERT INTO SystemRep (System_id, distance_to_galaxy_centre, ucoordinate, vcoordinate) VALUES ('U2037V2005', 3.402419347110382E16, 2037.0, 2005.0);


INSERT INTO StarRep (System_id,cluster_id,distance_clust_virt_centre,luminosity,no_planets_allowed,angle_in_radians_s,star_color,star_type,star_size)  VALUES ('U2037V2005', 'U2037V2005_0', 9.92E10, 3.55E-5, 'F', 235.0, 'orng.dwarf', 'dk', 0.598);


INSERT INTO StarRep (System_id,cluster_id,distance_clust_virt_centre,luminosity,no_planets_allowed,angle_in_radians_s,star_color,star_type,star_size)  VALUES ('U2037V2005', 'U2037V2005_0', 4.96E10, 4.331359301603204, 'F', 336.0, 'pyel.mains', 'f3', 37.800000000000004);


INSERT INTO StarRep (System_id,cluster_id,distance_clust_virt_centre,luminosity,no_planets_allowed,angle_in_radians_s,star_color,star_type,star_size)  VALUES ('U2037V2005', 'U2037V2005_0', 4.0767123287671234E10, 140857.4878136185, 'F', 280.0, 'blue.mains', 'o8', 5.166666666666667);


INSERT INTO StarRep (System_id,cluster_id,distance_clust_virt_centre,luminosity,no_planets_allowed,angle_in_radians_s,star_color,star_type,star_size)  VALUES ('U2037V2005', 'U2037V2005_2', 3.72E11, 0.162, 'F', 340.0, 'orng.mains', 'k6', 1.169);


INSERT INTO ClusterRep (System_id,distance_sys_virt_centre,planetsAllowed,cluster_id,angle_in_radians,cluster_description,number_stars_in_cluster)  VALUES ('U2037V2005', 9.156923076923077E10, 'F', 'U2037V2005_2', 0.8203047484373349, 'Cluster Number: 2 THREESTAR_TRINARY', 1);


INSERT INTO SystemRep (System_id, distance_to_galaxy_centre, ucoordinate, vcoordinate) VALUES ('U2037V2004', 3.4015844031100564E16, 2037.0, 2004.0);


INSERT INTO SystemRep (System_id, distance_to_galaxy_centre, ucoordinate, vcoordinate) VALUES ('U2037V2003', 3.400749670804436E16, 2037.0, 2003.0);


INSERT INTO SystemRep (System_id, distance_to_galaxy_centre, ucoordinate, vcoordinate) VALUES ('U2037V2002', 3.3999151503494436E16, 2037.0, 2002.0);


INSERT INTO StarRep (System_id,cluster_id,distance_clust_virt_centre,luminosity,no_planets_allowed,angle_in_radians_s,star_color,star_type,star_size)  VALUES ('U2037V2002', 'U2037V2002_0', 4.723809523809524E10, 0.027329922911378944, 'F', 102.0, 'red_.mains', 'm5', 0.10750000000000004);


INSERT INTO StarRep (System_id,cluster_id,distance_clust_virt_centre,luminosity,no_planets_allowed,angle_in_radians_s,star_color,star_type,star_size)  VALUES ('U2037V2002', 'U2037V2002_0', 6.2E10, 0.07299591927328355, 'F', 337.0, 'red_.mains', 'm1', 0.07883333333333331);


INSERT INTO StarRep (System_id,cluster_id,distance_clust_virt_centre,luminosity,no_planets_allowed,angle_in_radians_s,star_color,star_type,star_size)  VALUES ('U2037V2002', 'U2037V2002_0', 3.234782608695652E10, 2.9488329106557476E-5, 'F', 75.0, 'red_.dwarf', 'dm', 0.6153333333333334);


INSERT INTO StarRep (System_id,cluster_id,distance_clust_virt_centre,luminosity,no_planets_allowed,angle_in_radians_s,star_color,star_type,star_size)  VALUES ('U2037V2002', 'U2037V2002_2', 1.86E11, 0.01334528735669992, 'F', 55.0, 'red_.mains', 'm7', 0.12183333333333335);


INSERT INTO ClusterRep (System_id,distance_sys_virt_centre,planetsAllowed,cluster_id,angle_in_radians,cluster_description,number_stars_in_cluster)  VALUES ('U2037V2002', 1.7005714285714285E11, 'F', 'U2037V2002_2', 1.0995574287564276, 'Cluster Number: 2 THREESTAR_TRINARY', 1);


INSERT INTO SystemRep (System_id, distance_to_galaxy_centre, ucoordinate, vcoordinate) VALUES ('U2037V2001', 3.399080841901116E16, 2037.0, 2001.0);


INSERT INTO StarRep (System_id,cluster_id,distance_clust_virt_centre,luminosity,no_planets_allowed,angle_in_radians_s,star_color,star_type,star_size)  VALUES ('U2037V2001', 'U2037V2001_0', 1.1022222222222223E11, 3.748689479967878E-5, 'F', 155.0, 'orng.dwarf', 'dk', 0.5633333333333334);


INSERT INTO StarRep (System_id,cluster_id,distance_clust_virt_centre,luminosity,no_planets_allowed,angle_in_radians_s,star_color,star_type,star_size)  VALUES ('U2037V2001', 'U2037V2001_0', 3.4604651162790695E10, 0.02745036354645309, 'F', 345.0, 'red_.mains', 'm5', 0.10750000000000004);


INSERT INTO StarRep (System_id,cluster_id,distance_clust_virt_centre,luminosity,no_planets_allowed,angle_in_radians_s,star_color,star_type,star_size)  VALUES ('U2037V2001', 'U2037V2001_0', 3.343820224719101E10, 0.0096, 'F', 130.0, 'red_.mains', 'm9', 0.13616666666666666);


INSERT INTO StarRep (System_id,cluster_id,distance_clust_virt_centre,luminosity,no_planets_allowed,angle_in_radians_s,star_color,star_type,star_size)  VALUES ('U2037V2001', 'U2037V2001_2', 5.723076923076923E10, 1.2, 'F', 73.0, 'yelo.mains', 'g0', 42.0);


INSERT INTO ClusterRep (System_id,distance_sys_virt_centre,planetsAllowed,cluster_id,angle_in_radians,cluster_description,number_stars_in_cluster)  VALUES ('U2037V2001', 7.171084337349397E10, 'F', 'U2037V2001_2', 2.5132741228718345, 'Cluster Number: 2 THREESTAR_TRINARY', 1);


INSERT INTO SystemRep (System_id, distance_to_galaxy_centre, ucoordinate, vcoordinate) VALUES ('U2037V2000', 3.3982467456156036E16, 2037.0, 2000.0);


INSERT INTO StarRep (System_id,cluster_id,distance_clust_virt_centre,luminosity,no_planets_allowed,angle_in_radians_s,star_color,star_type,star_size)  VALUES ('U2037V2000', 'U2037V2000_0', 5.044067796610169E10, 0.0276, 'F', 22.0, 'red_.mains', 'm5', 0.10750000000000004);


INSERT INTO StarRep (System_id,cluster_id,distance_clust_virt_centre,luminosity,no_planets_allowed,angle_in_radians_s,star_color,star_type,star_size)  VALUES ('U2037V2000', 'U2037V2000_0', 4.021621621621622E10, 493.14529694904087, 'F', 346.0, 'ltbl.mains', 'b8', 28.8);


INSERT INTO StarRep (System_id,cluster_id,distance_clust_virt_centre,luminosity,no_planets_allowed,angle_in_radians_s,star_color,star_type,star_size)  VALUES ('U2037V2000', 'U2037V2000_0', 3.306666666666667E11, 0.09069504712299414, 'F', 285.0, 'red_.mains', 'm0', 1.255);


INSERT INTO StarRep (System_id,cluster_id,distance_clust_virt_centre,luminosity,no_planets_allowed,angle_in_radians_s,star_color,star_type,star_size)  VALUES ('U2037V2000', 'U2037V2000_2', 5.044067796610169E10, 0.12216924648435316, 'F', 149.0, 'orng.mains', 'k8', 1.2120000000000002);


INSERT INTO ClusterRep (System_id,distance_sys_virt_centre,planetsAllowed,cluster_id,angle_in_radians,cluster_description,number_stars_in_cluster)  VALUES ('U2037V2000', 1.1230188679245284E11, 'F', 'U2037V2000_2', 2.792526803190927, 'Cluster Number: 2 THREESTAR_TRINARY', 1);


INSERT INTO SystemRep (System_id, distance_to_galaxy_centre, ucoordinate, vcoordinate) VALUES ('U2033V2009', 3.4023727006174972E16, 2033.0, 2009.0);


INSERT INTO StarRep (System_id,cluster_id,distance_clust_virt_centre,luminosity,no_planets_allowed,angle_in_radians_s,star_color,star_type,star_size)  VALUES ('U2033V2009', 'U2033V2009_0', 6.763636363636364E10, 3.749062161756544E-5, 'F', 144.0, 'orng.dwarf', 'dk', 0.5633333333333334);


INSERT INTO StarRep (System_id,cluster_id,distance_clust_virt_centre,luminosity,no_planets_allowed,angle_in_radians_s,star_color,star_type,star_size)  VALUES ('U2033V2009', 'U2033V2009_0', 3.1E10, 1490.0, 'F', 61.0, 'orng.gi.ii', 'k2', 19.2);


INSERT INTO StarRep (System_id,cluster_id,distance_clust_virt_centre,luminosity,no_planets_allowed,angle_in_radians_s,star_color,star_type,star_size)  VALUES ('U2033V2009', 'U2033V2009_0', 1.24E11, 89.71199513780603, 'F', 341.0, 'whit.mains', 'a0', 30.0);


INSERT INTO StarRep (System_id,cluster_id,distance_clust_virt_centre,luminosity,no_planets_allowed,angle_in_radians_s,star_color,star_type,star_size)  VALUES ('U2033V2009', 'U2033V2009_2', 4.509090909090909E10, 0.408, 'F', 184.0, 'yelo.mains', 'g9', 47.4);


INSERT INTO ClusterRep (System_id,distance_sys_virt_centre,planetsAllowed,cluster_id,angle_in_radians,cluster_description,number_stars_in_cluster)  VALUES ('U2033V2009', 4.578461538461539E11, 'F', 'U2033V2009_2', 5.654866776461628, 'Cluster Number: 2 THREESTAR_TRINARY', 1);


INSERT INTO SystemRep (System_id, distance_to_galaxy_centre, ucoordinate, vcoordinate) VALUES ('U2033V2008', 3.401536078800353E16, 2033.0, 2008.0);


INSERT INTO StarRep (System_id,cluster_id,distance_clust_virt_centre,luminosity,no_planets_allowed,angle_in_radians_s,star_color,star_type,star_size)  VALUES ('U2033V2008', 'U2033V2008_0', 7.258536585365854E10, 2.95E-5, 'F', 65.0, 'red_.dwarf', 'dm', 0.6153333333333334);


INSERT INTO StarRep (System_id,cluster_id,distance_clust_virt_centre,luminosity,no_planets_allowed,angle_in_radians_s,star_color,star_type,star_size)  VALUES ('U2033V2008', 'U2033V2008_0', 1.2939130434782608E11, 0.09058802032730255, 'F', 70.0, 'red_.mains', 'm0', 1.255);


INSERT INTO StarRep (System_id,cluster_id,distance_clust_virt_centre,luminosity,no_planets_allowed,angle_in_radians_s,star_color,star_type,star_size)  VALUES ('U2033V2008', 'U2033V2008_0', 7.44E10, 0.0096, 'F', 191.0, 'red_.mains', 'm9', 0.13616666666666666);


INSERT INTO StarRep (System_id,cluster_id,distance_clust_virt_centre,luminosity,no_planets_allowed,angle_in_radians_s,star_color,star_type,star_size)  VALUES ('U2033V2008', 'U2033V2008_2', 2.7054545454545456E11, 30.0, 'F', 277.0, 'whit.mains', 'a4', 32.4);


INSERT INTO ClusterRep (System_id,distance_sys_virt_centre,planetsAllowed,cluster_id,angle_in_radians,cluster_description,number_stars_in_cluster)  VALUES ('U2033V2008', 1.92E11, 'F', 'U2033V2008_2', 1.064650843716541, 'Cluster Number: 2 THREESTAR_TRINARY', 1);


INSERT INTO SystemRep (System_id, distance_to_galaxy_centre, ucoordinate, vcoordinate) VALUES ('U2036V2019', 3.413285339761257E16, 2036.0, 2019.0);


INSERT INTO SystemRep (System_id, distance_to_galaxy_centre, ucoordinate, vcoordinate) VALUES ('U2033V2007', 3.400699667856319E16, 2033.0, 2007.0);


INSERT INTO StarRep (System_id,cluster_id,distance_clust_virt_centre,luminosity,no_planets_allowed,angle_in_radians_s,star_color,star_type,star_size)  VALUES ('U2033V2007', 'U2033V2007_0', 7.085714285714285E10, 2.3193209158081856, 'F', 105.0, 'pyel.mains', 'f6', 39.6);


INSERT INTO StarRep (System_id,cluster_id,distance_clust_virt_centre,luminosity,no_planets_allowed,angle_in_radians_s,star_color,star_type,star_size)  VALUES ('U2033V2007', 'U2033V2007_0', 4.96E10, 2.32, 'F', 66.0, 'pyel.mains', 'f6', 39.6);


INSERT INTO StarRep (System_id,cluster_id,distance_clust_virt_centre,luminosity,no_planets_allowed,angle_in_radians_s,star_color,star_type,star_size)  VALUES ('U2033V2007', 'U2033V2007_0', 3.629268292682927E10, 0.21450516800287905, 'F', 86.0, 'orng.mains', 'k4', 1.126);


INSERT INTO StarRep (System_id,cluster_id,distance_clust_virt_centre,luminosity,no_planets_allowed,angle_in_radians_s,star_color,star_type,star_size)  VALUES ('U2033V2007', 'U2033V2007_2', 3.381818181818182E10, 1.2, 'F', 51.0, 'yelo.mains', 'g0', 42.0);


INSERT INTO ClusterRep (System_id,distance_sys_virt_centre,planetsAllowed,cluster_id,angle_in_radians,cluster_description,number_stars_in_cluster)  VALUES ('U2033V2007', 2.7054545454545456E11, 'F', 'U2033V2007_2', 0.22689280275926285, 'Cluster Number: 2 THREESTAR_TRINARY', 1);


INSERT INTO SystemRep (System_id, distance_to_galaxy_centre, ucoordinate, vcoordinate) VALUES ('U2036V2018', 3.412447240772991E16, 2036.0, 2018.0);


INSERT INTO StarRep (System_id,cluster_id,distance_clust_virt_centre,luminosity,no_planets_allowed,angle_in_radians_s,star_color,star_type,star_size)  VALUES ('U2036V2018', 'U2036V2018_0', 4.878688524590164E10, 1.55, 'F', 62.0, 'pyel.mains', 'f8', 40.8);


INSERT INTO StarRep (System_id,cluster_id,distance_clust_virt_centre,luminosity,no_planets_allowed,angle_in_radians_s,star_color,star_type,star_size)  VALUES ('U2036V2018', 'U2036V2018_0', 2.7054545454545456E11, 3.999056565167234E-5, 'F', 342.0, 'orng.dwarf', 'dk', 0.52);


INSERT INTO StarRep (System_id,cluster_id,distance_clust_virt_centre,luminosity,no_planets_allowed,angle_in_radians_s,star_color,star_type,star_size)  VALUES ('U2036V2018', 'U2036V2018_0', 5.835294117647059E10, 1.2, 'F', 180.0, 'yelo.mains', 'g0', 42.0);


INSERT INTO StarRep (System_id,cluster_id,distance_clust_virt_centre,luminosity,no_planets_allowed,angle_in_radians_s,star_color,star_type,star_size)  VALUES ('U2036V2018', 'U2036V2018_2', 8.043243243243243E10, 0.046078938962387704, 'F', 282.0, 'red_.mains', 'm3', 0.09316666666666662);


INSERT INTO ClusterRep (System_id,distance_sys_virt_centre,planetsAllowed,cluster_id,angle_in_radians,cluster_description,number_stars_in_cluster)  VALUES ('U2036V2018', 1.3527272727272728E11, 'F', 'U2036V2018_2', 1.9373154697137058, 'Cluster Number: 2 THREESTAR_TRINARY', 1);


INSERT INTO SystemRep (System_id, distance_to_galaxy_centre, ucoordinate, vcoordinate) VALUES ('U2033V2006', 3.399863467941029E16, 2033.0, 2006.0);


INSERT INTO StarRep (System_id,cluster_id,distance_clust_virt_centre,luminosity,no_planets_allowed,angle_in_radians_s,star_color,star_type,star_size)  VALUES ('U2033V2006', 'U2033V2006_0', 3.968E10, 1.2, 'F', 331.0, 'yelo.mains', 'g0', 42.0);


INSERT INTO StarRep (System_id,cluster_id,distance_clust_virt_centre,luminosity,no_planets_allowed,angle_in_radians_s,star_color,star_type,star_size)  VALUES ('U2033V2006', 'U2033V2006_0', 6.2E10, 0.0466, 'F', 67.0, 'red_.mains', 'm3', 0.09316666666666662);


INSERT INTO StarRep (System_id,cluster_id,distance_clust_virt_centre,luminosity,no_planets_allowed,angle_in_radians_s,star_color,star_type,star_size)  VALUES ('U2033V2006', 'U2033V2006_0', 1.488E12, 1.2, 'F', 241.0, 'yelo.mains', 'g0', 42.0);


INSERT INTO StarRep (System_id,cluster_id,distance_clust_virt_centre,luminosity,no_planets_allowed,angle_in_radians_s,star_color,star_type,star_size)  VALUES ('U2033V2006', 'U2033V2006_2', 3.1326315789473682E10, 0.123, 'F', 126.0, 'orng.mains', 'k8', 1.2120000000000002);


INSERT INTO ClusterRep (System_id,distance_sys_virt_centre,planetsAllowed,cluster_id,angle_in_radians,cluster_description,number_stars_in_cluster)  VALUES ('U2033V2006', 6.540659340659341E10, 'F', 'U2033V2006_2', 0.5061454830783556, 'Cluster Number: 2 THREESTAR_TRINARY', 1);


INSERT INTO SystemRep (System_id, distance_to_galaxy_centre, ucoordinate, vcoordinate) VALUES ('U2036V2017', 3.4116093512583764E16, 2036.0, 2017.0);


INSERT INTO StarRep (System_id,cluster_id,distance_clust_virt_centre,luminosity,no_planets_allowed,angle_in_radians_s,star_color,star_type,star_size)  VALUES ('U2036V2017', 'U2036V2017_0', 5.2210526315789474E10, 140940.73682187233, 'F', 342.0, 'blue.mains', 'o8', 5.166666666666667);


INSERT INTO StarRep (System_id,cluster_id,distance_clust_virt_centre,luminosity,no_planets_allowed,angle_in_radians_s,star_color,star_type,star_size)  VALUES ('U2036V2017', 'U2036V2017_0', 7.83157894736842E10, 0.28078837556342057, 'F', 351.0, 'orng.mains', 'k2', 1.0830000000000002);


INSERT INTO StarRep (System_id,cluster_id,distance_clust_virt_centre,luminosity,no_planets_allowed,angle_in_radians_s,star_color,star_type,star_size)  VALUES ('U2036V2017', 'U2036V2017_0', 4.441791044776119E10, 2.8E-5, 'F', 31.0, 'red_.dwarf', 'dm', 0.6413333333333334);


INSERT INTO StarRep (System_id,cluster_id,distance_clust_virt_centre,luminosity,no_planets_allowed,angle_in_radians_s,star_color,star_type,star_size)  VALUES ('U2036V2017', 'U2036V2017_2', 3.674074074074074E10, 0.2157652670079726, 'F', 16.0, 'orng.mains', 'k4', 1.126);


INSERT INTO ClusterRep (System_id,distance_sys_virt_centre,planetsAllowed,cluster_id,angle_in_radians,cluster_description,number_stars_in_cluster)  VALUES ('U2036V2017', 9.6E10, 'F', 'U2036V2017_2', 3.6477381366681487, 'Cluster Number: 2 THREESTAR_TRINARY', 1);


INSERT INTO SystemRep (System_id, distance_to_galaxy_centre, ucoordinate, vcoordinate) VALUES ('U2033V2005', 3.3990274792102284E16, 2033.0, 2005.0);


INSERT INTO StarRep (System_id,cluster_id,distance_clust_virt_centre,luminosity,no_planets_allowed,angle_in_radians_s,star_color,star_type,star_size)  VALUES ('U2033V2005', 'U2033V2005_0', 3.5011764705882355E10, 2.8E-5, 'F', 80.0, 'red_.dwarf', 'dm', 0.6413333333333334);


INSERT INTO StarRep (System_id,cluster_id,distance_clust_virt_centre,luminosity,no_planets_allowed,angle_in_radians_s,star_color,star_type,star_size)  VALUES ('U2033V2005', 'U2033V2005_0', 3.1326315789473682E10, 0.408, 'F', 123.0, 'yelo.mains', 'g9', 47.4);


INSERT INTO StarRep (System_id,cluster_id,distance_clust_virt_centre,luminosity,no_planets_allowed,angle_in_radians_s,star_color,star_type,star_size)  VALUES ('U2033V2005', 'U2033V2005_0', 1.566315789473684E11, 7.592049461985532, 'F', 219.0, 'pyel.mains', 'f1', 36.599999999999994);


INSERT INTO StarRep (System_id,cluster_id,distance_clust_virt_centre,luminosity,no_planets_allowed,angle_in_radians_s,star_color,star_type,star_size)  VALUES ('U2033V2005', 'U2033V2005_2', 4.441791044776119E10, 0.162, 'F', 44.0, 'orng.mains', 'k6', 1.169);


INSERT INTO ClusterRep (System_id,distance_sys_virt_centre,planetsAllowed,cluster_id,angle_in_radians,cluster_description,number_stars_in_cluster)  VALUES ('U2033V2005', 8.502857142857143E10, 'F', 'U2033V2005_2', 4.677482395344803, 'Cluster Number: 2 THREESTAR_TRINARY', 1);


INSERT INTO SystemRep (System_id, distance_to_galaxy_centre, ucoordinate, vcoordinate) VALUES ('U2036V2016', 3.4107716713717908E16, 2036.0, 2016.0);


INSERT INTO StarRep (System_id,cluster_id,distance_clust_virt_centre,luminosity,no_planets_allowed,angle_in_radians_s,star_color,star_type,star_size)  VALUES ('U2036V2016', 'U2036V2016_0', 3.3066666666666668E10, 990000.0, 'F', 209.0, 'blue.gi.ii', 'o8', 40.0);


INSERT INTO StarRep (System_id,cluster_id,distance_clust_virt_centre,luminosity,no_planets_allowed,angle_in_radians_s,star_color,star_type,star_size)  VALUES ('U2036V2016', 'U2036V2016_0', 1.1446153846153847E11, 0.0096, 'F', 352.0, 'red_.mains', 'm9', 0.13616666666666666);


INSERT INTO StarRep (System_id,cluster_id,distance_clust_virt_centre,luminosity,no_planets_allowed,angle_in_radians_s,star_color,star_type,star_size)  VALUES ('U2036V2016', 'U2036V2016_0', 3.4604651162790695E10, 0.0276, 'F', 186.0, 'red_.mains', 'm5', 0.10750000000000004);


INSERT INTO StarRep (System_id,cluster_id,distance_clust_virt_centre,luminosity,no_planets_allowed,angle_in_radians_s,star_color,star_type,star_size)  VALUES ('U2036V2016', 'U2036V2016_2', 3.381818181818182E10, 0.045938496359736486, 'F', 91.0, 'red_.mains', 'm3', 0.09316666666666662);


INSERT INTO ClusterRep (System_id,distance_sys_virt_centre,planetsAllowed,cluster_id,angle_in_radians,cluster_description,number_stars_in_cluster)  VALUES ('U2036V2016', 1.86E11, 'F', 'U2036V2016_2', 3.9269908169872414, 'Cluster Number: 2 THREESTAR_TRINARY', 1);


INSERT INTO SystemRep (System_id, distance_to_galaxy_centre, ucoordinate, vcoordinate) VALUES ('U2033V2004', 3.3981917018197784E16, 2033.0, 2004.0);


INSERT INTO StarRep (System_id,cluster_id,distance_clust_virt_centre,luminosity,no_planets_allowed,angle_in_radians_s,star_color,star_type,star_size)  VALUES ('U2033V2004', 'U2033V2004_0', 1.6533333333333334E11, 0.013340272026390137, 'F', 307.0, 'red_.mains', 'm7', 0.12183333333333335);


INSERT INTO StarRep (System_id,cluster_id,distance_clust_virt_centre,luminosity,no_planets_allowed,angle_in_radians_s,star_color,star_type,star_size)  VALUES ('U2033V2004', 'U2033V2004_0', 3.585542168674699E10, 0.0466, 'F', 124.0, 'red_.mains', 'm3', 0.09316666666666662);


INSERT INTO StarRep (System_id,cluster_id,distance_clust_virt_centre,luminosity,no_planets_allowed,angle_in_radians_s,star_color,star_type,star_size)  VALUES ('U2033V2004', 'U2033V2004_0', 7.63076923076923E10, 2.7997807605717872E-5, 'F', 14.0, 'red_.dwarf', 'dm', 0.6413333333333334);


INSERT INTO StarRep (System_id,cluster_id,distance_clust_virt_centre,luminosity,no_planets_allowed,angle_in_radians_s,star_color,star_type,star_size)  VALUES ('U2033V2004', 'U2033V2004_2', 4.021621621621622E10, 0.013374348290834252, 'F', 119.0, 'red_.mains', 'm7', 0.12183333333333335);


INSERT INTO ClusterRep (System_id,distance_sys_virt_centre,planetsAllowed,cluster_id,angle_in_radians,cluster_description,number_stars_in_cluster)  VALUES ('U2033V2004', 1.488E11, 'F', 'U2033V2004_2', 4.956735075663896, 'Cluster Number: 2 THREESTAR_TRINARY', 1);


INSERT INTO SystemRep (System_id, distance_to_galaxy_centre, ucoordinate, vcoordinate) VALUES ('U2036V2015', 3.4099342012677256E16, 2036.0, 2015.0);


INSERT INTO StarRep (System_id,cluster_id,distance_clust_virt_centre,luminosity,no_planets_allowed,angle_in_radians_s,star_color,star_type,star_size)  VALUES ('U2036V2015', 'U2036V2015_0', 3.2703296703296703E10, 0.12213631686654061, 'F', 249.0, 'orng.mains', 'k8', 1.2120000000000002);


INSERT INTO StarRep (System_id,cluster_id,distance_clust_virt_centre,luminosity,no_planets_allowed,angle_in_radians_s,star_color,star_type,star_size)  VALUES ('U2036V2015', 'U2036V2015_0', 4.8E10, 0.12290520809945059, 'F', 348.0, 'orng.mains', 'k8', 1.2120000000000002);


INSERT INTO StarRep (System_id,cluster_id,distance_clust_virt_centre,luminosity,no_planets_allowed,angle_in_radians_s,star_color,star_type,star_size)  VALUES ('U2036V2015', 'U2036V2015_0', 1.0628571428571428E11, 0.3327855009023108, 'F', 80.0, 'orng.mains', 'k1', 1.0615);


INSERT INTO StarRep (System_id,cluster_id,distance_clust_virt_centre,luminosity,no_planets_allowed,angle_in_radians_s,star_color,star_type,star_size)  VALUES ('U2036V2015', 'U2036V2015_2', 4.509090909090909E10, 0.3216508030800727, 'F', 224.0, 'blue.dwarf', 'do', 0.0232);


INSERT INTO ClusterRep (System_id,distance_sys_virt_centre,planetsAllowed,cluster_id,angle_in_radians,cluster_description,number_stars_in_cluster)  VALUES ('U2036V2015', 2.5878260869565216E11, 'F', 'U2036V2015_2', 3.07177948351002, 'Cluster Number: 2 THREESTAR_TRINARY', 1);


INSERT INTO SystemRep (System_id, distance_to_galaxy_centre, ucoordinate, vcoordinate) VALUES ('U2033V2003', 3.3973561359256524E16, 2033.0, 2003.0);


INSERT INTO SystemRep (System_id, distance_to_galaxy_centre, ucoordinate, vcoordinate) VALUES ('U2036V2014', 3.4090969411007836E16, 2036.0, 2014.0);


INSERT INTO StarRep (System_id,cluster_id,distance_clust_virt_centre,luminosity,no_planets_allowed,angle_in_radians_s,star_color,star_type,star_size)  VALUES ('U2036V2014', 'U2036V2014_0', 1.1904E11, 0.333, 'F', 115.0, 'orng.mains', 'k1', 1.0615);


INSERT INTO StarRep (System_id,cluster_id,distance_clust_virt_centre,luminosity,no_planets_allowed,angle_in_radians_s,star_color,star_type,star_size)  VALUES ('U2036V2014', 'U2036V2014_0', 5.952E10, 2.7999067201646172E-5, 'F', 349.0, 'red_.dwarf', 'dm', 0.6413333333333334);


INSERT INTO StarRep (System_id,cluster_id,distance_clust_virt_centre,luminosity,no_planets_allowed,angle_in_radians_s,star_color,star_type,star_size)  VALUES ('U2036V2014', 'U2036V2014_0', 6.2E10, 13.45793897481416, 'F', 236.0, 'whit.mains', 'a7', 34.199999999999996);


INSERT INTO StarRep (System_id,cluster_id,distance_clust_virt_centre,luminosity,no_planets_allowed,angle_in_radians_s,star_color,star_type,star_size)  VALUES ('U2036V2014', 'U2036V2014_2', 4.021621621621622E10, 13.5, 'F', 300.0, 'whit.mains', 'a7', 34.199999999999996);


INSERT INTO ClusterRep (System_id,distance_sys_virt_centre,planetsAllowed,cluster_id,angle_in_radians,cluster_description,number_stars_in_cluster)  VALUES ('U2036V2014', 6.469565217391304E10, 'F', 'U2036V2014_2', 3.3510321638291125, 'Cluster Number: 2 THREESTAR_TRINARY', 1);


INSERT INTO SystemRep (System_id, distance_to_galaxy_centre, ucoordinate, vcoordinate) VALUES ('U2033V2002', 3.3965207816839396E16, 2033.0, 2002.0);


INSERT INTO StarRep (System_id,cluster_id,distance_clust_virt_centre,luminosity,no_planets_allowed,angle_in_radians_s,star_color,star_type,star_size)  VALUES ('U2033V2002', 'U2033V2002_0', 5.615094339622642E10, 494.1019088167335, 'F', 213.0, 'ltbl.mains', 'b8', 28.8);


INSERT INTO StarRep (System_id,cluster_id,distance_clust_virt_centre,luminosity,no_planets_allowed,angle_in_radians_s,star_color,star_type,star_size)  VALUES ('U2033V2002', 'U2033V2002_0', 3.72E11, 2.95E-5, 'F', 121.0, 'red_.dwarf', 'dm', 0.6153333333333334);


INSERT INTO StarRep (System_id,cluster_id,distance_clust_virt_centre,luminosity,no_planets_allowed,angle_in_radians_s,star_color,star_type,star_size)  VALUES ('U2033V2002', 'U2033V2002_0', 0.0, 0.333, 'F', 64.0, 'orng.mains', 'k1', 1.0615);


INSERT INTO StarRep (System_id,cluster_id,distance_clust_virt_centre,luminosity,no_planets_allowed,angle_in_radians_s,star_color,star_type,star_size)  VALUES ('U2033V2002', 'U2033V2002_2', 5.044067796610169E10, 3.1644468561669243, 'F', 328.0, 'pyel.mains', 'f4', 38.4);


INSERT INTO ClusterRep (System_id,distance_sys_virt_centre,planetsAllowed,cluster_id,angle_in_radians,cluster_description,number_stars_in_cluster)  VALUES ('U2033V2002', 5.952E12, 'F', 'U2033V2002_2', 4.39822971502571, 'Cluster Number: 2 THREESTAR_TRINARY', 1);


INSERT INTO SystemRep (System_id, distance_to_galaxy_centre, ucoordinate, vcoordinate) VALUES ('U2036V2013', 3.408259891025683E16, 2036.0, 2013.0);


INSERT INTO StarRep (System_id,cluster_id,distance_clust_virt_centre,luminosity,no_planets_allowed,angle_in_radians_s,star_color,star_type,star_size)  VALUES ('U2036V2013', 'U2036V2013_0', 3.381818181818182E10, 0.216, 'F', 169.0, 'orng.mains', 'k4', 1.126);


INSERT INTO StarRep (System_id,cluster_id,distance_clust_virt_centre,luminosity,no_planets_allowed,angle_in_radians_s,star_color,star_type,star_size)  VALUES ('U2036V2013', 'U2036V2013_0', 3.381818181818182E10, 381.0, 'F', 357.0, 'orng.gi.i ', 'k7', 8.28);


INSERT INTO StarRep (System_id,cluster_id,distance_clust_virt_centre,luminosity,no_planets_allowed,angle_in_radians_s,star_color,star_type,star_size)  VALUES ('U2036V2013', 'U2036V2013_0', 6.6133333333333336E10, 19116.033876235946, 'F', 291.0, 'ltbl.gi.i ', 'b2', 51.66666666666667);


INSERT INTO StarRep (System_id,cluster_id,distance_clust_virt_centre,luminosity,no_planets_allowed,angle_in_radians_s,star_color,star_type,star_size)  VALUES ('U2036V2013', 'U2036V2013_2', 2.7054545454545456E11, 0.21582148316410324, 'F', 318.0, 'orng.mains', 'k4', 1.126);


INSERT INTO ClusterRep (System_id,distance_sys_virt_centre,planetsAllowed,cluster_id,angle_in_radians,cluster_description,number_stars_in_cluster)  VALUES ('U2036V2013', 1.4517073170731708E11, 'F', 'U2036V2013_2', 4.76474885794452, 'Cluster Number: 2 THREESTAR_TRINARY', 1);


INSERT INTO SystemRep (System_id, distance_to_galaxy_centre, ucoordinate, vcoordinate) VALUES ('U2033V2001', 3.395685639250842E16, 2033.0, 2001.0);


INSERT INTO StarRep (System_id,cluster_id,distance_clust_virt_centre,luminosity,no_planets_allowed,angle_in_radians_s,star_color,star_type,star_size)  VALUES ('U2033V2001', 'U2033V2001_0', 1.7505882352941177E11, 0.945, 'F', 267.0, 'yelo.mains', 'g3', 43.8);


INSERT INTO StarRep (System_id,cluster_id,distance_clust_virt_centre,luminosity,no_planets_allowed,angle_in_radians_s,star_color,star_type,star_size)  VALUES ('U2033V2001', 'U2033V2001_0', 6.469565217391304E10, 91300.0, 'F', 129.0, 'ltbl.sg.i ', 'b4', 20.0);


INSERT INTO StarRep (System_id,cluster_id,distance_clust_virt_centre,luminosity,no_planets_allowed,angle_in_radians_s,star_color,star_type,star_size)  VALUES ('U2033V2001', 'U2033V2001_0', 3.1E10, 0.945, 'F', 119.0, 'yelo.mains', 'g3', 43.8);


INSERT INTO StarRep (System_id,cluster_id,distance_clust_virt_centre,luminosity,no_planets_allowed,angle_in_radians_s,star_color,star_type,star_size)  VALUES ('U2033V2001', 'U2033V2001_2', 3.1E10, 0.0466, 'F', 346.0, 'red_.mains', 'm3', 0.09316666666666662);


INSERT INTO ClusterRep (System_id,distance_sys_virt_centre,planetsAllowed,cluster_id,angle_in_radians,cluster_description,number_stars_in_cluster)  VALUES ('U2033V2001', 1.2146938775510204E11, 'F', 'U2033V2001_2', 5.794493116621174, 'Cluster Number: 2 THREESTAR_TRINARY', 1);


INSERT INTO SystemRep (System_id, distance_to_galaxy_centre, ucoordinate, vcoordinate) VALUES ('U2036V2012', 3.4074230511972536E16, 2036.0, 2012.0);


INSERT INTO StarRep (System_id,cluster_id,distance_clust_virt_centre,luminosity,no_planets_allowed,angle_in_radians_s,star_color,star_type,star_size)  VALUES ('U2036V2012', 'U2036V2012_0', 1.2939130434782608E11, 1.32E-4, 'F', 76.0, 'pyel.dwarf', 'df', 0.4073333333333333);


INSERT INTO StarRep (System_id,cluster_id,distance_clust_virt_centre,luminosity,no_planets_allowed,angle_in_radians_s,star_color,star_type,star_size)  VALUES ('U2036V2012', 'U2036V2012_0', 2.2892307692307693E11, 1.2, 'F', 354.0, 'yelo.mains', 'g0', 42.0);


INSERT INTO StarRep (System_id,cluster_id,distance_clust_virt_centre,luminosity,no_planets_allowed,angle_in_radians_s,star_color,star_type,star_size)  VALUES ('U2036V2012', 'U2036V2012_0', 4.96E11, 0.162, 'F', 341.0, 'orng.mains', 'k6', 1.169);


INSERT INTO StarRep (System_id,cluster_id,distance_clust_virt_centre,luminosity,no_planets_allowed,angle_in_radians_s,star_color,star_type,star_size)  VALUES ('U2036V2012', 'U2036V2012_2', 3.1326315789473682E10, 9780.0, 'F', 167.0, 'ltbl.gi.ii', 'b7', 51.333333333333336);


INSERT INTO ClusterRep (System_id,distance_sys_virt_centre,planetsAllowed,cluster_id,angle_in_radians,cluster_description,number_stars_in_cluster)  VALUES ('U2036V2012', 2.976E12, 'F', 'U2036V2012_2', 4.2062434973063345, 'Cluster Number: 2 THREESTAR_TRINARY', 1);


INSERT INTO SystemRep (System_id, distance_to_galaxy_centre, ucoordinate, vcoordinate) VALUES ('U2033V2000', 3.3948507087826764E16, 2033.0, 2000.0);


INSERT INTO SystemRep (System_id, distance_to_galaxy_centre, ucoordinate, vcoordinate) VALUES ('U2036V2011', 3.4065864217704388E16, 2036.0, 2011.0);


INSERT INTO StarRep (System_id,cluster_id,distance_clust_virt_centre,luminosity,no_planets_allowed,angle_in_radians_s,star_color,star_type,star_size)  VALUES ('U2036V2011', 'U2036V2011_0', 5.410909090909091E10, 0.04656405542896001, 'F', 302.0, 'red_.mains', 'm3', 0.09316666666666662);


INSERT INTO StarRep (System_id,cluster_id,distance_clust_virt_centre,luminosity,no_planets_allowed,angle_in_radians_s,star_color,star_type,star_size)  VALUES ('U2036V2011', 'U2036V2011_0', 2.976E12, 0.0466, 'F', 355.0, 'red_.mains', 'm3', 0.09316666666666662);


INSERT INTO StarRep (System_id,cluster_id,distance_clust_virt_centre,luminosity,no_planets_allowed,angle_in_radians_s,star_color,star_type,star_size)  VALUES ('U2036V2011', 'U2036V2011_0', 1.1446153846153847E11, 1.0, 'F', 136.0, 'yelo.mains', 'g2', 43.199999999999996);


INSERT INTO StarRep (System_id,cluster_id,distance_clust_virt_centre,luminosity,no_planets_allowed,angle_in_radians_s,star_color,star_type,star_size)  VALUES ('U2036V2011', 'U2036V2011_2', 7.44E11, 0.408, 'F', 242.0, 'yelo.mains', 'g9', 47.4);


INSERT INTO ClusterRep (System_id,distance_sys_virt_centre,planetsAllowed,cluster_id,angle_in_radians,cluster_description,number_stars_in_cluster)  VALUES ('U2036V2011', 8.383098591549295E10, 'F', 'U2036V2011_2', 4.485496177625427, 'Cluster Number: 2 THREESTAR_TRINARY', 1);


INSERT INTO SystemRep (System_id, distance_to_galaxy_centre, ucoordinate, vcoordinate) VALUES ('U2036V2010', 3.405750002900295E16, 2036.0, 2010.0);


INSERT INTO StarRep (System_id,cluster_id,distance_clust_virt_centre,luminosity,no_planets_allowed,angle_in_radians_s,star_color,star_type,star_size)  VALUES ('U2036V2010', 'U2036V2010_0', 4.509090909090909E10, 2.317506728506053, 'F', 51.0, 'pyel.mains', 'f6', 39.6);


INSERT INTO StarRep (System_id,cluster_id,distance_clust_virt_centre,luminosity,no_planets_allowed,angle_in_radians_s,star_color,star_type,star_size)  VALUES ('U2036V2010', 'U2036V2010_0', 6.073469387755102E10, 1.198755981541273, 'F', 51.0, 'yelo.mains', 'g0', 42.0);


INSERT INTO ClusterRep (System_id,distance_sys_virt_centre,planetsAllowed,cluster_id,angle_in_radians,cluster_description,number_stars_in_cluster)  VALUES ('U2036V2010', 3.128615384615385E12, 'T', 'U2036V2010_1', 0.009747757433174676, 'Cluster Number: 1 THREESTAR_BINARYPLUSONE', 0);


INSERT INTO SystemRep (System_id, distance_to_galaxy_centre, ucoordinate, vcoordinate) VALUES ('U2030V2019', 3.4082174822234804E16, 2030.0, 2019.0);


INSERT INTO StarRep (System_id,cluster_id,distance_clust_virt_centre,luminosity,no_planets_allowed,angle_in_radians_s,star_color,star_type,star_size)  VALUES ('U2030V2019', 'U2030V2019_0', 4.1333333333333336E10, 0.123, 'F', 22.0, 'orng.mains', 'k8', 1.2120000000000002);


INSERT INTO StarRep (System_id,cluster_id,distance_clust_virt_centre,luminosity,no_planets_allowed,angle_in_radians_s,star_color,star_type,star_size)  VALUES ('U2030V2019', 'U2030V2019_0', 6.469565217391304E10, 440.0, 'F', 354.0, 'orng.gi.i ', 'k9', 8.893333333333333);


INSERT INTO StarRep (System_id,cluster_id,distance_clust_virt_centre,luminosity,no_planets_allowed,angle_in_radians_s,star_color,star_type,star_size)  VALUES ('U2030V2019', 'U2030V2019_0', 5.835294117647059E10, 2.7996748658017745E-5, 'F', 202.0, 'red_.dwarf', 'dm', 0.6413333333333334);


INSERT INTO StarRep (System_id,cluster_id,distance_clust_virt_centre,luminosity,no_planets_allowed,angle_in_radians_s,star_color,star_type,star_size)  VALUES ('U2030V2019', 'U2030V2019_2', 8.266666666666667E10, 13466.352219254959, 'F', 21.0, 'red_.gi.ii', 'm5', 37.5);


INSERT INTO ClusterRep (System_id,distance_sys_virt_centre,planetsAllowed,cluster_id,angle_in_radians,cluster_description,number_stars_in_cluster)  VALUES ('U2030V2019', 7.83157894736842E10, 'F', 'U2030V2019_2', 5.497787143782138, 'Cluster Number: 2 THREESTAR_TRINARY', 1);


INSERT INTO SystemRep (System_id, distance_to_galaxy_centre, ucoordinate, vcoordinate) VALUES ('U2030V2018', 3.4073781367150668E16, 2030.0, 2018.0);


INSERT INTO StarRep (System_id,cluster_id,distance_clust_virt_centre,luminosity,no_planets_allowed,angle_in_radians_s,star_color,star_type,star_size)  VALUES ('U2030V2018', 'U2030V2018_0', 5.952E11, 0.33097158469314125, 'F', 249.0, 'orng.mains', 'k1', 1.0615);


INSERT INTO StarRep (System_id,cluster_id,distance_clust_virt_centre,luminosity,no_planets_allowed,angle_in_radians_s,star_color,star_type,star_size)  VALUES ('U2030V2018', 'U2030V2018_0', 8.752941176470589E10, 0.216, 'F', 355.0, 'orng.mains', 'k4', 1.126);


INSERT INTO StarRep (System_id,cluster_id,distance_clust_virt_centre,luminosity,no_planets_allowed,angle_in_radians_s,star_color,star_type,star_size)  VALUES ('U2030V2018', 'U2030V2018_0', 4.251428571428571E10, 0.0466, 'F', 357.0, 'red_.mains', 'm3', 0.09316666666666662);


INSERT INTO StarRep (System_id,cluster_id,distance_clust_virt_centre,luminosity,no_planets_allowed,angle_in_radians_s,star_color,star_type,star_size)  VALUES ('U2030V2018', 'U2030V2018_2', 6.763636363636364E10, 0.408, 'F', 97.0, 'yelo.mains', 'g9', 47.4);


INSERT INTO ClusterRep (System_id,distance_sys_virt_centre,planetsAllowed,cluster_id,angle_in_radians,cluster_description,number_stars_in_cluster)  VALUES ('U2030V2018', 1.2939130434782608E11, 'F', 'U2030V2018_2', 5.794493116621174, 'Cluster Number: 2 THREESTAR_TRINARY', 1);


INSERT INTO SystemRep (System_id, distance_to_galaxy_centre, ucoordinate, vcoordinate) VALUES ('U2030V2017', 3.4065390003782784E16, 2030.0, 2017.0);


INSERT INTO StarRep (System_id,cluster_id,distance_clust_virt_centre,luminosity,no_planets_allowed,angle_in_radians_s,star_color,star_type,star_size)  VALUES ('U2030V2017', 'U2030V2017_0', 1.3527272727272728E11, 2.7E-5, 'F', 247.0, 'red_.dwarf', 'dm', 0.6586666666666666);


INSERT INTO StarRep (System_id,cluster_id,distance_clust_virt_centre,luminosity,no_planets_allowed,angle_in_radians_s,star_color,star_type,star_size)  VALUES ('U2030V2017', 'U2030V2017_0', 4.65E10, 78900.0, 'F', 315.0, 'blue.mains', 'o8', 6.5);


INSERT INTO StarRep (System_id,cluster_id,distance_clust_virt_centre,luminosity,no_planets_allowed,angle_in_radians_s,star_color,star_type,star_size)  VALUES ('U2030V2017', 'U2030V2017_0', 6.331914893617021E10, 0.0466, 'F', 130.0, 'red_.mains', 'm3', 0.09316666666666662);


INSERT INTO StarRep (System_id,cluster_id,distance_clust_virt_centre,luminosity,no_planets_allowed,angle_in_radians_s,star_color,star_type,star_size)  VALUES ('U2030V2017', 'U2030V2017_2', 6.469565217391304E10, 0.40695234363267535, 'F', 216.0, 'yelo.mains', 'g9', 47.4);


INSERT INTO ClusterRep (System_id,distance_sys_virt_centre,planetsAllowed,cluster_id,angle_in_radians,cluster_description,number_stars_in_cluster)  VALUES ('U2030V2017', 9.156923076923077E10, 'F', 'U2030V2017_2', 4.4331363000655974, 'Cluster Number: 2 THREESTAR_TRINARY', 1);


INSERT INTO SystemRep (System_id, distance_to_galaxy_centre, ucoordinate, vcoordinate) VALUES ('U2030V2016', 3.40570007336773E16, 2030.0, 2016.0);


INSERT INTO StarRep (System_id,cluster_id,distance_clust_virt_centre,luminosity,no_planets_allowed,angle_in_radians_s,star_color,star_type,star_size)  VALUES ('U2030V2016', 'U2030V2016_0', 5.314285714285714E10, 0.945, 'F', 154.0, 'yelo.mains', 'g3', 43.8);


INSERT INTO StarRep (System_id,cluster_id,distance_clust_virt_centre,luminosity,no_planets_allowed,angle_in_radians_s,star_color,star_type,star_size)  VALUES ('U2030V2016', 'U2030V2016_0', 3.381818181818182E10, 1.0, 'F', 312.0, 'yelo.mains', 'g2', 43.199999999999996);


INSERT INTO StarRep (System_id,cluster_id,distance_clust_virt_centre,luminosity,no_planets_allowed,angle_in_radians_s,star_color,star_type,star_size)  VALUES ('U2030V2016', 'U2030V2016_0', 3.72E11, 2372.313246204676, 'F', 180.0, 'red_.gi.i ', 'm6', 11.04);


INSERT INTO StarRep (System_id,cluster_id,distance_clust_virt_centre,luminosity,no_planets_allowed,angle_in_radians_s,star_color,star_type,star_size)  VALUES ('U2030V2016', 'U2030V2016_2', 9.6E10, 0.01328693285174928, 'F', 64.0, 'red_.mains', 'm7', 0.12183333333333335);


INSERT INTO ClusterRep (System_id,distance_sys_virt_centre,planetsAllowed,cluster_id,angle_in_radians,cluster_description,number_stars_in_cluster)  VALUES ('U2030V2016', 2.2892307692307693E11, 'F', 'U2030V2016_2', 3.8746309394274117, 'Cluster Number: 2 THREESTAR_TRINARY', 1);


INSERT INTO SystemRep (System_id, distance_to_galaxy_centre, ucoordinate, vcoordinate) VALUES ('U2030V2015', 3.4048613558381492E16, 2030.0, 2015.0);


INSERT INTO StarRep (System_id,cluster_id,distance_clust_virt_centre,luminosity,no_planets_allowed,angle_in_radians_s,star_color,star_type,star_size)  VALUES ('U2030V2015', 'U2030V2015_0', 3.343820224719101E10, 487.5175105565308, 'F', 20.0, 'ltbl.mains', 'b8', 28.8);


INSERT INTO StarRep (System_id,cluster_id,distance_clust_virt_centre,luminosity,no_planets_allowed,angle_in_radians_s,star_color,star_type,star_size)  VALUES ('U2030V2015', 'U2030V2015_0', 3.91578947368421E10, 0.0466, 'F', 313.0, 'red_.mains', 'm3', 0.09316666666666662);


INSERT INTO StarRep (System_id,cluster_id,distance_clust_virt_centre,luminosity,no_planets_allowed,angle_in_radians_s,star_color,star_type,star_size)  VALUES ('U2030V2015', 'U2030V2015_0', 1.0628571428571428E11, 3.899555795007227E-5, 'F', 335.0, 'orng.dwarf', 'dk', 0.5373333333333334);


INSERT INTO StarRep (System_id,cluster_id,distance_clust_virt_centre,luminosity,no_planets_allowed,angle_in_radians_s,star_color,star_type,star_size)  VALUES ('U2030V2015', 'U2030V2015_2', 7.63076923076923E10, 245.0, 'F', 140.0, 'whit.gi.i ', 'a1', 59.166666666666664);


INSERT INTO ClusterRep (System_id,distance_sys_virt_centre,planetsAllowed,cluster_id,angle_in_radians,cluster_description,number_stars_in_cluster)  VALUES ('U2030V2015', 6.2652631578947365E10, 'F', 'U2030V2015_2', 4.153883619746504, 'Cluster Number: 2 THREESTAR_TRINARY', 1);


INSERT INTO SystemRep (System_id, distance_to_galaxy_centre, ucoordinate, vcoordinate) VALUES ('U2030V2014', 3.404022847944379E16, 2030.0, 2014.0);


INSERT INTO SystemRep (System_id, distance_to_galaxy_centre, ucoordinate, vcoordinate) VALUES ('U2030V2013', 3.4031845498413748E16, 2030.0, 2013.0);


INSERT INTO StarRep (System_id,cluster_id,distance_clust_virt_centre,luminosity,no_planets_allowed,angle_in_radians_s,star_color,star_type,star_size)  VALUES ('U2030V2013', 'U2030V2013_0', 5.615094339622642E10, 0.9978332808183835, 'F', 74.0, 'yelo.mains', 'g2', 43.199999999999996);


INSERT INTO StarRep (System_id,cluster_id,distance_clust_virt_centre,luminosity,no_planets_allowed,angle_in_radians_s,star_color,star_type,star_size)  VALUES ('U2030V2013', 'U2030V2013_0', 1.86E11, 0.0096, 'F', 321.0, 'red_.mains', 'm9', 0.13616666666666666);


INSERT INTO StarRep (System_id,cluster_id,distance_clust_virt_centre,luminosity,no_planets_allowed,angle_in_radians_s,star_color,star_type,star_size)  VALUES ('U2030V2013', 'U2030V2013_0', 1.1904E11, 0.013312432730475894, 'F', 30.0, 'red_.mains', 'm7', 0.12183333333333335);


INSERT INTO StarRep (System_id,cluster_id,distance_clust_virt_centre,luminosity,no_planets_allowed,angle_in_radians_s,star_color,star_type,star_size)  VALUES ('U2030V2013', 'U2030V2013_2', 3.968E10, 0.12261255904089363, 'F', 158.0, 'orng.mains', 'k8', 1.2120000000000002);


INSERT INTO ClusterRep (System_id,distance_sys_virt_centre,planetsAllowed,cluster_id,angle_in_radians,cluster_description,number_stars_in_cluster)  VALUES ('U2030V2013', 1.3527272727272728E11, 'F', 'U2030V2013_2', 5.567600313861911, 'Cluster Number: 2 THREESTAR_TRINARY', 1);


INSERT INTO SystemRep (System_id, distance_to_galaxy_centre, ucoordinate, vcoordinate) VALUES ('U2030V2012', 3.4023464616842068E16, 2030.0, 2012.0);


INSERT INTO StarRep (System_id,cluster_id,distance_clust_virt_centre,luminosity,no_planets_allowed,angle_in_radians_s,star_color,star_type,star_size)  VALUES ('U2030V2012', 'U2030V2012_0', 3.5011764705882355E10, 4.33, 'F', 301.0, 'orng.subgi', 'k9', 3.1666666666666665);


INSERT INTO StarRep (System_id,cluster_id,distance_clust_virt_centre,luminosity,no_planets_allowed,angle_in_radians_s,star_color,star_type,star_size)  VALUES ('U2030V2012', 'U2030V2012_0', 7.44E11, 2.32, 'F', 322.0, 'pyel.mains', 'f6', 39.6);


INSERT INTO StarRep (System_id,cluster_id,distance_clust_virt_centre,luminosity,no_planets_allowed,angle_in_radians_s,star_color,star_type,star_size)  VALUES ('U2030V2012', 'U2030V2012_0', 6.763636363636364E10, 0.12274961187510623, 'F', 185.0, 'orng.mains', 'k8', 1.2120000000000002);


INSERT INTO StarRep (System_id,cluster_id,distance_clust_virt_centre,luminosity,no_planets_allowed,angle_in_radians_s,star_color,star_type,star_size)  VALUES ('U2030V2012', 'U2030V2012_2', 3.629268292682927E10, 0.5856, 'F', 234.0, 'yelo.subdw', 'g1', 3.6599999999999997);


INSERT INTO ClusterRep (System_id,distance_sys_virt_centre,planetsAllowed,cluster_id,angle_in_radians,cluster_description,number_stars_in_cluster)  VALUES ('U2030V2012', 4.251428571428571E11, 'F', 'U2030V2012_2', 5.8468529941810035, 'Cluster Number: 2 THREESTAR_TRINARY', 1);


INSERT INTO SystemRep (System_id, distance_to_galaxy_centre, ucoordinate, vcoordinate) VALUES ('U2030V2011', 3.4015085836280584E16, 2030.0, 2011.0);


INSERT INTO StarRep (System_id,cluster_id,distance_clust_virt_centre,luminosity,no_planets_allowed,angle_in_radians_s,star_color,star_type,star_size)  VALUES ('U2030V2011', 'U2030V2011_0', 3.4206896551724136E10, 0.0734, 'F', 340.0, 'red_.mains', 'm1', 0.07883333333333331);


INSERT INTO StarRep (System_id,cluster_id,distance_clust_virt_centre,luminosity,no_planets_allowed,angle_in_radians_s,star_color,star_type,star_size)  VALUES ('U2030V2011', 'U2030V2011_0', 7.44E10, 2.8E-5, 'F', 318.0, 'red_.dwarf', 'dm', 0.6413333333333334);


INSERT INTO StarRep (System_id,cluster_id,distance_clust_virt_centre,luminosity,no_planets_allowed,angle_in_radians_s,star_color,star_type,star_size)  VALUES ('U2030V2011', 'U2030V2011_0', 3.5011764705882355E10, 2.32, 'F', 80.0, 'pyel.mains', 'f6', 39.6);


INSERT INTO StarRep (System_id,cluster_id,distance_clust_virt_centre,luminosity,no_planets_allowed,angle_in_radians_s,star_color,star_type,star_size)  VALUES ('U2030V2011', 'U2030V2011_2', 4.96E10, 2.8E-5, 'F', 7.0, 'red_.dwarf', 'dm', 0.6413333333333334);


INSERT INTO ClusterRep (System_id,distance_sys_virt_centre,planetsAllowed,cluster_id,angle_in_radians,cluster_description,number_stars_in_cluster)  VALUES ('U2030V2011', 1.1904E12, 'F', 'U2030V2011_2', 5.009094953223726, 'Cluster Number: 2 THREESTAR_TRINARY', 1);


INSERT INTO SystemRep (System_id, distance_to_galaxy_centre, ucoordinate, vcoordinate) VALUES ('U2030V2010', 3.4006709158282284E16, 2030.0, 2010.0);


INSERT INTO StarRep (System_id,cluster_id,distance_clust_virt_centre,luminosity,no_planets_allowed,angle_in_radians_s,star_color,star_type,star_size)  VALUES ('U2030V2010', 'U2030V2010_0', 1.488E11, 0.216, 'F', 207.0, 'orng.mains', 'k4', 1.126);


INSERT INTO StarRep (System_id,cluster_id,distance_clust_virt_centre,luminosity,no_planets_allowed,angle_in_radians_s,star_color,star_type,star_size)  VALUES ('U2030V2010', 'U2030V2010_0', 1.0628571428571428E11, 0.333, 'F', 319.0, 'orng.mains', 'k1', 1.0615);


INSERT INTO StarRep (System_id,cluster_id,distance_clust_virt_centre,luminosity,no_planets_allowed,angle_in_radians_s,star_color,star_type,star_size)  VALUES ('U2030V2010', 'U2030V2010_0', 5.952E11, 181767.5349786789, 'F', 235.0, 'ltbl.sg.ii', 'b7', 17.0);


INSERT INTO StarRep (System_id,cluster_id,distance_clust_virt_centre,luminosity,no_planets_allowed,angle_in_radians_s,star_color,star_type,star_size)  VALUES ('U2030V2010', 'U2030V2010_2', 4.376470588235294E10, 1.1965536313738363, 'F', 82.0, 'yelo.mains', 'g0', 42.0);


INSERT INTO ClusterRep (System_id,distance_sys_virt_centre,planetsAllowed,cluster_id,angle_in_radians,cluster_description,number_stars_in_cluster)  VALUES ('U2030V2010', 8.043243243243243E10, 'F', 'U2030V2010_2', 5.288347633542818, 'Cluster Number: 2 THREESTAR_TRINARY', 1);


INSERT INTO SystemRep (System_id, distance_to_galaxy_centre, ucoordinate, vcoordinate) VALUES ('U2024V2019', 3.4031570679875944E16, 2024.0, 2019.0);


INSERT INTO StarRep (System_id,cluster_id,distance_clust_virt_centre,luminosity,no_planets_allowed,angle_in_radians_s,star_color,star_type,star_size)  VALUES ('U2024V2019', 'U2024V2019_0', 2.1257142857142856E11, 118995.33389698296, 'F', 174.0, 'blue.mains', 'o8', 5.833333333333334);


INSERT INTO ClusterRep (System_id,distance_sys_virt_centre,planetsAllowed,cluster_id,angle_in_radians,cluster_description,number_stars_in_cluster)  VALUES ('U2024V2019', 2.834285714285714E11, 'T', 'U2024V2019_0', 3.9968039870670142, 'Cluster Number: 0 SINGLESTAR', 1);


INSERT INTO SystemRep (System_id, distance_to_galaxy_centre, ucoordinate, vcoordinate) VALUES ('U2024V2018', 3.4023164740840908E16, 2024.0, 2018.0);


INSERT INTO StarRep (System_id,cluster_id,distance_clust_virt_centre,luminosity,no_planets_allowed,angle_in_radians_s,star_color,star_type,star_size)  VALUES ('U2024V2018', 'U2024V2018_0', 3.864935064935065E10, 0.9996708053131841, 'F', 228.0, 'yelo.mains', 'g2', 43.199999999999996);


INSERT INTO ClusterRep (System_id,distance_sys_virt_centre,planetsAllowed,cluster_id,angle_in_radians,cluster_description,number_stars_in_cluster)  VALUES ('U2024V2018', 1.92E11, 'T', 'U2024V2018_0', 5.410520681182422, 'Cluster Number: 0 SINGLESTAR', 1);


INSERT INTO SystemRep (System_id, distance_to_galaxy_centre, ucoordinate, vcoordinate) VALUES ('U2024V2017', 3.401476089046989E16, 2024.0, 2017.0);


INSERT INTO StarRep (System_id,cluster_id,distance_clust_virt_centre,luminosity,no_planets_allowed,angle_in_radians_s,star_color,star_type,star_size)  VALUES ('U2024V2017', 'U2024V2017_0', 2.7054545454545456E11, 30.5, 'F', 94.0, 'whit.subgi', 'a7', 44.66666666666667);


INSERT INTO ClusterRep (System_id,distance_sys_virt_centre,planetsAllowed,cluster_id,angle_in_radians,cluster_description,number_stars_in_cluster)  VALUES ('U2024V2017', 8.153424657534247E10, 'T', 'U2024V2017_0', 5.689773361501514, 'Cluster Number: 0 SINGLESTAR', 1);


INSERT INTO SystemRep (System_id, distance_to_galaxy_centre, ucoordinate, vcoordinate) VALUES ('U2024V2016', 3.400635913031138E16, 2024.0, 2016.0);


INSERT INTO SystemRep (System_id, distance_to_galaxy_centre, ucoordinate, vcoordinate) VALUES ('U2024V2015', 3.399795946191501E16, 2024.0, 2015.0);


INSERT INTO StarRep (System_id,cluster_id,distance_clust_virt_centre,luminosity,no_planets_allowed,angle_in_radians_s,star_color,star_type,star_size)  VALUES ('U2024V2015', 'U2024V2015_0', 2.48E11, 0.0729244342746471, 'F', 134.0, 'red_.mains', 'm1', 0.07883333333333331);


INSERT INTO ClusterRep (System_id,distance_sys_virt_centre,planetsAllowed,cluster_id,angle_in_radians,cluster_description,number_stars_in_cluster)  VALUES ('U2024V2015', 1.2663829787234042E11, 'T', 'U2024V2015_0', 4.834562028024293, 'Cluster Number: 0 SINGLESTAR', 1);


INSERT INTO SystemRep (System_id, distance_to_galaxy_centre, ucoordinate, vcoordinate) VALUES ('U2024V2014', 3.398956188683155E16, 2024.0, 2014.0);


INSERT INTO StarRep (System_id,cluster_id,distance_clust_virt_centre,luminosity,no_planets_allowed,angle_in_radians_s,star_color,star_type,star_size)  VALUES ('U2024V2014', 'U2024V2014_0', 3.306666666666667E11, 0.09031837756984146, 'F', 54.0, 'red_.mains', 'm0', 1.255);


INSERT INTO ClusterRep (System_id,distance_sys_virt_centre,planetsAllowed,cluster_id,angle_in_radians,cluster_description,number_stars_in_cluster)  VALUES ('U2024V2014', 0.0, 'T', 'U2024V2014_0', 0.24434609527920614, 'Cluster Number: 0 SINGLESTAR', 1);


INSERT INTO SystemRep (System_id, distance_to_galaxy_centre, ucoordinate, vcoordinate) VALUES ('U2024V2013', 3.3981166406612944E16, 2024.0, 2013.0);


INSERT INTO StarRep (System_id,cluster_id,distance_clust_virt_centre,luminosity,no_planets_allowed,angle_in_radians_s,star_color,star_type,star_size)  VALUES ('U2024V2013', 'U2024V2013_0', 7.258536585365854E10, 2.3150006328583017, 'F', 281.0, 'pyel.mains', 'f6', 39.6);


INSERT INTO ClusterRep (System_id,distance_sys_virt_centre,planetsAllowed,cluster_id,angle_in_radians,cluster_description,number_stars_in_cluster)  VALUES ('U2024V2013', 1.417142857142857E11, 'T', 'U2024V2013_0', 0.5410520681182421, 'Cluster Number: 0 SINGLESTAR', 1);


INSERT INTO SystemRep (System_id, distance_to_galaxy_centre, ucoordinate, vcoordinate) VALUES ('U2024V2012', 3.3972773022812252E16, 2024.0, 2012.0);


INSERT INTO StarRep (System_id,cluster_id,distance_clust_virt_centre,luminosity,no_planets_allowed,angle_in_radians_s,star_color,star_type,star_size)  VALUES ('U2024V2012', 'U2024V2012_0', 6.920930232558139E10, 2.798612132282598E-5, 'F', 321.0, 'red_.dwarf', 'dm', 0.6413333333333334);


INSERT INTO ClusterRep (System_id,distance_sys_virt_centre,planetsAllowed,cluster_id,angle_in_radians,cluster_description,number_stars_in_cluster)  VALUES ('U2024V2012', 3.72E11, 'T', 'U2024V2012_0', 5.969026041820607, 'Cluster Number: 0 SINGLESTAR', 1);


INSERT INTO SystemRep (System_id, distance_to_galaxy_centre, ucoordinate, vcoordinate) VALUES ('U2024V2011', 3.39643817369837E16, 2024.0, 2011.0);


INSERT INTO StarRep (System_id,cluster_id,distance_clust_virt_centre,luminosity,no_planets_allowed,angle_in_radians_s,star_color,star_type,star_size)  VALUES ('U2024V2011', 'U2024V2011_0', 3.968E10, 0.0134, 'F', 188.0, 'red_.mains', 'm7', 0.12183333333333335);


INSERT INTO ClusterRep (System_id,distance_sys_virt_centre,planetsAllowed,cluster_id,angle_in_radians,cluster_description,number_stars_in_cluster)  VALUES ('U2024V2011', 1.0262068965517241E11, 'T', 'U2024V2011_0', 6.2482787221397, 'Cluster Number: 0 SINGLESTAR', 1);


INSERT INTO SystemRep (System_id, distance_to_galaxy_centre, ucoordinate, vcoordinate) VALUES ('U2024V2010', 3.3955992550682656E16, 2024.0, 2010.0);


INSERT INTO StarRep (System_id,cluster_id,distance_clust_virt_centre,luminosity,no_planets_allowed,angle_in_radians_s,star_color,star_type,star_size)  VALUES ('U2024V2010', 'U2024V2010_0', 3.4604651162790695E10, 0.16137862078732096, 'F', 296.0, 'orng.mains', 'k6', 1.169);


INSERT INTO ClusterRep (System_id,distance_sys_virt_centre,planetsAllowed,cluster_id,angle_in_radians,cluster_description,number_stars_in_cluster)  VALUES ('U2024V2010', 3.5011764705882355E11, 'T', 'U2024V2010_0', 4.136430327226561, 'Cluster Number: 0 SINGLESTAR', 1);


INSERT INTO SystemRep (System_id, distance_to_galaxy_centre, ucoordinate, vcoordinate) VALUES ('U2037V2019', 3.4141307040119012E16, 2037.0, 2019.0);


INSERT INTO StarRep (System_id,cluster_id,distance_clust_virt_centre,luminosity,no_planets_allowed,angle_in_radians_s,star_color,star_type,star_size)  VALUES ('U2037V2019', 'U2037V2019_0', 5.723076923076923E10, 0.0466, 'F', 223.0, 'red_.mains', 'm3', 0.09316666666666662);


INSERT INTO StarRep (System_id,cluster_id,distance_clust_virt_centre,luminosity,no_planets_allowed,angle_in_radians_s,star_color,star_type,star_size)  VALUES ('U2037V2019', 'U2037V2019_0', 1.0628571428571428E11, 3.18, 'F', 4.0, 'pyel.mains', 'f4', 38.4);


INSERT INTO StarRep (System_id,cluster_id,distance_clust_virt_centre,luminosity,no_planets_allowed,angle_in_radians_s,star_color,star_type,star_size)  VALUES ('U2037V2019', 'U2037V2019_0', 7.085714285714285E10, 2.8E-5, 'F', 346.0, 'red_.dwarf', 'dm', 0.6413333333333334);


INSERT INTO StarRep (System_id,cluster_id,distance_clust_virt_centre,luminosity,no_planets_allowed,angle_in_radians_s,star_color,star_type,star_size)  VALUES ('U2037V2019', 'U2037V2019_2', 6.331914893617021E10, 11.0, 'F', 336.0, 'pyel.subgi', 'f6', 50.66666666666667);


INSERT INTO ClusterRep (System_id,distance_sys_virt_centre,planetsAllowed,cluster_id,angle_in_radians,cluster_description,number_stars_in_cluster)  VALUES ('U2037V2019', 6.687640449438202E10, 'F', 'U2037V2019_2', 6.178465552059927, 'Cluster Number: 2 THREESTAR_TRINARY', 1);


INSERT INTO SystemRep (System_id, distance_to_galaxy_centre, ucoordinate, vcoordinate) VALUES ('U2037V2018', 3.4132928125941496E16, 2037.0, 2018.0);


INSERT INTO StarRep (System_id,cluster_id,distance_clust_virt_centre,luminosity,no_planets_allowed,angle_in_radians_s,star_color,star_type,star_size)  VALUES ('U2037V2018', 'U2037V2018_0', 3.4604651162790695E10, 178288.5736162898, 'F', 129.0, 'ltbl.sg.i ', 'b2', 15.0);


INSERT INTO StarRep (System_id,cluster_id,distance_clust_virt_centre,luminosity,no_planets_allowed,angle_in_radians_s,star_color,star_type,star_size)  VALUES ('U2037V2018', 'U2037V2018_0', 5.723076923076923E10, 0.408, 'F', 1.0, 'yelo.mains', 'g9', 47.4);


INSERT INTO StarRep (System_id,cluster_id,distance_clust_virt_centre,luminosity,no_planets_allowed,angle_in_radians_s,star_color,star_type,star_size)  VALUES ('U2037V2018', 'U2037V2018_0', 9.92E11, 0.282, 'F', 36.0, 'orng.mains', 'k2', 1.0830000000000002);


INSERT INTO StarRep (System_id,cluster_id,distance_clust_virt_centre,luminosity,no_planets_allowed,angle_in_radians_s,star_color,star_type,star_size)  VALUES ('U2037V2018', 'U2037V2018_2', 9.018181818181818E10, 0.2154636452871617, 'F', 185.0, 'orng.mains', 'k4', 1.126);


INSERT INTO ClusterRep (System_id,distance_sys_virt_centre,planetsAllowed,cluster_id,angle_in_radians,cluster_description,number_stars_in_cluster)  VALUES ('U2037V2018', 1.1904E11, 'F', 'U2037V2018_2', 5.6199601914217405, 'Cluster Number: 2 THREESTAR_TRINARY', 1);


INSERT INTO SystemRep (System_id, distance_to_galaxy_centre, ucoordinate, vcoordinate) VALUES ('U2037V2017', 3.4124551307000772E16, 2037.0, 2017.0);


INSERT INTO StarRep (System_id,cluster_id,distance_clust_virt_centre,luminosity,no_planets_allowed,angle_in_radians_s,star_color,star_type,star_size)  VALUES ('U2037V2017', 'U2037V2017_0', 5.952E10, 7.649215669600997, 'F', 183.0, 'pyel.mains', 'f1', 36.599999999999994);


INSERT INTO StarRep (System_id,cluster_id,distance_clust_virt_centre,luminosity,no_planets_allowed,angle_in_radians_s,star_color,star_type,star_size)  VALUES ('U2037V2017', 'U2037V2017_0', 3.3066666666666668E10, 0.2157549587256345, 'F', 9.0, 'orng.mains', 'k4', 1.126);


INSERT INTO StarRep (System_id,cluster_id,distance_clust_virt_centre,luminosity,no_planets_allowed,angle_in_radians_s,star_color,star_type,star_size)  VALUES ('U2037V2017', 'U2037V2017_0', 0.0, 2.3123516706560463, 'F', 92.0, 'pyel.mains', 'f6', 39.6);


INSERT INTO StarRep (System_id,cluster_id,distance_clust_virt_centre,luminosity,no_planets_allowed,angle_in_radians_s,star_color,star_type,star_size)  VALUES ('U2037V2017', 'U2037V2017_2', 4.3130434782608696E10, 182000.0, 'F', 203.0, 'ltbl.sg.ii', 'b7', 17.0);


INSERT INTO ClusterRep (System_id,distance_sys_virt_centre,planetsAllowed,cluster_id,angle_in_radians,cluster_description,number_stars_in_cluster)  VALUES ('U2037V2017', 6.073469387755102E10, 'F', 'U2037V2017_2', 0.7504915783575616, 'Cluster Number: 2 THREESTAR_TRINARY', 1);


INSERT INTO SystemRep (System_id, distance_to_galaxy_centre, ucoordinate, vcoordinate) VALUES ('U2037V2016', 3.411617658484022E16, 2037.0, 2016.0);


INSERT INTO StarRep (System_id,cluster_id,distance_clust_virt_centre,luminosity,no_planets_allowed,angle_in_radians_s,star_color,star_type,star_size)  VALUES ('U2037V2016', 'U2037V2016_0', 3.629268292682927E10, 76400.0, 'F', 50.0, 'whit.sg.ii', 'a6', 26.0);


INSERT INTO StarRep (System_id,cluster_id,distance_clust_virt_centre,luminosity,no_planets_allowed,angle_in_radians_s,star_color,star_type,star_size)  VALUES ('U2037V2016', 'U2037V2016_0', 3.815384615384615E10, 1.3189783392397476E-4, 'F', 10.0, 'pyel.dwarf', 'df', 0.4073333333333333);


INSERT INTO StarRep (System_id,cluster_id,distance_clust_virt_centre,luminosity,no_planets_allowed,angle_in_radians_s,star_color,star_type,star_size)  VALUES ('U2037V2016', 'U2037V2016_0', 1.488E11, 128589.84814191608, 'F', 247.0, 'blue.subgi', 'o8', 27.333333333333336);


INSERT INTO StarRep (System_id,cluster_id,distance_clust_virt_centre,luminosity,no_planets_allowed,angle_in_radians_s,star_color,star_type,star_size)  VALUES ('U2037V2016', 'U2037V2016_2', 3.91578947368421E10, 0.9398745002768591, 'F', 279.0, 'yelo.mains', 'g3', 43.8);


INSERT INTO ClusterRep (System_id,distance_sys_virt_centre,planetsAllowed,cluster_id,angle_in_radians,cluster_description,number_stars_in_cluster)  VALUES ('U2037V2016', 8.752941176470589E10, 'F', 'U2037V2016_2', 1.0297442586766543, 'Cluster Number: 2 THREESTAR_TRINARY', 1);


INSERT INTO SystemRep (System_id, distance_to_galaxy_centre, ucoordinate, vcoordinate) VALUES ('U2037V2015', 3.4107803961004348E16, 2037.0, 2015.0);


INSERT INTO StarRep (System_id,cluster_id,distance_clust_virt_centre,luminosity,no_planets_allowed,angle_in_radians_s,star_color,star_type,star_size)  VALUES ('U2037V2015', 'U2037V2015_0', 3.542857142857143E10, 0.21508434003219803, 'F', 89.0, 'orng.mains', 'k4', 1.126);


INSERT INTO StarRep (System_id,cluster_id,distance_clust_virt_centre,luminosity,no_planets_allowed,angle_in_radians_s,star_color,star_type,star_size)  VALUES ('U2037V2015', 'U2037V2015_0', 1.86E11, 0.0734, 'F', 6.0, 'red_.mains', 'm1', 0.07883333333333331);


INSERT INTO StarRep (System_id,cluster_id,distance_clust_virt_centre,luminosity,no_planets_allowed,angle_in_radians_s,star_color,star_type,star_size)  VALUES ('U2037V2015', 'U2037V2015_0', 4.878688524590164E10, 0.0466, 'F', 141.0, 'red_.mains', 'm3', 0.09316666666666662);


INSERT INTO StarRep (System_id,cluster_id,distance_clust_virt_centre,luminosity,no_planets_allowed,angle_in_radians_s,star_color,star_type,star_size)  VALUES ('U2037V2015', 'U2037V2015_2', 5.5111111111111115E10, 0.2813014120392345, 'F', 52.0, 'orng.mains', 'k2', 1.0830000000000002);


INSERT INTO ClusterRep (System_id,distance_sys_virt_centre,planetsAllowed,cluster_id,angle_in_radians,cluster_description,number_stars_in_cluster)  VALUES ('U2037V2015', 1.0088135593220338E11, 'F', 'U2037V2015_2', 0.17453292519943295, 'Cluster Number: 2 THREESTAR_TRINARY', 1);


INSERT INTO SystemRep (System_id, distance_to_galaxy_centre, ucoordinate, vcoordinate) VALUES ('U2037V2014', 3.4099433437038804E16, 2037.0, 2014.0);


INSERT INTO StarRep (System_id,cluster_id,distance_clust_virt_centre,luminosity,no_planets_allowed,angle_in_radians_s,star_color,star_type,star_size)  VALUES ('U2037V2014', 'U2037V2014_0', 1.7505882352941177E11, 0.408, 'F', 316.0, 'yelo.mains', 'g9', 47.4);


INSERT INTO StarRep (System_id,cluster_id,distance_clust_virt_centre,luminosity,no_planets_allowed,angle_in_radians_s,star_color,star_type,star_size)  VALUES ('U2037V2014', 'U2037V2014_0', 7.44E11, 990000.0, 'F', 7.0, 'blue.gi.ii', 'o8', 40.0);


INSERT INTO StarRep (System_id,cluster_id,distance_clust_virt_centre,luminosity,no_planets_allowed,angle_in_radians_s,star_color,star_type,star_size)  VALUES ('U2037V2014', 'U2037V2014_0', 3.72E10, 0.12227826670865467, 'F', 297.0, 'orng.mains', 'k8', 1.2120000000000002);


INSERT INTO StarRep (System_id,cluster_id,distance_clust_virt_centre,luminosity,no_planets_allowed,angle_in_radians_s,star_color,star_type,star_size)  VALUES ('U2037V2014', 'U2037V2014_2', 4.8E10, 0.0466, 'F', 127.0, 'red_.mains', 'm3', 0.09316666666666662);


INSERT INTO ClusterRep (System_id,distance_sys_virt_centre,planetsAllowed,cluster_id,angle_in_radians,cluster_description,number_stars_in_cluster)  VALUES ('U2037V2014', 2.0524137931034482E11, 'F', 'U2037V2014_2', 0.47123889803846897, 'Cluster Number: 2 THREESTAR_TRINARY', 1);


INSERT INTO SystemRep (System_id, distance_to_galaxy_centre, ucoordinate, vcoordinate) VALUES ('U2037V2013', 3.409106501449035E16, 2037.0, 2013.0);


INSERT INTO StarRep (System_id,cluster_id,distance_clust_virt_centre,luminosity,no_planets_allowed,angle_in_radians_s,star_color,star_type,star_size)  VALUES ('U2037V2013', 'U2037V2013_0', 3.72E10, 0.162, 'F', 10.0, 'orng.mains', 'k6', 1.169);


INSERT INTO StarRep (System_id,cluster_id,distance_clust_virt_centre,luminosity,no_planets_allowed,angle_in_radians_s,star_color,star_type,star_size)  VALUES ('U2037V2013', 'U2037V2013_0', 7.085714285714285E10, 15.938322915144829, 'F', 15.0, 'whit.mains', 'a5', 33.0);


INSERT INTO StarRep (System_id,cluster_id,distance_clust_virt_centre,luminosity,no_planets_allowed,angle_in_radians_s,star_color,star_type,star_size)  VALUES ('U2037V2013', 'U2037V2013_0', 3.864935064935065E10, 0.216, 'F', 352.0, 'orng.mains', 'k4', 1.126);


INSERT INTO StarRep (System_id,cluster_id,distance_clust_virt_centre,luminosity,no_planets_allowed,angle_in_radians_s,star_color,star_type,star_size)  VALUES ('U2037V2013', 'U2037V2013_2', 3.036734693877551E10, 4.369633020970033, 'F', 145.0, 'pyel.mains', 'f3', 37.800000000000004);


INSERT INTO ClusterRep (System_id,distance_sys_virt_centre,planetsAllowed,cluster_id,angle_in_radians,cluster_description,number_stars_in_cluster)  VALUES ('U2037V2013', 7.72987012987013E10, 'F', 'U2037V2013_2', 1.8849555921538759, 'Cluster Number: 2 THREESTAR_TRINARY', 1);


INSERT INTO SystemRep (System_id, distance_to_galaxy_centre, ucoordinate, vcoordinate) VALUES ('U2037V2012', 3.4082698694906892E16, 2037.0, 2012.0);


INSERT INTO StarRep (System_id,cluster_id,distance_clust_virt_centre,luminosity,no_planets_allowed,angle_in_radians_s,star_color,star_type,star_size)  VALUES ('U2037V2012', 'U2037V2012_0', 2.1257142857142856E11, 2.3176881468786386, 'F', 236.0, 'pyel.mains', 'f6', 39.6);


INSERT INTO StarRep (System_id,cluster_id,distance_clust_virt_centre,luminosity,no_planets_allowed,angle_in_radians_s,star_color,star_type,star_size)  VALUES ('U2037V2012', 'U2037V2012_0', 9.92E10, 0.12226822006881657, 'F', 16.0, 'orng.mains', 'k8', 1.2120000000000002);


INSERT INTO StarRep (System_id,cluster_id,distance_clust_virt_centre,luminosity,no_planets_allowed,angle_in_radians_s,star_color,star_type,star_size)  VALUES ('U2037V2012', 'U2037V2012_0', 3.1E10, 1.5486463206129135, 'F', 147.0, 'pyel.mains', 'f8', 40.8);


INSERT INTO StarRep (System_id,cluster_id,distance_clust_virt_centre,luminosity,no_planets_allowed,angle_in_radians_s,star_color,star_type,star_size)  VALUES ('U2037V2012', 'U2037V2012_2', 4.96E11, 0.21480418571325108, 'F', 221.0, 'orng.mains', 'k4', 1.126);


INSERT INTO ClusterRep (System_id,distance_sys_virt_centre,planetsAllowed,cluster_id,angle_in_radians,cluster_description,number_stars_in_cluster)  VALUES ('U2037V2012', 1.2663829787234042E11, 'F', 'U2037V2012_2', 2.1642082724729685, 'Cluster Number: 2 THREESTAR_TRINARY', 1);


INSERT INTO SystemRep (System_id, distance_to_galaxy_centre, ucoordinate, vcoordinate) VALUES ('U2037V2011', 3.407433447983746E16, 2037.0, 2011.0);


INSERT INTO StarRep (System_id,cluster_id,distance_clust_virt_centre,luminosity,no_planets_allowed,angle_in_radians_s,star_color,star_type,star_size)  VALUES ('U2037V2011', 'U2037V2011_0', 6.2E10, 0.0466, 'F', 143.0, 'red_.mains', 'm3', 0.09316666666666662);


INSERT INTO StarRep (System_id,cluster_id,distance_clust_virt_centre,luminosity,no_planets_allowed,angle_in_radians_s,star_color,star_type,star_size)  VALUES ('U2037V2011', 'U2037V2011_0', 5.5111111111111115E10, 0.027011549569794097, 'F', 13.0, 'red_.mains', 'm5', 0.10750000000000004);


INSERT INTO StarRep (System_id,cluster_id,distance_clust_virt_centre,luminosity,no_planets_allowed,angle_in_radians_s,star_color,star_type,star_size)  VALUES ('U2037V2011', 'U2037V2011_0', 5.1310344827586205E10, 0.0466, 'F', 197.0, 'red_.mains', 'm3', 0.09316666666666662);


INSERT INTO StarRep (System_id,cluster_id,distance_clust_virt_centre,luminosity,no_planets_allowed,angle_in_radians_s,star_color,star_type,star_size)  VALUES ('U2037V2011', 'U2037V2011_2', 3.2703296703296703E10, 3.75E-5, 'F', 70.0, 'orng.dwarf', 'dk', 0.5633333333333334);


INSERT INTO ClusterRep (System_id,distance_sys_virt_centre,planetsAllowed,cluster_id,angle_in_radians,cluster_description,number_stars_in_cluster)  VALUES ('U2037V2011', 7.44E11, 'F', 'U2037V2011_2', 1.5882496193148399, 'Cluster Number: 2 THREESTAR_TRINARY', 1);


INSERT INTO SystemRep (System_id, distance_to_galaxy_centre, ucoordinate, vcoordinate) VALUES ('U2037V2010', 3.4065972370832216E16, 2037.0, 2010.0);


INSERT INTO StarRep (System_id,cluster_id,distance_clust_virt_centre,luminosity,no_planets_allowed,angle_in_radians_s,star_color,star_type,star_size)  VALUES ('U2037V2010', 'U2037V2010_0', 2.48E11, 0.0096, 'F', 197.0, 'red_.mains', 'm9', 0.13616666666666666);


INSERT INTO StarRep (System_id,cluster_id,distance_clust_virt_centre,luminosity,no_planets_allowed,angle_in_radians_s,star_color,star_type,star_size)  VALUES ('U2037V2010', 'U2037V2010_0', 3.2E10, 0.34428605059385775, 'F', 21.0, 'red_.mains', 'm9', 0.13616666666666666);


INSERT INTO ClusterRep (System_id,distance_sys_virt_centre,planetsAllowed,cluster_id,angle_in_radians,cluster_description,number_stars_in_cluster)  VALUES ('U2037V2010', 3.2465454545454546E12, 'T', 'U2037V2010_1', 0.00426464387701392, 'Cluster Number: 1 THREESTAR_BINARYPLUSONE', 0);


INSERT INTO SystemRep (System_id, distance_to_galaxy_centre, ucoordinate, vcoordinate) VALUES ('U2027V2009', 3.39729607236249E16, 2027.0, 2009.0);


INSERT INTO StarRep (System_id,cluster_id,distance_clust_virt_centre,luminosity,no_planets_allowed,angle_in_radians_s,star_color,star_type,star_size)  VALUES ('U2027V2009', 'U2027V2009_0', 3.542857142857143E10, 0.4496, 'F', 36.0, 'yelo.subdw', 'g9', 4.14);


INSERT INTO ClusterRep (System_id,distance_sys_virt_centre,planetsAllowed,cluster_id,angle_in_radians,cluster_description,number_stars_in_cluster)  VALUES ('U2027V2009', 1.1230188679245284E11, 'T', 'U2027V2009_0', 3.804817769347638, 'Cluster Number: 0 SINGLESTAR', 1);


INSERT INTO SystemRep (System_id, distance_to_galaxy_centre, ucoordinate, vcoordinate) VALUES ('U2027V2008', 3.396458200061187E16, 2027.0, 2008.0);


INSERT INTO StarRep (System_id,cluster_id,distance_clust_virt_centre,luminosity,no_planets_allowed,angle_in_radians_s,star_color,star_type,star_size)  VALUES ('U2027V2008', 'U2027V2008_0', 1.7505882352941177E11, 0.045858411098448945, 'F', 263.0, 'red_.mains', 'm3', 0.09316666666666662);


INSERT INTO ClusterRep (System_id,distance_sys_virt_centre,planetsAllowed,cluster_id,angle_in_radians,cluster_description,number_stars_in_cluster)  VALUES ('U2027V2008', 6.2652631578947365E10, 'T', 'U2027V2008_0', 4.101523742186674, 'Cluster Number: 0 SINGLESTAR', 1);


INSERT INTO SystemRep (System_id, distance_to_galaxy_centre, ucoordinate, vcoordinate) VALUES ('U2027V2007', 3.3956205383317612E16, 2027.0, 2007.0);


INSERT INTO StarRep (System_id,cluster_id,distance_clust_virt_centre,luminosity,no_planets_allowed,angle_in_radians_s,star_color,star_type,star_size)  VALUES ('U2027V2007', 'U2027V2007_0', 3.72E10, 0.0557713022156182, 'F', 317.0, 'red_.mains', 'm9', 0.13616666666666666);


INSERT INTO ClusterRep (System_id,distance_sys_virt_centre,planetsAllowed,cluster_id,angle_in_radians,cluster_description,number_stars_in_cluster)  VALUES ('U2027V2007', 8.502857142857142E11, 'T', 'U2027V2007_0', 5.515240436302081, 'Cluster Number: 0 SINGLESTAR', 1);


INSERT INTO SystemRep (System_id, distance_to_galaxy_centre, ucoordinate, vcoordinate) VALUES ('U2027V2006', 3.394783087330087E16, 2027.0, 2006.0);


INSERT INTO StarRep (System_id,cluster_id,distance_clust_virt_centre,luminosity,no_planets_allowed,angle_in_radians_s,star_color,star_type,star_size)  VALUES ('U2027V2006', 'U2027V2006_0', 2.2892307692307693E11, 0.0466, 'F', 183.0, 'red_.mains', 'm3', 0.09316666666666662);


INSERT INTO ClusterRep (System_id,distance_sys_virt_centre,planetsAllowed,cluster_id,angle_in_radians,cluster_description,number_stars_in_cluster)  VALUES ('U2027V2006', 1.24E11, 'T', 'U2027V2006_0', 5.794493116621174, 'Cluster Number: 0 SINGLESTAR', 1);


INSERT INTO SystemRep (System_id, distance_to_galaxy_centre, ucoordinate, vcoordinate) VALUES ('U2027V2005', 3.393945847212156E16, 2027.0, 2005.0);


INSERT INTO StarRep (System_id,cluster_id,distance_clust_virt_centre,luminosity,no_planets_allowed,angle_in_radians_s,star_color,star_type,star_size)  VALUES ('U2027V2005', 'U2027V2005_0', 6.2E10, 182000.0, 'F', 90.0, 'ltbl.sg.ii', 'b7', 17.0);


INSERT INTO ClusterRep (System_id,distance_sys_virt_centre,planetsAllowed,cluster_id,angle_in_radians,cluster_description,number_stars_in_cluster)  VALUES ('U2027V2005', 9.3E10, 'T', 'U2027V2005_0', 5.218534463463045, 'Cluster Number: 0 SINGLESTAR', 1);


INSERT INTO SystemRep (System_id, distance_to_galaxy_centre, ucoordinate, vcoordinate) VALUES ('U2027V2004', 3.3931088181340724E16, 2027.0, 2004.0);


INSERT INTO SystemRep (System_id, distance_to_galaxy_centre, ucoordinate, vcoordinate) VALUES ('U2027V2003', 3.392272000252055E16, 2027.0, 2003.0);


INSERT INTO StarRep (System_id,cluster_id,distance_clust_virt_centre,luminosity,no_planets_allowed,angle_in_radians_s,star_color,star_type,star_size)  VALUES ('U2027V2003', 'U2027V2003_0', 2.48E11, 13.433156929580264, 'F', 143.0, 'whit.mains', 'a7', 34.199999999999996);


INSERT INTO ClusterRep (System_id,distance_sys_virt_centre,planetsAllowed,cluster_id,angle_in_radians,cluster_description,number_stars_in_cluster)  VALUES ('U2027V2003', 7.936E10, 'T', 'U2027V2003_0', 0.3490658503988659, 'Cluster Number: 0 SINGLESTAR', 1);


INSERT INTO SystemRep (System_id, distance_to_galaxy_centre, ucoordinate, vcoordinate) VALUES ('U2027V2002', 3.3914353937224396E16, 2027.0, 2002.0);


INSERT INTO StarRep (System_id,cluster_id,distance_clust_virt_centre,luminosity,no_planets_allowed,angle_in_radians_s,star_color,star_type,star_size)  VALUES ('U2027V2002', 'U2027V2002_0', 6.763636363636364E10, 2.599568447612114E-5, 'F', 10.0, 'red_.dwarf', 'dm', 0.676);


INSERT INTO ClusterRep (System_id,distance_sys_virt_centre,planetsAllowed,cluster_id,angle_in_radians,cluster_description,number_stars_in_cluster)  VALUES ('U2027V2002', 3.5011764705882355E11, 'T', 'U2027V2002_0', 0.6457718232379019, 'Cluster Number: 0 SINGLESTAR', 1);


INSERT INTO SystemRep (System_id, distance_to_galaxy_centre, ucoordinate, vcoordinate) VALUES ('U2027V2001', 3.3905989987016748E16, 2027.0, 2001.0);


INSERT INTO SystemRep (System_id, distance_to_galaxy_centre, ucoordinate, vcoordinate) VALUES ('U2027V2000', 3.3897628153463244E16, 2027.0, 2000.0);


INSERT INTO StarRep (System_id,cluster_id,distance_clust_virt_centre,luminosity,no_planets_allowed,angle_in_radians_s,star_color,star_type,star_size)  VALUES ('U2027V2000', 'U2027V2000_0', 6.469565217391304E10, 0.16161040419159176, 'F', 50.0, 'orng.mains', 'k6', 1.169);


INSERT INTO ClusterRep (System_id,distance_sys_virt_centre,planetsAllowed,cluster_id,angle_in_radians,cluster_description,number_stars_in_cluster)  VALUES ('U2027V2000', 6.6133333333333336E10, 'T', 'U2027V2000_0', 6.073745796940266, 'Cluster Number: 0 SINGLESTAR', 1);


INSERT INTO SystemRep (System_id, distance_to_galaxy_centre, ucoordinate, vcoordinate) VALUES ('U2023V2009', 3.3939157853867852E16, 2023.0, 2009.0);


INSERT INTO SystemRep (System_id, distance_to_galaxy_centre, ucoordinate, vcoordinate) VALUES ('U2031V2019', 3.409061609146353E16, 2031.0, 2019.0);


INSERT INTO StarRep (System_id,cluster_id,distance_clust_virt_centre,luminosity,no_planets_allowed,angle_in_radians_s,star_color,star_type,star_size)  VALUES ('U2031V2019', 'U2031V2019_0', 5.1310344827586205E10, 0.0465072816890079, 'F', 333.0, 'red_.mains', 'm3', 0.09316666666666662);


INSERT INTO StarRep (System_id,cluster_id,distance_clust_virt_centre,luminosity,no_planets_allowed,angle_in_radians_s,star_color,star_type,star_size)  VALUES ('U2031V2019', 'U2031V2019_0', 1.6533333333333334E11, 4.47654442303456, 'F', 108.0, 'orng.subgi', 'k3', 2.166666666666667);


INSERT INTO StarRep (System_id,cluster_id,distance_clust_virt_centre,luminosity,no_planets_allowed,angle_in_radians_s,star_color,star_type,star_size)  VALUES ('U2031V2019', 'U2031V2019_0', 1.1904E11, 0.408, 'F', 108.0, 'yelo.mains', 'g9', 47.4);


INSERT INTO StarRep (System_id,cluster_id,distance_clust_virt_centre,luminosity,no_planets_allowed,angle_in_radians_s,star_color,star_type,star_size)  VALUES ('U2031V2019', 'U2031V2019_2', 3.2E10, 0.123, 'F', 7.0, 'orng.mains', 'k8', 1.2120000000000002);


INSERT INTO ClusterRep (System_id,distance_sys_virt_centre,planetsAllowed,cluster_id,angle_in_radians,cluster_description,number_stars_in_cluster)  VALUES ('U2031V2019', 8.153424657534247E10, 'F', 'U2031V2019_2', 1.8500490071139892, 'Cluster Number: 2 THREESTAR_TRINARY', 1);


INSERT INTO SystemRep (System_id, distance_to_galaxy_centre, ucoordinate, vcoordinate) VALUES ('U2023V2008', 3.3930770783716184E16, 2023.0, 2008.0);


INSERT INTO StarRep (System_id,cluster_id,distance_clust_virt_centre,luminosity,no_planets_allowed,angle_in_radians_s,star_color,star_type,star_size)  VALUES ('U2023V2008', 'U2023V2008_0', 7.44E11, 0.12238851038870484, 'F', 286.0, 'orng.mains', 'k8', 1.2120000000000002);


INSERT INTO ClusterRep (System_id,distance_sys_virt_centre,planetsAllowed,cluster_id,angle_in_radians,cluster_description,number_stars_in_cluster)  VALUES ('U2023V2008', 1.1670588235294118E11, 'T', 'U2023V2008_0', 0.9948376736367678, 'Cluster Number: 0 SINGLESTAR', 1);


INSERT INTO SystemRep (System_id, distance_to_galaxy_centre, ucoordinate, vcoordinate) VALUES ('U2031V2018', 3.408222471521717E16, 2031.0, 2018.0);


INSERT INTO StarRep (System_id,cluster_id,distance_clust_virt_centre,luminosity,no_planets_allowed,angle_in_radians_s,star_color,star_type,star_size)  VALUES ('U2031V2018', 'U2031V2018_0', 3.2703296703296703E10, 0.162, 'F', 200.0, 'orng.mains', 'k6', 1.169);


INSERT INTO StarRep (System_id,cluster_id,distance_clust_virt_centre,luminosity,no_planets_allowed,angle_in_radians_s,star_color,star_type,star_size)  VALUES ('U2031V2018', 'U2031V2018_0', 4.96E11, 0.12217263422584125, 'F', 109.0, 'orng.mains', 'k8', 1.2120000000000002);


INSERT INTO StarRep (System_id,cluster_id,distance_clust_virt_centre,luminosity,no_planets_allowed,angle_in_radians_s,star_color,star_type,star_size)  VALUES ('U2031V2018', 'U2031V2018_0', 6.6133333333333336E10, 60.0, 'F', 263.0, 'whit.mains', 'a2', 31.200000000000003);


INSERT INTO StarRep (System_id,cluster_id,distance_clust_virt_centre,luminosity,no_planets_allowed,angle_in_radians_s,star_color,star_type,star_size)  VALUES ('U2031V2018', 'U2031V2018_2', 2.976E12, 0.0096, 'F', 83.0, 'red_.mains', 'm9', 0.13616666666666666);


INSERT INTO ClusterRep (System_id,distance_sys_virt_centre,planetsAllowed,cluster_id,angle_in_radians,cluster_description,number_stars_in_cluster)  VALUES ('U2031V2018', 1.3841860465116278E11, 'F', 'U2031V2018_2', 2.129301687433082, 'Cluster Number: 2 THREESTAR_TRINARY', 1);


INSERT INTO SystemRep (System_id, distance_to_galaxy_centre, ucoordinate, vcoordinate) VALUES ('U2023V2007', 3.3922385817257136E16, 2023.0, 2007.0);


INSERT INTO StarRep (System_id,cluster_id,distance_clust_virt_centre,luminosity,no_planets_allowed,angle_in_radians_s,star_color,star_type,star_size)  VALUES ('U2023V2007', 'U2023V2007_0', 4.441791044776119E10, 0.046027815633408437, 'F', 339.0, 'red_.mains', 'm3', 0.09316666666666662);


INSERT INTO ClusterRep (System_id,distance_sys_virt_centre,planetsAllowed,cluster_id,angle_in_radians,cluster_description,number_stars_in_cluster)  VALUES ('U2023V2007', 9.6E10, 'T', 'U2023V2007_0', 2.4085543677521746, 'Cluster Number: 0 SINGLESTAR', 1);


INSERT INTO SystemRep (System_id, distance_to_galaxy_centre, ucoordinate, vcoordinate) VALUES ('U2031V2017', 3.4073835431192656E16, 2031.0, 2017.0);


INSERT INTO StarRep (System_id,cluster_id,distance_clust_virt_centre,luminosity,no_planets_allowed,angle_in_radians_s,star_color,star_type,star_size)  VALUES ('U2031V2017', 'U2031V2017_0', 5.5111111111111115E10, 0.046279073460764264, 'F', 253.0, 'red_.mains', 'm3', 0.09316666666666662);


INSERT INTO StarRep (System_id,cluster_id,distance_clust_virt_centre,luminosity,no_planets_allowed,angle_in_radians_s,star_color,star_type,star_size)  VALUES ('U2031V2017', 'U2031V2017_0', 6.763636363636364E10, 0.21507322668709053, 'F', 117.0, 'orng.mains', 'k4', 1.126);


INSERT INTO StarRep (System_id,cluster_id,distance_clust_virt_centre,luminosity,no_planets_allowed,angle_in_radians_s,star_color,star_type,star_size)  VALUES ('U2031V2017', 'U2031V2017_0', 7.085714285714285E10, 1120.0, 'F', 318.0, 'whit.gi.ii', 'a4', 15.3);


INSERT INTO StarRep (System_id,cluster_id,distance_clust_virt_centre,luminosity,no_planets_allowed,angle_in_radians_s,star_color,star_type,star_size)  VALUES ('U2031V2017', 'U2031V2017_2', 7.83157894736842E10, 0.9416137991846034, 'F', 101.0, 'yelo.mains', 'g3', 43.8);


INSERT INTO ClusterRep (System_id,distance_sys_virt_centre,planetsAllowed,cluster_id,angle_in_radians,cluster_description,number_stars_in_cluster)  VALUES ('U2031V2017', 6.540659340659341E10, 'F', 'U2031V2017_2', 3.543018381548489, 'Cluster Number: 2 THREESTAR_TRINARY', 1);


INSERT INTO SystemRep (System_id, distance_to_galaxy_centre, ucoordinate, vcoordinate) VALUES ('U2023V2006', 3.391400295605106E16, 2023.0, 2006.0);


INSERT INTO StarRep (System_id,cluster_id,distance_clust_virt_centre,luminosity,no_planets_allowed,angle_in_radians_s,star_color,star_type,star_size)  VALUES ('U2023V2006', 'U2023V2006_0', 0.0, 0.216, 'F', 206.0, 'orng.mains', 'k4', 1.126);


INSERT INTO ClusterRep (System_id,distance_sys_virt_centre,planetsAllowed,cluster_id,angle_in_radians,cluster_description,number_stars_in_cluster)  VALUES ('U2023V2006', 1.488E12, 'T', 'U2023V2006_0', 2.6878070480712677, 'Cluster Number: 0 SINGLESTAR', 1);


INSERT INTO SystemRep (System_id, distance_to_galaxy_centre, ucoordinate, vcoordinate) VALUES ('U2031V2016', 3.406544824093574E16, 2031.0, 2016.0);


INSERT INTO StarRep (System_id,cluster_id,distance_clust_virt_centre,luminosity,no_planets_allowed,angle_in_radians_s,star_color,star_type,star_size)  VALUES ('U2031V2016', 'U2031V2016_0', 3.343820224719101E10, 1312534.9953746235, 'F', 160.0, 'blue.sg.ii', 'o8', 24.0);


INSERT INTO StarRep (System_id,cluster_id,distance_clust_virt_centre,luminosity,no_planets_allowed,angle_in_radians_s,star_color,star_type,star_size)  VALUES ('U2031V2016', 'U2031V2016_0', 4.376470588235294E10, 0.013317745316182768, 'F', 114.0, 'red_.mains', 'm7', 0.12183333333333335);


INSERT INTO StarRep (System_id,cluster_id,distance_clust_virt_centre,luminosity,no_planets_allowed,angle_in_radians_s,star_color,star_type,star_size)  VALUES ('U2031V2016', 'U2031V2016_0', 9.92E11, 0.21524733723091885, 'F', 8.0, 'orng.mains', 'k4', 1.126);


INSERT INTO StarRep (System_id,cluster_id,distance_clust_virt_centre,luminosity,no_planets_allowed,angle_in_radians_s,star_color,star_type,star_size)  VALUES ('U2031V2016', 'U2031V2016_2', 1.2939130434782608E11, 0.0276, 'F', 310.0, 'red_.mains', 'm5', 0.10750000000000004);


INSERT INTO ClusterRep (System_id,distance_sys_virt_centre,planetsAllowed,cluster_id,angle_in_radians,cluster_description,number_stars_in_cluster)  VALUES ('U2031V2016', 1.1446153846153847E11, 'F', 'U2031V2016_2', 2.9845130209103035, 'Cluster Number: 2 THREESTAR_TRINARY', 1);


INSERT INTO SystemRep (System_id, distance_to_galaxy_centre, ucoordinate, vcoordinate) VALUES ('U2023V2005', 3.3905622201659476E16, 2023.0, 2005.0);


INSERT INTO StarRep (System_id,cluster_id,distance_clust_virt_centre,luminosity,no_planets_allowed,angle_in_radians_s,star_color,star_type,star_size)  VALUES ('U2023V2005', 'U2023V2005_0', 1.488E12, 53900.0, 'F', 246.0, 'red_.sg.i ', 'm1', 34.0);


INSERT INTO ClusterRep (System_id,distance_sys_virt_centre,planetsAllowed,cluster_id,angle_in_radians,cluster_description,number_stars_in_cluster)  VALUES ('U2023V2005', 7.72987012987013E10, 'T', 'U2023V2005_0', 1.8500490071139892, 'Cluster Number: 0 SINGLESTAR', 1);


INSERT INTO SystemRep (System_id, distance_to_galaxy_centre, ucoordinate, vcoordinate) VALUES ('U2031V2015', 3.405706314599331E16, 2031.0, 2015.0);


INSERT INTO StarRep (System_id,cluster_id,distance_clust_virt_centre,luminosity,no_planets_allowed,angle_in_radians_s,star_color,star_type,star_size)  VALUES ('U2031V2015', 'U2031V2015_0', 1.3527272727272728E11, 0.0096, 'F', 26.0, 'red_.mains', 'm9', 0.13616666666666666);


INSERT INTO StarRep (System_id,cluster_id,distance_clust_virt_centre,luminosity,no_planets_allowed,angle_in_radians_s,star_color,star_type,star_size)  VALUES ('U2031V2015', 'U2031V2015_0', 5.314285714285714E10, 1.549029131441813, 'F', 115.0, 'pyel.mains', 'f8', 40.8);


INSERT INTO StarRep (System_id,cluster_id,distance_clust_virt_centre,luminosity,no_planets_allowed,angle_in_radians_s,star_color,star_type,star_size)  VALUES ('U2031V2015', 'U2031V2015_0', 1.3527272727272728E11, 1.195064156370833, 'F', 163.0, 'yelo.mains', 'g0', 42.0);


INSERT INTO StarRep (System_id,cluster_id,distance_clust_virt_centre,luminosity,no_planets_allowed,angle_in_radians_s,star_color,star_type,star_size)  VALUES ('U2031V2015', 'U2031V2015_2', 9.92E10, 1794872.6606093019, 'F', 26.0, 'blue.sg.i ', 'o8', 116.66666666666667);


INSERT INTO ClusterRep (System_id,distance_sys_virt_centre,planetsAllowed,cluster_id,angle_in_radians,cluster_description,number_stars_in_cluster)  VALUES ('U2031V2015', 2.7054545454545456E11, 'F', 'U2031V2015_2', 3.2637657012293966, 'Cluster Number: 2 THREESTAR_TRINARY', 1);


INSERT INTO SystemRep (System_id, distance_to_galaxy_centre, ucoordinate, vcoordinate) VALUES ('U2023V2004', 3.3897243555645052E16, 2023.0, 2004.0);


INSERT INTO StarRep (System_id,cluster_id,distance_clust_virt_centre,luminosity,no_planets_allowed,angle_in_radians_s,star_color,star_type,star_size)  VALUES ('U2023V2004', 'U2023V2004_0', 8.502857142857143E10, 0.0091, 'F', 113.0, 'ltbl.dwarf', 'db', 0.05606666666666671);


INSERT INTO ClusterRep (System_id,distance_sys_virt_centre,planetsAllowed,cluster_id,angle_in_radians,cluster_description,number_stars_in_cluster)  VALUES ('U2023V2004', 2.976E11, 'T', 'U2023V2004_0', 2.129301687433082, 'Cluster Number: 0 SINGLESTAR', 1);


INSERT INTO SystemRep (System_id, distance_to_galaxy_centre, ucoordinate, vcoordinate) VALUES ('U2031V2014', 3.40486801479134E16, 2031.0, 2014.0);


INSERT INTO StarRep (System_id,cluster_id,distance_clust_virt_centre,luminosity,no_planets_allowed,angle_in_radians_s,star_color,star_type,star_size)  VALUES ('U2031V2014', 'U2031V2014_0', 9.3E10, 0.123, 'F', 135.0, 'orng.mains', 'k8', 1.2120000000000002);


INSERT INTO StarRep (System_id,cluster_id,distance_clust_virt_centre,luminosity,no_planets_allowed,angle_in_radians_s,star_color,star_type,star_size)  VALUES ('U2031V2014', 'U2031V2014_0', 5.952E11, 0.081470106427384, 'F', 171.0, 'red_.mains', 'm9', 0.13616666666666666);


INSERT INTO StarRep (System_id,cluster_id,distance_clust_virt_centre,luminosity,no_planets_allowed,angle_in_radians_s,star_color,star_type,star_size)  VALUES ('U2031V2014', 'U2031V2014_0', 7.44E10, 7.65, 'F', 141.0, 'pyel.mains', 'f1', 36.599999999999994);


INSERT INTO StarRep (System_id,cluster_id,distance_clust_virt_centre,luminosity,no_planets_allowed,angle_in_radians_s,star_color,star_type,star_size)  VALUES ('U2031V2014', 'U2031V2014_2', 1.488E12, 2.8E-5, 'F', 303.0, 'red_.dwarf', 'dm', 0.6413333333333334);


INSERT INTO ClusterRep (System_id,distance_sys_virt_centre,planetsAllowed,cluster_id,angle_in_radians,cluster_description,number_stars_in_cluster)  VALUES ('U2031V2014', 0.0, 'F', 'U2031V2014_2', 1.1519173063162575, 'Cluster Number: 2 THREESTAR_TRINARY', 1);


INSERT INTO SystemRep (System_id, distance_to_galaxy_centre, ucoordinate, vcoordinate) VALUES ('U2023V2003', 3.3888867019571604E16, 2023.0, 2003.0);


INSERT INTO StarRep (System_id,cluster_id,distance_clust_virt_centre,luminosity,no_planets_allowed,angle_in_radians_s,star_color,star_type,star_size)  VALUES ('U2023V2003', 'U2023V2003_0', 3.036734693877551E10, 1028402.7186295743, 'F', 166.0, 'blue.sg.i ', 'o8', 120.0);


INSERT INTO ClusterRep (System_id,distance_sys_virt_centre,planetsAllowed,cluster_id,angle_in_radians,cluster_description,number_stars_in_cluster)  VALUES ('U2023V2003', 1.92E11, 'T', 'U2023V2003_0', 3.543018381548489, 'Cluster Number: 0 SINGLESTAR', 1);


INSERT INTO SystemRep (System_id, distance_to_galaxy_centre, ucoordinate, vcoordinate) VALUES ('U2031V2013', 3.404029924824516E16, 2031.0, 2013.0);


INSERT INTO SystemRep (System_id, distance_to_galaxy_centre, ucoordinate, vcoordinate) VALUES ('U2023V2002', 3.3880492595004104E16, 2023.0, 2002.0);


INSERT INTO StarRep (System_id,cluster_id,distance_clust_virt_centre,luminosity,no_planets_allowed,angle_in_radians_s,star_color,star_type,star_size)  VALUES ('U2023V2002', 'U2023V2002_0', 9.6E10, 0.72, 'F', 33.0, 'pyel.subdw', 'f7', 3.42);


INSERT INTO ClusterRep (System_id,distance_sys_virt_centre,planetsAllowed,cluster_id,angle_in_radians,cluster_description,number_stars_in_cluster)  VALUES ('U2023V2002', 8.266666666666667E10, 'T', 'U2023V2002_0', 3.822271061867582, 'Cluster Number: 0 SINGLESTAR', 1);


INSERT INTO SystemRep (System_id, distance_to_galaxy_centre, ucoordinate, vcoordinate) VALUES ('U2031V2012', 3.40319204485389E16, 2031.0, 2012.0);


INSERT INTO StarRep (System_id,cluster_id,distance_clust_virt_centre,luminosity,no_planets_allowed,angle_in_radians_s,star_color,star_type,star_size)  VALUES ('U2031V2012', 'U2031V2012_0', 4.578461538461539E10, 0.333, 'F', 2.0, 'orng.mains', 'k1', 1.0615);


INSERT INTO StarRep (System_id,cluster_id,distance_clust_virt_centre,luminosity,no_planets_allowed,angle_in_radians_s,star_color,star_type,star_size)  VALUES ('U2031V2012', 'U2031V2012_0', 3.234782608695652E10, 1.1996861266878875, 'F', 172.0, 'yelo.mains', 'g0', 42.0);


INSERT INTO StarRep (System_id,cluster_id,distance_clust_virt_centre,luminosity,no_planets_allowed,angle_in_radians_s,star_color,star_type,star_size)  VALUES ('U2031V2012', 'U2031V2012_0', 5.044067796610169E10, 2.8E-5, 'F', 296.0, 'red_.dwarf', 'dm', 0.6413333333333334);


INSERT INTO StarRep (System_id,cluster_id,distance_clust_virt_centre,luminosity,no_planets_allowed,angle_in_radians_s,star_color,star_type,star_size)  VALUES ('U2031V2012', 'U2031V2012_2', 3.306666666666667E11, 1.1952901124984305, 'F', 19.0, 'yelo.mains', 'g0', 42.0);


INSERT INTO ClusterRep (System_id,distance_sys_virt_centre,planetsAllowed,cluster_id,angle_in_radians,cluster_description,number_stars_in_cluster)  VALUES ('U2031V2012', 8.626086956521739E10, 'F', 'U2031V2012_2', 1.43116998663535, 'Cluster Number: 2 THREESTAR_TRINARY', 1);


INSERT INTO SystemRep (System_id, distance_to_galaxy_centre, ucoordinate, vcoordinate) VALUES ('U2023V2001', 3.387212028350868E16, 2023.0, 2001.0);


INSERT INTO StarRep (System_id,cluster_id,distance_clust_virt_centre,luminosity,no_planets_allowed,angle_in_radians_s,star_color,star_type,star_size)  VALUES ('U2023V2001', 'U2023V2001_0', 9.018181818181818E10, 0.407542186571356, 'F', 73.0, 'yelo.mains', 'g9', 47.4);


INSERT INTO ClusterRep (System_id,distance_sys_virt_centre,planetsAllowed,cluster_id,angle_in_radians,cluster_description,number_stars_in_cluster)  VALUES ('U2023V2001', 1.2939130434782608E11, 'T', 'U2023V2001_0', 2.9845130209103035, 'Cluster Number: 0 SINGLESTAR', 1);


INSERT INTO SystemRep (System_id, distance_to_galaxy_centre, ucoordinate, vcoordinate) VALUES ('U2031V2011', 3.4023543750346052E16, 2031.0, 2011.0);


INSERT INTO SystemRep (System_id, distance_to_galaxy_centre, ucoordinate, vcoordinate) VALUES ('U2023V2000', 3.38637500866526E16, 2023.0, 2000.0);


INSERT INTO StarRep (System_id,cluster_id,distance_clust_virt_centre,luminosity,no_planets_allowed,angle_in_radians_s,star_color,star_type,star_size)  VALUES ('U2023V2000', 'U2023V2000_0', 4.578461538461539E10, 4.37, 'F', 299.0, 'pyel.mains', 'f3', 37.800000000000004);


INSERT INTO ClusterRep (System_id,distance_sys_virt_centre,planetsAllowed,cluster_id,angle_in_radians,cluster_description,number_stars_in_cluster)  VALUES ('U2023V2000', 6.763636363636364E10, 'T', 'U2023V2000_0', 3.2637657012293966, 'Cluster Number: 0 SINGLESTAR', 1);


INSERT INTO SystemRep (System_id, distance_to_galaxy_centre, ucoordinate, vcoordinate) VALUES ('U2031V2010', 3.401516915521921E16, 2031.0, 2010.0);


INSERT INTO SystemRep (System_id, distance_to_galaxy_centre, ucoordinate, vcoordinate) VALUES ('U2025V2019', 3.4039999520549E16, 2025.0, 2019.0);


INSERT INTO StarRep (System_id,cluster_id,distance_clust_virt_centre,luminosity,no_planets_allowed,angle_in_radians_s,star_color,star_type,star_size)  VALUES ('U2025V2019', 'U2025V2019_0', 4.021621621621622E10, 1.2, 'F', 148.0, 'yelo.mains', 'g0', 42.0);


INSERT INTO ClusterRep (System_id,distance_sys_virt_centre,planetsAllowed,cluster_id,angle_in_radians,cluster_description,number_stars_in_cluster)  VALUES ('U2025V2019', 7.085714285714285E10, 'T', 'U2025V2019_0', 0.8203047484373349, 'Cluster Number: 0 SINGLESTAR', 1);


INSERT INTO SystemRep (System_id, distance_to_galaxy_centre, ucoordinate, vcoordinate) VALUES ('U2025V2018', 3.403159566347109E16, 2025.0, 2018.0);


INSERT INTO StarRep (System_id,cluster_id,distance_clust_virt_centre,luminosity,no_planets_allowed,angle_in_radians_s,star_color,star_type,star_size)  VALUES ('U2025V2018', 'U2025V2018_0', 4.251428571428571E11, 1385.471848585026, 'F', 15.0, 'red_.gi.i ', 'm2', 9.813333333333333);


INSERT INTO ClusterRep (System_id,distance_sys_virt_centre,planetsAllowed,cluster_id,angle_in_radians,cluster_description,number_stars_in_cluster)  VALUES ('U2025V2018', 2.2892307692307693E11, 'T', 'U2025V2018_0', 1.0995574287564276, 'Cluster Number: 0 SINGLESTAR', 1);


INSERT INTO SystemRep (System_id, distance_to_galaxy_centre, ucoordinate, vcoordinate) VALUES ('U2025V2017', 3.4023193895568124E16, 2025.0, 2017.0);


INSERT INTO SystemRep (System_id, distance_to_galaxy_centre, ucoordinate, vcoordinate) VALUES ('U2025V2016', 3.4014794218388212E16, 2025.0, 2016.0);


INSERT INTO StarRep (System_id,cluster_id,distance_clust_virt_centre,luminosity,no_planets_allowed,angle_in_radians_s,star_color,star_type,star_size)  VALUES ('U2025V2016', 'U2025V2016_0', 4.251428571428571E10, 1.1963382665112436, 'F', 68.0, 'yelo.mains', 'g0', 42.0);


INSERT INTO ClusterRep (System_id,distance_sys_virt_centre,planetsAllowed,cluster_id,angle_in_radians,cluster_description,number_stars_in_cluster)  VALUES ('U2025V2016', 1.6086486486486487E11, 'T', 'U2025V2016_0', 2.5132741228718345, 'Cluster Number: 0 SINGLESTAR', 1);


INSERT INTO SystemRep (System_id, distance_to_galaxy_centre, ucoordinate, vcoordinate) VALUES ('U2025V2015', 3.400639663348059E16, 2025.0, 2015.0);


INSERT INTO StarRep (System_id,cluster_id,distance_clust_virt_centre,luminosity,no_planets_allowed,angle_in_radians_s,star_color,star_type,star_size)  VALUES ('U2025V2015', 'U2025V2015_0', 5.952E11, 0.0912, 'F', 335.0, 'red_.mains', 'm0', 1.255);


INSERT INTO ClusterRep (System_id,distance_sys_virt_centre,planetsAllowed,cluster_id,angle_in_radians,cluster_description,number_stars_in_cluster)  VALUES ('U2025V2015', 1.1230188679245284E11, 'T', 'U2025V2015_0', 1.9547687622336491, 'Cluster Number: 0 SINGLESTAR', 1);


INSERT INTO SystemRep (System_id, distance_to_galaxy_centre, ucoordinate, vcoordinate) VALUES ('U2025V2014', 3.3998001142395652E16, 2025.0, 2014.0);


INSERT INTO SystemRep (System_id, distance_to_galaxy_centre, ucoordinate, vcoordinate) VALUES ('U2025V2013', 3.398960774668493E16, 2025.0, 2013.0);


INSERT INTO StarRep (System_id,cluster_id,distance_clust_virt_centre,luminosity,no_planets_allowed,angle_in_radians_s,star_color,star_type,star_size)  VALUES ('U2025V2013', 'U2025V2013_0', 8.043243243243243E10, 0.281356716582885, 'F', 201.0, 'orng.mains', 'k2', 1.0830000000000002);


INSERT INTO ClusterRep (System_id,distance_sys_virt_centre,planetsAllowed,cluster_id,angle_in_radians,cluster_description,number_stars_in_cluster)  VALUES ('U2025V2013', 6.331914893617021E10, 'T', 'U2025V2013_0', 2.234021442552742, 'Cluster Number: 0 SINGLESTAR', 1);


INSERT INTO SystemRep (System_id, distance_to_galaxy_centre, ucoordinate, vcoordinate) VALUES ('U2025V2012', 3.3981216447901096E16, 2025.0, 2012.0);


INSERT INTO StarRep (System_id,cluster_id,distance_clust_virt_centre,luminosity,no_planets_allowed,angle_in_radians_s,star_color,star_type,star_size)  VALUES ('U2025V2012', 'U2025V2012_0', 2.976E12, 0.12245709610141045, 'F', 255.0, 'orng.mains', 'k8', 1.2120000000000002);


INSERT INTO ClusterRep (System_id,distance_sys_virt_centre,planetsAllowed,cluster_id,angle_in_radians,cluster_description,number_stars_in_cluster)  VALUES ('U2025V2012', 9.92E11, 'T', 'U2025V2012_0', 3.6477381366681487, 'Cluster Number: 0 SINGLESTAR', 1);


INSERT INTO SystemRep (System_id, distance_to_galaxy_centre, ucoordinate, vcoordinate) VALUES ('U2025V2011', 3.3972827247597984E16, 2025.0, 2011.0);


INSERT INTO StarRep (System_id,cluster_id,distance_clust_virt_centre,luminosity,no_planets_allowed,angle_in_radians_s,star_color,star_type,star_size)  VALUES ('U2025V2011', 'U2025V2011_0', 8.752941176470589E10, 0.282, 'F', 122.0, 'orng.mains', 'k2', 1.0830000000000002);


INSERT INTO ClusterRep (System_id,distance_sys_virt_centre,planetsAllowed,cluster_id,angle_in_radians,cluster_description,number_stars_in_cluster)  VALUES ('U2025V2011', 1.24E11, 'T', 'U2025V2011_0', 3.9269908169872414, 'Cluster Number: 0 SINGLESTAR', 1);


INSERT INTO SystemRep (System_id, distance_to_galaxy_centre, ucoordinate, vcoordinate) VALUES ('U2036V2009', 3.4049137947419932E16, 2036.0, 2009.0);


INSERT INTO StarRep (System_id,cluster_id,distance_clust_virt_centre,luminosity,no_planets_allowed,angle_in_radians_s,star_color,star_type,star_size)  VALUES ('U2036V2009', 'U2036V2009_0', 3.036734693877551E10, 1.2, 'F', 278.0, 'yelo.mains', 'g0', 42.0);


INSERT INTO StarRep (System_id,cluster_id,distance_clust_virt_centre,luminosity,no_planets_allowed,angle_in_radians_s,star_color,star_type,star_size)  VALUES ('U2036V2009', 'U2036V2009_0', 8.043243243243243E10, 0.04646531047639239, 'F', 52.0, 'red_.mains', 'm3', 0.09316666666666662);


INSERT INTO ClusterRep (System_id,distance_sys_virt_centre,planetsAllowed,cluster_id,angle_in_radians,cluster_description,number_stars_in_cluster)  VALUES ('U2036V2009', 3.3728E12, 'T', 'U2036V2009_1', 0.10326530530769419, 'Cluster Number: 1 THREESTAR_BINARYPLUSONE', 0);


INSERT INTO SystemRep (System_id, distance_to_galaxy_centre, ucoordinate, vcoordinate) VALUES ('U2025V2010', 3.396444014733056E16, 2025.0, 2010.0);


INSERT INTO StarRep (System_id,cluster_id,distance_clust_virt_centre,luminosity,no_planets_allowed,angle_in_radians_s,star_color,star_type,star_size)  VALUES ('U2025V2010', 'U2025V2010_0', 8.266666666666667E10, 2.9495805334353252E-5, 'F', 162.0, 'red_.dwarf', 'dm', 0.6153333333333334);


INSERT INTO ClusterRep (System_id,distance_sys_virt_centre,planetsAllowed,cluster_id,angle_in_radians,cluster_description,number_stars_in_cluster)  VALUES ('U2025V2010', 2.7054545454545456E11, 'T', 'U2025V2010_0', 3.07177948351002, 'Cluster Number: 0 SINGLESTAR', 1);


INSERT INTO SystemRep (System_id, distance_to_galaxy_centre, ucoordinate, vcoordinate) VALUES ('U2036V2008', 3.4040777974508164E16, 2036.0, 2008.0);


INSERT INTO SystemRep (System_id, distance_to_galaxy_centre, ucoordinate, vcoordinate) VALUES ('U2036V2007', 3.403242011182161E16, 2036.0, 2007.0);


INSERT INTO StarRep (System_id,cluster_id,distance_clust_virt_centre,luminosity,no_planets_allowed,angle_in_radians_s,star_color,star_type,star_size)  VALUES ('U2036V2007', 'U2036V2007_0', 2.976E12, 0.013323128664111509, 'F', 318.0, 'red_.mains', 'm7', 0.12183333333333335);


INSERT INTO StarRep (System_id,cluster_id,distance_clust_virt_centre,luminosity,no_planets_allowed,angle_in_radians_s,star_color,star_type,star_size)  VALUES ('U2036V2007', 'U2036V2007_0', 4.0767123287671234E10, 0.28151896436721496, 'F', 48.0, 'orng.mains', 'k2', 1.0830000000000002);


INSERT INTO ClusterRep (System_id,distance_sys_virt_centre,planetsAllowed,cluster_id,angle_in_radians,cluster_description,number_stars_in_cluster)  VALUES ('U2036V2007', 3.1368648648648647E12, 'T', 'U2036V2007_1', 0.04234182135035249, 'Cluster Number: 1 THREESTAR_BINARYPLUSONE', 0);


INSERT INTO SystemRep (System_id, distance_to_galaxy_centre, ucoordinate, vcoordinate) VALUES ('U2036V2006', 3.4024064360915376E16, 2036.0, 2006.0);


INSERT INTO StarRep (System_id,cluster_id,distance_clust_virt_centre,luminosity,no_planets_allowed,angle_in_radians_s,star_color,star_type,star_size)  VALUES ('U2036V2006', 'U2036V2006_0', 9.018181818181818E10, 0.0912, 'F', 184.0, 'red_.mains', 'm0', 1.255);


INSERT INTO StarRep (System_id,cluster_id,distance_clust_virt_centre,luminosity,no_planets_allowed,angle_in_radians_s,star_color,star_type,star_size)  VALUES ('U2036V2006', 'U2036V2006_0', 4.878688524590164E10, 5.993663677871254, 'F', 49.0, 'ltbl.subdw', 'b0', 0.21499999999999997);


INSERT INTO ClusterRep (System_id,distance_sys_virt_centre,planetsAllowed,cluster_id,angle_in_radians,cluster_description,number_stars_in_cluster)  VALUES ('U2036V2006', 3.433846153846154E12, 'T', 'U2036V2006_1', 0.02619709810165694, 'Cluster Number: 1 THREESTAR_BINARYPLUSONE', 0);


INSERT INTO SystemRep (System_id, distance_to_galaxy_centre, ucoordinate, vcoordinate) VALUES ('U2036V2005', 3.4015710723345708E16, 2036.0, 2005.0);


INSERT INTO StarRep (System_id,cluster_id,distance_clust_virt_centre,luminosity,no_planets_allowed,angle_in_radians_s,star_color,star_type,star_size)  VALUES ('U2036V2005', 'U2036V2005_0', 1.0262068965517241E11, 0.09102868734203567, 'F', 105.0, 'red_.mains', 'm0', 1.255);


INSERT INTO StarRep (System_id,cluster_id,distance_clust_virt_centre,luminosity,no_planets_allowed,angle_in_radians_s,star_color,star_type,star_size)  VALUES ('U2036V2005', 'U2036V2005_0', 3.4206896551724136E10, 0.408, 'F', 58.0, 'yelo.mains', 'g9', 47.4);


INSERT INTO ClusterRep (System_id,distance_sys_virt_centre,planetsAllowed,cluster_id,angle_in_radians,cluster_description,number_stars_in_cluster)  VALUES ('U2036V2005', 3.3066666666666665E12, 'T', 'U2036V2005_1', 0.03868641231291199, 'Cluster Number: 1 THREESTAR_BINARYPLUSONE', 0);


INSERT INTO SystemRep (System_id, distance_to_galaxy_centre, ucoordinate, vcoordinate) VALUES ('U2036V2004', 3.4007359200669964E16, 2036.0, 2004.0);


INSERT INTO StarRep (System_id,cluster_id,distance_clust_virt_centre,luminosity,no_planets_allowed,angle_in_radians_s,star_color,star_type,star_size)  VALUES ('U2036V2004', 'U2036V2004_0', 9.6E10, 381.7820230485312, 'F', 145.0, 'orng.gi.i ', 'k7', 8.28);


INSERT INTO StarRep (System_id,cluster_id,distance_clust_virt_centre,luminosity,no_planets_allowed,angle_in_radians_s,star_color,star_type,star_size)  VALUES ('U2036V2004', 'U2036V2004_0', 1.24E11, 107847.74847546205, 'F', 54.0, 'blue.subgi', 'o8', 32.666666666666664);


INSERT INTO ClusterRep (System_id,distance_sys_virt_centre,planetsAllowed,cluster_id,angle_in_radians,cluster_description,number_stars_in_cluster)  VALUES ('U2036V2004', 3.121170731707317E12, 'T', 'U2036V2004_1', 0.08712058205899866, 'Cluster Number: 1 THREESTAR_BINARYPLUSONE', 0);


INSERT INTO SystemRep (System_id, distance_to_galaxy_centre, ucoordinate, vcoordinate) VALUES ('U2036V2003', 3.399900979444666E16, 2036.0, 2003.0);


INSERT INTO SystemRep (System_id, distance_to_galaxy_centre, ucoordinate, vcoordinate) VALUES ('U2036V2002', 3.3990662506235444E16, 2036.0, 2002.0);


INSERT INTO StarRep (System_id,cluster_id,distance_clust_virt_centre,luminosity,no_planets_allowed,angle_in_radians_s,star_color,star_type,star_size)  VALUES ('U2036V2002', 'U2036V2002_0', 4.65E10, 2.9E-5, 'F', 11.0, 'red_.dwarf', 'dm', 0.624);


INSERT INTO StarRep (System_id,cluster_id,distance_clust_virt_centre,luminosity,no_planets_allowed,angle_in_radians_s,star_color,star_type,star_size)  VALUES ('U2036V2002', 'U2036V2002_0', 2.48E11, 0.2159283735883609, 'F', 55.0, 'orng.mains', 'k4', 1.126);


INSERT INTO ClusterRep (System_id,distance_sys_virt_centre,planetsAllowed,cluster_id,angle_in_radians,cluster_description,number_stars_in_cluster)  VALUES ('U2036V2002', 3.348E12, 'T', 'U2036V2002_1', 0.0709758588103031, 'Cluster Number: 1 THREESTAR_BINARYPLUSONE', 0);


INSERT INTO SystemRep (System_id, distance_to_galaxy_centre, ucoordinate, vcoordinate) VALUES ('U2036V2001', 3.3982317337597092E16, 2036.0, 2001.0);


INSERT INTO StarRep (System_id,cluster_id,distance_clust_virt_centre,luminosity,no_planets_allowed,angle_in_radians_s,star_color,star_type,star_size)  VALUES ('U2036V2001', 'U2036V2001_0', 1.0628571428571428E11, 2820.0, 'F', 65.0, 'ltbl.gi.i ', 'b7', 55.833333333333336);


INSERT INTO StarRep (System_id,cluster_id,distance_clust_virt_centre,luminosity,no_planets_allowed,angle_in_radians_s,star_color,star_type,star_size)  VALUES ('U2036V2001', 'U2036V2001_0', 5.835294117647059E10, 0.216, 'F', 63.0, 'orng.mains', 'k4', 1.126);


INSERT INTO ClusterRep (System_id,distance_sys_virt_centre,planetsAllowed,cluster_id,angle_in_radians,cluster_description,number_stars_in_cluster)  VALUES ('U2036V2001', 3.105391304347826E12, 'T', 'U2036V2001_1', 0.0999145136900404, 'Cluster Number: 1 THREESTAR_BINARYPLUSONE', 0);


INSERT INTO SystemRep (System_id, distance_to_galaxy_centre, ucoordinate, vcoordinate) VALUES ('U2036V2000', 3.397397429009353E16, 2036.0, 2000.0);


INSERT INTO StarRep (System_id,cluster_id,distance_clust_virt_centre,luminosity,no_planets_allowed,angle_in_radians_s,star_color,star_type,star_size)  VALUES ('U2036V2000', 'U2036V2000_0', 4.96E10, 3.548257435718296E-5, 'F', 292.0, 'orng.dwarf', 'dk', 0.598);


INSERT INTO StarRep (System_id,cluster_id,distance_clust_virt_centre,luminosity,no_planets_allowed,angle_in_radians_s,star_color,star_type,star_size)  VALUES ('U2036V2000', 'U2036V2000_0', 7.63076923076923E10, 1490.0, 'F', 64.0, 'orng.gi.ii', 'k2', 19.2);


INSERT INTO ClusterRep (System_id,distance_sys_virt_centre,planetsAllowed,cluster_id,angle_in_radians,cluster_description,number_stars_in_cluster)  VALUES ('U2036V2000', 3.2594285714285713E12, 'T', 'U2036V2000_1', 0.08376979044134486, 'Cluster Number: 1 THREESTAR_BINARYPLUSONE', 0);


INSERT INTO SystemRep (System_id, distance_to_galaxy_centre, ucoordinate, vcoordinate) VALUES ('U2032V2009', 3.401526080581597E16, 2032.0, 2009.0);


INSERT INTO StarRep (System_id,cluster_id,distance_clust_virt_centre,luminosity,no_planets_allowed,angle_in_radians_s,star_color,star_type,star_size)  VALUES ('U2032V2009', 'U2032V2009_0', 6.6133333333333336E10, 6.5, 'F', 54.0, 'yelo.subgi', 'g0', 1.75);


INSERT INTO StarRep (System_id,cluster_id,distance_clust_virt_centre,luminosity,no_planets_allowed,angle_in_radians_s,star_color,star_type,star_size)  VALUES ('U2032V2009', 'U2032V2009_0', 4.878688524590164E10, 2.798602381541719E-5, 'F', 139.0, 'red_.dwarf', 'dm', 0.6413333333333334);


INSERT INTO StarRep (System_id,cluster_id,distance_clust_virt_centre,luminosity,no_planets_allowed,angle_in_radians_s,star_color,star_type,star_size)  VALUES ('U2032V2009', 'U2032V2009_0', 9.018181818181818E10, 0.0134, 'F', 125.0, 'red_.mains', 'm7', 0.12183333333333335);


INSERT INTO StarRep (System_id,cluster_id,distance_clust_virt_centre,luminosity,no_planets_allowed,angle_in_radians_s,star_color,star_type,star_size)  VALUES ('U2032V2009', 'U2032V2009_2', 6.331914893617021E10, 0.04612676067217193, 'F', 155.0, 'red_.mains', 'm3', 0.09316666666666662);


INSERT INTO ClusterRep (System_id,distance_sys_virt_centre,planetsAllowed,cluster_id,angle_in_radians,cluster_description,number_stars_in_cluster)  VALUES ('U2032V2009', 1.6533333333333334E11, 'F', 'U2032V2009_2', 1.5009831567151233, 'Cluster Number: 2 THREESTAR_TRINARY', 1);


INSERT INTO SystemRep (System_id, distance_to_galaxy_centre, ucoordinate, vcoordinate) VALUES ('U2032V2008', 3.4006892504829196E16, 2032.0, 2008.0);


INSERT INTO StarRep (System_id,cluster_id,distance_clust_virt_centre,luminosity,no_planets_allowed,angle_in_radians_s,star_color,star_type,star_size)  VALUES ('U2032V2008', 'U2032V2008_0', 4.8E10, 0.0466, 'F', 52.0, 'red_.mains', 'm3', 0.09316666666666662);


INSERT INTO StarRep (System_id,cluster_id,distance_clust_virt_centre,luminosity,no_planets_allowed,angle_in_radians_s,star_color,star_type,star_size)  VALUES ('U2032V2008', 'U2032V2008_0', 3.3066666666666668E10, 0.0912, 'F', 99.0, 'red_.mains', 'm0', 1.255);


INSERT INTO StarRep (System_id,cluster_id,distance_clust_virt_centre,luminosity,no_planets_allowed,angle_in_radians_s,star_color,star_type,star_size)  VALUES ('U2032V2008', 'U2032V2008_0', 3.306666666666667E11, 0.0466, 'F', 258.0, 'red_.mains', 'm3', 0.09316666666666662);


INSERT INTO StarRep (System_id,cluster_id,distance_clust_virt_centre,luminosity,no_planets_allowed,angle_in_radians_s,star_color,star_type,star_size)  VALUES ('U2032V2008', 'U2032V2008_2', 5.952E10, 0.0466, 'F', 274.0, 'red_.mains', 'm3', 0.09316666666666662);


INSERT INTO ClusterRep (System_id,distance_sys_virt_centre,planetsAllowed,cluster_id,angle_in_radians,cluster_description,number_stars_in_cluster)  VALUES ('U2032V2008', 1.0821818181818182E11, 'F', 'U2032V2008_2', 0.15707963267948966, 'Cluster Number: 2 THREESTAR_TRINARY', 1);


INSERT INTO SystemRep (System_id, distance_to_galaxy_centre, ucoordinate, vcoordinate) VALUES ('U2032V2007', 3.3998526312073704E16, 2032.0, 2007.0);


INSERT INTO StarRep (System_id,cluster_id,distance_clust_virt_centre,luminosity,no_planets_allowed,angle_in_radians_s,star_color,star_type,star_size)  VALUES ('U2032V2007', 'U2032V2007_0', 3.1E10, 9805.740416167117, 'F', 319.0, 'yelo.sg.i ', 'g7', 30.833333333333336);


INSERT INTO StarRep (System_id,cluster_id,distance_clust_virt_centre,luminosity,no_planets_allowed,angle_in_radians_s,star_color,star_type,star_size)  VALUES ('U2032V2007', 'U2032V2007_0', 1.86E11, 0.0466, 'F', 96.0, 'red_.mains', 'm3', 0.09316666666666662);


INSERT INTO StarRep (System_id,cluster_id,distance_clust_virt_centre,luminosity,no_planets_allowed,angle_in_radians_s,star_color,star_type,star_size)  VALUES ('U2032V2007', 'U2032V2007_0', 4.251428571428571E10, 1988.1481538500207, 'F', 307.0, 'ltbl.subgi', 'b5', 36.666666666666664);


INSERT INTO StarRep (System_id,cluster_id,distance_clust_virt_centre,luminosity,no_planets_allowed,angle_in_radians_s,star_color,star_type,star_size)  VALUES ('U2032V2007', 'U2032V2007_2', 8.502857142857143E10, 7.65, 'F', 123.0, 'pyel.mains', 'f1', 36.599999999999994);


INSERT INTO ClusterRep (System_id,distance_sys_virt_centre,planetsAllowed,cluster_id,angle_in_radians,cluster_description,number_stars_in_cluster)  VALUES ('U2032V2007', 3.72E11, 'F', 'U2032V2007_2', 5.8643062867009474, 'Cluster Number: 2 THREESTAR_TRINARY', 1);


INSERT INTO SystemRep (System_id, distance_to_galaxy_centre, ucoordinate, vcoordinate) VALUES ('U2032V2006', 3.399016222910623E16, 2032.0, 2006.0);


INSERT INTO StarRep (System_id,cluster_id,distance_clust_virt_centre,luminosity,no_planets_allowed,angle_in_radians_s,star_color,star_type,star_size)  VALUES ('U2032V2006', 'U2032V2006_0', 9.92E10, 0.3217612831309033, 'F', 186.0, 'blue.dwarf', 'do', 0.0232);


INSERT INTO StarRep (System_id,cluster_id,distance_clust_virt_centre,luminosity,no_planets_allowed,angle_in_radians_s,star_color,star_type,star_size)  VALUES ('U2032V2006', 'U2032V2006_0', 7.44E11, 7.65, 'F', 97.0, 'pyel.mains', 'f1', 36.599999999999994);


INSERT INTO StarRep (System_id,cluster_id,distance_clust_virt_centre,luminosity,no_planets_allowed,angle_in_radians_s,star_color,star_type,star_size)  VALUES ('U2032V2006', 'U2032V2006_0', 3.343820224719101E10, 3.65E-5, 'F', 102.0, 'orng.dwarf', 'dk', 0.5806666666666667);


INSERT INTO StarRep (System_id,cluster_id,distance_clust_virt_centre,luminosity,no_planets_allowed,angle_in_radians_s,star_color,star_type,star_size)  VALUES ('U2032V2006', 'U2032V2006_2', 7.085714285714285E10, 0.21459013389289272, 'F', 198.0, 'orng.mains', 'k4', 1.126);


INSERT INTO ClusterRep (System_id,distance_sys_virt_centre,planetsAllowed,cluster_id,angle_in_radians,cluster_description,number_stars_in_cluster)  VALUES ('U2032V2006', 7.002352941176471E10, 'F', 'U2032V2006_2', 6.14355896702004, 'Cluster Number: 2 THREESTAR_TRINARY', 1);


INSERT INTO SystemRep (System_id, distance_to_galaxy_centre, ucoordinate, vcoordinate) VALUES ('U2032V2005', 3.3981800257484652E16, 2032.0, 2005.0);


INSERT INTO SystemRep (System_id, distance_to_galaxy_centre, ucoordinate, vcoordinate) VALUES ('U2032V2004', 3.3973440398767976E16, 2032.0, 2004.0);


INSERT INTO StarRep (System_id,cluster_id,distance_clust_virt_centre,luminosity,no_planets_allowed,angle_in_radians_s,star_color,star_type,star_size)  VALUES ('U2032V2004', 'U2032V2004_0', 3.234782608695652E10, 119000.0, 'F', 239.0, 'red_.sg.ii', 'm1', 101.66666666666666);


INSERT INTO StarRep (System_id,cluster_id,distance_clust_virt_centre,luminosity,no_planets_allowed,angle_in_radians_s,star_color,star_type,star_size)  VALUES ('U2032V2004', 'U2032V2004_0', 7.085714285714285E10, 0.9996608356549975, 'F', 105.0, 'yelo.mains', 'g2', 43.199999999999996);


INSERT INTO StarRep (System_id,cluster_id,distance_clust_virt_centre,luminosity,no_planets_allowed,angle_in_radians_s,star_color,star_type,star_size)  VALUES ('U2032V2004', 'U2032V2004_0', 3.4604651162790695E10, 0.013357462973699242, 'F', 158.0, 'red_.mains', 'm7', 0.12183333333333335);


INSERT INTO StarRep (System_id,cluster_id,distance_clust_virt_centre,luminosity,no_planets_allowed,angle_in_radians_s,star_color,star_type,star_size)  VALUES ('U2032V2004', 'U2032V2004_2', 3.767088607594936E10, 2.8E-5, 'F', 216.0, 'red_.dwarf', 'dm', 0.6413333333333334);


INSERT INTO ClusterRep (System_id,distance_sys_virt_centre,planetsAllowed,cluster_id,angle_in_radians,cluster_description,number_stars_in_cluster)  VALUES ('U2032V2004', 1.7505882352941177E11, 'F', 'U2032V2004_2', 1.2740903539558606, 'Cluster Number: 2 THREESTAR_TRINARY', 1);


INSERT INTO SystemRep (System_id, distance_to_galaxy_centre, ucoordinate, vcoordinate) VALUES ('U2032V2003', 3.3965082654516356E16, 2032.0, 2003.0);


INSERT INTO StarRep (System_id,cluster_id,distance_clust_virt_centre,luminosity,no_planets_allowed,angle_in_radians_s,star_color,star_type,star_size)  VALUES ('U2032V2003', 'U2032V2003_0', 1.1446153846153847E11, 3.381865317106901, 'F', 106.0, 'ltbl.subdw', 'b9', 0.2795000000000001);


INSERT INTO StarRep (System_id,cluster_id,distance_clust_virt_centre,luminosity,no_planets_allowed,angle_in_radians_s,star_color,star_type,star_size)  VALUES ('U2032V2003', 'U2032V2003_0', 9.92E10, 0.04655878653347069, 'F', 106.0, 'red_.mains', 'm3', 0.09316666666666662);


INSERT INTO StarRep (System_id,cluster_id,distance_clust_virt_centre,luminosity,no_planets_allowed,angle_in_radians_s,star_color,star_type,star_size)  VALUES ('U2032V2003', 'U2032V2003_0', 4.96E11, 0.0904108888911983, 'F', 313.0, 'red_.mains', 'm0', 1.255);


INSERT INTO StarRep (System_id,cluster_id,distance_clust_virt_centre,luminosity,no_planets_allowed,angle_in_radians_s,star_color,star_type,star_size)  VALUES ('U2032V2003', 'U2032V2003_2', 3.4604651162790695E10, 2.312116872442772, 'F', 292.0, 'pyel.mains', 'f6', 39.6);


INSERT INTO ClusterRep (System_id,distance_sys_virt_centre,planetsAllowed,cluster_id,angle_in_radians,cluster_description,number_stars_in_cluster)  VALUES ('U2032V2003', 1.488E12, 'F', 'U2032V2003_2', 1.5707963267948966, 'Cluster Number: 2 THREESTAR_TRINARY', 1);


INSERT INTO SystemRep (System_id, distance_to_galaxy_centre, ucoordinate, vcoordinate) VALUES ('U2032V2002', 3.3956727026291092E16, 2032.0, 2002.0);


INSERT INTO StarRep (System_id,cluster_id,distance_clust_virt_centre,luminosity,no_planets_allowed,angle_in_radians_s,star_color,star_type,star_size)  VALUES ('U2032V2002', 'U2032V2002_0', 1.0628571428571428E11, 0.408, 'F', 146.0, 'yelo.mains', 'g9', 47.4);


INSERT INTO StarRep (System_id,cluster_id,distance_clust_virt_centre,luminosity,no_planets_allowed,angle_in_radians_s,star_color,star_type,star_size)  VALUES ('U2032V2002', 'U2032V2002_0', 4.509090909090909E10, 2.31377542542947, 'F', 102.0, 'pyel.mains', 'f6', 39.6);


INSERT INTO StarRep (System_id,cluster_id,distance_clust_virt_centre,luminosity,no_planets_allowed,angle_in_radians_s,star_color,star_type,star_size)  VALUES ('U2032V2002', 'U2032V2002_0', 6.2E10, 1.5494954327523405, 'F', 208.0, 'pyel.mains', 'f8', 40.8);


INSERT INTO StarRep (System_id,cluster_id,distance_clust_virt_centre,luminosity,no_planets_allowed,angle_in_radians_s,star_color,star_type,star_size)  VALUES ('U2032V2002', 'U2032V2002_2', 4.65E10, 0.4077641662724313, 'F', 65.0, 'yelo.mains', 'g9', 47.4);


INSERT INTO ClusterRep (System_id,distance_sys_virt_centre,planetsAllowed,cluster_id,angle_in_radians,cluster_description,number_stars_in_cluster)  VALUES ('U2032V2002', 6.331914893617021E10, 'F', 'U2032V2002_2', 0.715584993317675, 'Cluster Number: 2 THREESTAR_TRINARY', 1);


INSERT INTO SystemRep (System_id, distance_to_galaxy_centre, ucoordinate, vcoordinate) VALUES ('U2032V2001', 3.3948373515654616E16, 2032.0, 2001.0);


INSERT INTO StarRep (System_id,cluster_id,distance_clust_virt_centre,luminosity,no_planets_allowed,angle_in_radians_s,star_color,star_type,star_size)  VALUES ('U2032V2001', 'U2032V2001_0', 1.24E11, 0.7091445404881486, 'F', 66.0, 'yelo.mains', 'g5', 45.0);


INSERT INTO StarRep (System_id,cluster_id,distance_clust_virt_centre,luminosity,no_planets_allowed,angle_in_radians_s,star_color,star_type,star_size)  VALUES ('U2032V2001', 'U2032V2001_0', 3.2E10, 2.6978717927379246E-5, 'F', 111.0, 'red_.dwarf', 'dm', 0.6586666666666666);


INSERT INTO StarRep (System_id,cluster_id,distance_clust_virt_centre,luminosity,no_planets_allowed,angle_in_radians_s,star_color,star_type,star_size)  VALUES ('U2032V2001', 'U2032V2001_0', 4.65E10, 2.9E-5, 'F', 58.0, 'red_.dwarf', 'dm', 0.624);


INSERT INTO StarRep (System_id,cluster_id,distance_clust_virt_centre,luminosity,no_planets_allowed,angle_in_radians_s,star_color,star_type,star_size)  VALUES ('U2032V2001', 'U2032V2001_2', 3.306666666666667E11, 118917.18314956888, 'F', 159.0, 'blue.mains', 'o8', 5.833333333333334);


INSERT INTO ClusterRep (System_id,distance_sys_virt_centre,planetsAllowed,cluster_id,angle_in_radians,cluster_description,number_stars_in_cluster)  VALUES ('U2032V2001', 4.578461538461539E11, 'F', 'U2032V2001_2', 2.4085543677521746, 'Cluster Number: 2 THREESTAR_TRINARY', 1);


INSERT INTO SystemRep (System_id, distance_to_galaxy_centre, ucoordinate, vcoordinate) VALUES ('U2032V2000', 3.394002212417051E16, 2032.0, 2000.0);


INSERT INTO StarRep (System_id,cluster_id,distance_clust_virt_centre,luminosity,no_planets_allowed,angle_in_radians_s,star_color,star_type,star_size)  VALUES ('U2032V2000', 'U2032V2000_0', 5.314285714285714E10, 7.65, 'F', 293.0, 'pyel.mains', 'f1', 36.599999999999994);


INSERT INTO StarRep (System_id,cluster_id,distance_clust_virt_centre,luminosity,no_planets_allowed,angle_in_radians_s,star_color,star_type,star_size)  VALUES ('U2032V2000', 'U2032V2000_0', 3.674074074074074E10, 0.3310026601741516, 'F', 112.0, 'orng.mains', 'k1', 1.0615);


INSERT INTO StarRep (System_id,cluster_id,distance_clust_virt_centre,luminosity,no_planets_allowed,angle_in_radians_s,star_color,star_type,star_size)  VALUES ('U2032V2000', 'U2032V2000_0', 3.585542168674699E10, 0.045889523508140406, 'F', 213.0, 'red_.mains', 'm3', 0.09316666666666662);


INSERT INTO StarRep (System_id,cluster_id,distance_clust_virt_centre,luminosity,no_planets_allowed,angle_in_radians_s,star_color,star_type,star_size)  VALUES ('U2032V2000', 'U2032V2000_2', 1.86E11, 2.3129601147847314, 'F', 234.0, 'pyel.mains', 'f6', 39.6);


INSERT INTO ClusterRep (System_id,distance_sys_virt_centre,planetsAllowed,cluster_id,angle_in_radians,cluster_description,number_stars_in_cluster)  VALUES ('U2032V2000', 7.258536585365854E10, 'F', 'U2032V2000_2', 2.6878070480712677, 'Cluster Number: 2 THREESTAR_TRINARY', 1);


INSERT INTO SystemRep (System_id, distance_to_galaxy_centre, ucoordinate, vcoordinate) VALUES ('U2038V2019', 3.4149762739481516E16, 2038.0, 2019.0);


INSERT INTO SystemRep (System_id, distance_to_galaxy_centre, ucoordinate, vcoordinate) VALUES ('U2038V2018', 3.4141385900485764E16, 2038.0, 2018.0);


INSERT INTO StarRep (System_id,cluster_id,distance_clust_virt_centre,luminosity,no_planets_allowed,angle_in_radians_s,star_color,star_type,star_size)  VALUES ('U2038V2018', 'U2038V2018_0', 4.578461538461539E10, 2.32, 'F', 141.0, 'pyel.mains', 'f6', 39.6);


INSERT INTO StarRep (System_id,cluster_id,distance_clust_virt_centre,luminosity,no_planets_allowed,angle_in_radians_s,star_color,star_type,star_size)  VALUES ('U2038V2018', 'U2038V2018_0', 3.542857142857143E10, 0.408, 'F', 333.0, 'yelo.mains', 'g9', 47.4);


INSERT INTO StarRep (System_id,cluster_id,distance_clust_virt_centre,luminosity,no_planets_allowed,angle_in_radians_s,star_color,star_type,star_size)  VALUES ('U2038V2018', 'U2038V2018_0', 8.752941176470589E10, 0.123, 'F', 330.0, 'orng.mains', 'k8', 1.2120000000000002);


INSERT INTO StarRep (System_id,cluster_id,distance_clust_virt_centre,luminosity,no_planets_allowed,angle_in_radians_s,star_color,star_type,star_size)  VALUES ('U2038V2018', 'U2038V2018_2', 3.2E10, 3.5430668803294794E-5, 'F', 188.0, 'orng.dwarf', 'dk', 0.598);


INSERT INTO ClusterRep (System_id,distance_sys_virt_centre,planetsAllowed,cluster_id,angle_in_radians,cluster_description,number_stars_in_cluster)  VALUES ('U2038V2018', 2.2892307692307693E11, 'F', 'U2038V2018_2', 0.24434609527920614, 'Cluster Number: 2 THREESTAR_TRINARY', 1);


INSERT INTO SystemRep (System_id, distance_to_galaxy_centre, ucoordinate, vcoordinate) VALUES ('U2038V2017', 3.4133011157226196E16, 2038.0, 2017.0);


INSERT INTO StarRep (System_id,cluster_id,distance_clust_virt_centre,luminosity,no_planets_allowed,angle_in_radians_s,star_color,star_type,star_size)  VALUES ('U2038V2017', 'U2038V2017_0', 3.068041237113402E10, 109.99983172066526, 'F', 8.0, 'whit.gi.i ', 'a4', 61.66666666666667);


INSERT INTO StarRep (System_id,cluster_id,distance_clust_virt_centre,luminosity,no_planets_allowed,angle_in_radians_s,star_color,star_type,star_size)  VALUES ('U2038V2017', 'U2038V2017_0', 4.1333333333333336E10, 0.013317494871240343, 'F', 334.0, 'red_.mains', 'm7', 0.12183333333333335);


INSERT INTO StarRep (System_id,cluster_id,distance_clust_virt_centre,luminosity,no_planets_allowed,angle_in_radians_s,star_color,star_type,star_size)  VALUES ('U2038V2017', 'U2038V2017_0', 5.5111111111111115E10, 0.408, 'F', 125.0, 'yelo.mains', 'g9', 47.4);


INSERT INTO StarRep (System_id,cluster_id,distance_clust_virt_centre,luminosity,no_planets_allowed,angle_in_radians_s,star_color,star_type,star_size)  VALUES ('U2038V2017', 'U2038V2017_2', 2.976E12, 3.18, 'F', 264.0, 'pyel.mains', 'f4', 38.4);


INSERT INTO ClusterRep (System_id,distance_sys_virt_centre,planetsAllowed,cluster_id,angle_in_radians,cluster_description,number_stars_in_cluster)  VALUES ('U2038V2017', 6.2652631578947365E10, 'F', 'U2038V2017_2', 0.5235987755982988, 'Cluster Number: 2 THREESTAR_TRINARY', 1);


INSERT INTO SystemRep (System_id, distance_to_galaxy_centre, ucoordinate, vcoordinate) VALUES ('U2038V2016', 3.41246385112458E16, 2038.0, 2016.0);


INSERT INTO StarRep (System_id,cluster_id,distance_clust_virt_centre,luminosity,no_planets_allowed,angle_in_radians_s,star_color,star_type,star_size)  VALUES ('U2038V2016', 'U2038V2016_0', 0.0, 0.09089116252216833, 'F', 48.0, 'red_.mains', 'm0', 1.255);


INSERT INTO StarRep (System_id,cluster_id,distance_clust_virt_centre,luminosity,no_planets_allowed,angle_in_radians_s,star_color,star_type,star_size)  VALUES ('U2038V2016', 'U2038V2016_0', 3.306666666666667E11, 0.162, 'F', 330.0, 'orng.mains', 'k6', 1.169);


INSERT INTO StarRep (System_id,cluster_id,distance_clust_virt_centre,luminosity,no_planets_allowed,angle_in_radians_s,star_color,star_type,star_size)  VALUES ('U2038V2016', 'U2038V2016_0', 3.1326315789473682E10, 181161.0899578074, 'F', 20.0, 'ltbl.sg.ii', 'b7', 17.0);


INSERT INTO StarRep (System_id,cluster_id,distance_clust_virt_centre,luminosity,no_planets_allowed,angle_in_radians_s,star_color,star_type,star_size)  VALUES ('U2038V2016', 'U2038V2016_2', 3.815384615384615E10, 0.945, 'F', 37.0, 'yelo.mains', 'g3', 43.8);


INSERT INTO ClusterRep (System_id,distance_sys_virt_centre,planetsAllowed,cluster_id,angle_in_radians,cluster_description,number_stars_in_cluster)  VALUES ('U2038V2016', 6.920930232558139E10, 'F', 'U2038V2016_2', 5.969026041820607, 'Cluster Number: 2 THREESTAR_TRINARY', 1);


INSERT INTO SystemRep (System_id, distance_to_galaxy_centre, ucoordinate, vcoordinate) VALUES ('U2038V2015', 3.411626796408869E16, 2038.0, 2015.0);


INSERT INTO StarRep (System_id,cluster_id,distance_clust_virt_centre,luminosity,no_planets_allowed,angle_in_radians_s,star_color,star_type,star_size)  VALUES ('U2038V2015', 'U2038V2015_0', 9.3E10, 0.282, 'F', 275.0, 'orng.mains', 'k2', 1.0830000000000002);


INSERT INTO StarRep (System_id,cluster_id,distance_clust_virt_centre,luminosity,no_planets_allowed,angle_in_radians_s,star_color,star_type,star_size)  VALUES ('U2038V2015', 'U2038V2015_0', 3.1E10, 2.9E-5, 'F', 331.0, 'red_.dwarf', 'dm', 0.624);


INSERT INTO StarRep (System_id,cluster_id,distance_clust_virt_centre,luminosity,no_planets_allowed,angle_in_radians_s,star_color,star_type,star_size)  VALUES ('U2038V2015', 'U2038V2015_0', 1.984E11, 0.0134, 'F', 175.0, 'red_.mains', 'm7', 0.12183333333333335);


INSERT INTO StarRep (System_id,cluster_id,distance_clust_virt_centre,luminosity,no_planets_allowed,angle_in_radians_s,star_color,star_type,star_size)  VALUES ('U2038V2015', 'U2038V2015_2', 3.4604651162790695E10, 0.0734, 'F', 113.0, 'red_.mains', 'm1', 0.07883333333333331);


INSERT INTO ClusterRep (System_id,distance_sys_virt_centre,planetsAllowed,cluster_id,angle_in_radians,cluster_description,number_stars_in_cluster)  VALUES ('U2038V2015', 1.0628571428571428E11, 'F', 'U2038V2015_2', 6.2482787221397, 'Cluster Number: 2 THREESTAR_TRINARY', 1);


INSERT INTO SystemRep (System_id, distance_to_galaxy_centre, ucoordinate, vcoordinate) VALUES ('U2038V2014', 3.4107899517300092E16, 2038.0, 2014.0);


INSERT INTO StarRep (System_id,cluster_id,distance_clust_virt_centre,luminosity,no_planets_allowed,angle_in_radians_s,star_color,star_type,star_size)  VALUES ('U2038V2014', 'U2038V2014_0', 3.674074074074074E10, 0.5063712236064453, 'F', 140.0, 'red_.mains', 'm9', 0.13616666666666666);


INSERT INTO StarRep (System_id,cluster_id,distance_clust_virt_centre,luminosity,no_planets_allowed,angle_in_radians_s,star_color,star_type,star_size)  VALUES ('U2038V2014', 'U2038V2014_0', 1.984E11, 2.7E-5, 'F', 292.0, 'red_.dwarf', 'dm', 0.6586666666666666);


INSERT INTO StarRep (System_id,cluster_id,distance_clust_virt_centre,luminosity,no_planets_allowed,angle_in_radians_s,star_color,star_type,star_size)  VALUES ('U2038V2014', 'U2038V2014_0', 2.7054545454545456E11, 0.216, 'F', 103.0, 'orng.mains', 'k4', 1.126);


INSERT INTO StarRep (System_id,cluster_id,distance_clust_virt_centre,luminosity,no_planets_allowed,angle_in_radians_s,star_color,star_type,star_size)  VALUES ('U2038V2014', 'U2038V2014_2', 3.1326315789473682E10, 2.9E-5, 'F', 307.0, 'red_.dwarf', 'dm', 0.624);


INSERT INTO ClusterRep (System_id,distance_sys_virt_centre,planetsAllowed,cluster_id,angle_in_radians,cluster_description,number_stars_in_cluster)  VALUES ('U2038V2014', 1.3527272727272728E11, 'F', 'U2038V2014_2', 5.183627878423159, 'Cluster Number: 2 THREESTAR_TRINARY', 1);


INSERT INTO SystemRep (System_id, distance_to_galaxy_centre, ucoordinate, vcoordinate) VALUES ('U2038V2013', 3.409953317242639E16, 2038.0, 2013.0);


INSERT INTO StarRep (System_id,cluster_id,distance_clust_virt_centre,luminosity,no_planets_allowed,angle_in_radians_s,star_color,star_type,star_size)  VALUES ('U2038V2013', 'U2038V2013_0', 3.585542168674699E10, 2.313979612410306, 'F', 180.0, 'pyel.mains', 'f6', 39.6);


INSERT INTO StarRep (System_id,cluster_id,distance_clust_virt_centre,luminosity,no_planets_allowed,angle_in_radians_s,star_color,star_type,star_size)  VALUES ('U2038V2013', 'U2038V2013_0', 5.835294117647059E10, 0.0466, 'F', 288.0, 'red_.mains', 'm3', 0.09316666666666662);


INSERT INTO StarRep (System_id,cluster_id,distance_clust_virt_centre,luminosity,no_planets_allowed,angle_in_radians_s,star_color,star_type,star_size)  VALUES ('U2038V2013', 'U2038V2013_0', 5.723076923076923E10, 4.309979303149496, 'F', 357.0, 'red_.subgi', 'm2', 3.6666666666666665);


INSERT INTO StarRep (System_id,cluster_id,distance_clust_virt_centre,luminosity,no_planets_allowed,angle_in_radians_s,star_color,star_type,star_size)  VALUES ('U2038V2013', 'U2038V2013_2', 4.0767123287671234E10, 7400.0, 'F', 80.0, 'yelo.sg.i ', 'g3', 27.500000000000004);


INSERT INTO ClusterRep (System_id,distance_sys_virt_centre,planetsAllowed,cluster_id,angle_in_radians,cluster_description,number_stars_in_cluster)  VALUES ('U2038V2013', 1.7005714285714285E11, 'F', 'U2038V2013_2', 4.34586983746588, 'Cluster Number: 2 THREESTAR_TRINARY', 1);


INSERT INTO SystemRep (System_id, distance_to_galaxy_centre, ucoordinate, vcoordinate) VALUES ('U2038V2012', 3.409116893101508E16, 2038.0, 2012.0);


INSERT INTO StarRep (System_id,cluster_id,distance_clust_virt_centre,luminosity,no_planets_allowed,angle_in_radians_s,star_color,star_type,star_size)  VALUES ('U2038V2012', 'U2038V2012_0', 1.7505882352941177E11, 13.467200139755658, 'F', 46.0, 'whit.mains', 'a7', 34.199999999999996);


INSERT INTO StarRep (System_id,cluster_id,distance_clust_virt_centre,luminosity,no_planets_allowed,angle_in_radians_s,star_color,star_type,star_size)  VALUES ('U2038V2012', 'U2038V2012_0', 7.63076923076923E10, 4.48, 'F', 289.0, 'orng.subgi', 'k3', 2.166666666666667);


INSERT INTO StarRep (System_id,cluster_id,distance_clust_virt_centre,luminosity,no_planets_allowed,angle_in_radians_s,star_color,star_type,star_size)  VALUES ('U2038V2012', 'U2038V2012_0', 4.1333333333333336E10, 2.9476732711996826E-5, 'F', 152.0, 'red_.dwarf', 'dm', 0.6153333333333334);


INSERT INTO StarRep (System_id,cluster_id,distance_clust_virt_centre,luminosity,no_planets_allowed,angle_in_radians_s,star_color,star_type,star_size)  VALUES ('U2038V2012', 'U2038V2012_2', 3.72E10, 2.32, 'F', 156.0, 'pyel.mains', 'f6', 39.6);


INSERT INTO ClusterRep (System_id,distance_sys_virt_centre,planetsAllowed,cluster_id,angle_in_radians,cluster_description,number_stars_in_cluster)  VALUES ('U2038V2012', 1.1904E12, 'F', 'U2038V2012_2', 4.625122517784973, 'Cluster Number: 2 THREESTAR_TRINARY', 1);


INSERT INTO SystemRep (System_id, distance_to_galaxy_centre, ucoordinate, vcoordinate) VALUES ('U2038V2011', 3.4082806794614788E16, 2038.0, 2011.0);


INSERT INTO StarRep (System_id,cluster_id,distance_clust_virt_centre,luminosity,no_planets_allowed,angle_in_radians_s,star_color,star_type,star_size)  VALUES ('U2038V2011', 'U2038V2011_0', 3.767088607594936E10, 0.945, 'F', 100.0, 'yelo.mains', 'g3', 43.8);


INSERT INTO StarRep (System_id,cluster_id,distance_clust_virt_centre,luminosity,no_planets_allowed,angle_in_radians_s,star_color,star_type,star_size)  VALUES ('U2038V2011', 'U2038V2011_0', 3.864935064935065E10, 1.55, 'F', 297.0, 'pyel.mains', 'f8', 40.8);


INSERT INTO StarRep (System_id,cluster_id,distance_clust_virt_centre,luminosity,no_planets_allowed,angle_in_radians_s,star_color,star_type,star_size)  VALUES ('U2038V2011', 'U2038V2011_0', 4.3130434782608696E10, 0.2923082877892782, 'F', 208.0, 'red_.mains', 'm9', 0.13616666666666666);


INSERT INTO StarRep (System_id,cluster_id,distance_clust_virt_centre,luminosity,no_planets_allowed,angle_in_radians_s,star_color,star_type,star_size)  VALUES ('U2038V2011', 'U2038V2011_2', 1.6533333333333334E11, 0.0134, 'F', 174.0, 'red_.mains', 'm7', 0.12183333333333335);


INSERT INTO ClusterRep (System_id,distance_sys_virt_centre,planetsAllowed,cluster_id,angle_in_radians,cluster_description,number_stars_in_cluster)  VALUES ('U2038V2011', 1.1230188679245284E11, 'F', 'U2038V2011_2', 6.03883921190038, 'Cluster Number: 2 THREESTAR_TRINARY', 1);


INSERT INTO SystemRep (System_id, distance_to_galaxy_centre, ucoordinate, vcoordinate) VALUES ('U2038V2010', 3.407444676477527E16, 2038.0, 2010.0);


INSERT INTO StarRep (System_id,cluster_id,distance_clust_virt_centre,luminosity,no_planets_allowed,angle_in_radians_s,star_color,star_type,star_size)  VALUES ('U2038V2010', 'U2038V2010_0', 2.2892307692307693E11, 59.418833098862564, 'F', 327.0, 'whit.mains', 'a2', 31.200000000000003);


INSERT INTO StarRep (System_id,cluster_id,distance_clust_virt_centre,luminosity,no_planets_allowed,angle_in_radians_s,star_color,star_type,star_size)  VALUES ('U2038V2010', 'U2038V2010_0', 4.578461538461539E10, 0.216, 'F', 298.0, 'orng.mains', 'k4', 1.126);


INSERT INTO StarRep (System_id,cluster_id,distance_clust_virt_centre,luminosity,no_planets_allowed,angle_in_radians_s,star_color,star_type,star_size)  VALUES ('U2038V2010', 'U2038V2010_0', 3.381818181818182E10, 0.09117221547663497, 'F', 3.0, 'red_.mains', 'm0', 1.255);


INSERT INTO StarRep (System_id,cluster_id,distance_clust_virt_centre,luminosity,no_planets_allowed,angle_in_radians_s,star_color,star_type,star_size)  VALUES ('U2038V2010', 'U2038V2010_2', 1.1904E11, 126000.0, 'F', 249.0, 'blue.subgi', 'o8', 27.333333333333336);


INSERT INTO ClusterRep (System_id,distance_sys_virt_centre,planetsAllowed,cluster_id,angle_in_radians,cluster_description,number_stars_in_cluster)  VALUES ('U2038V2010', 2.5878260869565216E11, 'F', 'U2038V2010_2', 0.03490658503988659, 'Cluster Number: 2 THREESTAR_TRINARY', 1);


INSERT INTO SystemRep (System_id, distance_to_galaxy_centre, ucoordinate, vcoordinate) VALUES ('U2032V2019', 3.4099059426737268E16, 2032.0, 2019.0);


INSERT INTO StarRep (System_id,cluster_id,distance_clust_virt_centre,luminosity,no_planets_allowed,angle_in_radians_s,star_color,star_type,star_size)  VALUES ('U2032V2019', 'U2032V2019_0', 6.073469387755102E10, 12300.0, 'F', 134.0, 'ltbl.mains', 'b3', 25.8);


INSERT INTO StarRep (System_id,cluster_id,distance_clust_virt_centre,luminosity,no_planets_allowed,angle_in_radians_s,star_color,star_type,star_size)  VALUES ('U2032V2019', 'U2032V2019_0', 8.752941176470589E10, 0.216, 'F', 130.0, 'orng.mains', 'k4', 1.126);


INSERT INTO StarRep (System_id,cluster_id,distance_clust_virt_centre,luminosity,no_planets_allowed,angle_in_radians_s,star_color,star_type,star_size)  VALUES ('U2032V2019', 'U2032V2019_0', 1.86E11, 70.0, 'F', 274.0, 'yelo.gi.i ', 'g4', 4.293333333333333);


INSERT INTO StarRep (System_id,cluster_id,distance_clust_virt_centre,luminosity,no_planets_allowed,angle_in_radians_s,star_color,star_type,star_size)  VALUES ('U2032V2019', 'U2032V2019_2', 7.44E11, 2.7995301919297775E-5, 'F', 62.0, 'red_.dwarf', 'dm', 0.6413333333333334);


INSERT INTO ClusterRep (System_id,distance_sys_virt_centre,planetsAllowed,cluster_id,angle_in_radians,cluster_description,number_stars_in_cluster)  VALUES ('U2032V2019', 3.132631578947368E11, 'F', 'U2032V2019_2', 6.09119908946021, 'Cluster Number: 2 THREESTAR_TRINARY', 1);


INSERT INTO SystemRep (System_id, distance_to_galaxy_centre, ucoordinate, vcoordinate) VALUES ('U2032V2018', 3.40906701288075E16, 2032.0, 2018.0);


INSERT INTO SystemRep (System_id, distance_to_galaxy_centre, ucoordinate, vcoordinate) VALUES ('U2032V2017', 3.408228292360428E16, 2032.0, 2017.0);


INSERT INTO StarRep (System_id,cluster_id,distance_clust_virt_centre,luminosity,no_planets_allowed,angle_in_radians_s,star_color,star_type,star_size)  VALUES ('U2032V2017', 'U2032V2017_0', 5.835294117647059E10, 0.216, 'F', 174.0, 'orng.mains', 'k4', 1.126);


INSERT INTO StarRep (System_id,cluster_id,distance_clust_virt_centre,luminosity,no_planets_allowed,angle_in_radians_s,star_color,star_type,star_size)  VALUES ('U2032V2017', 'U2032V2017_0', 4.1915492957746475E10, 7.65, 'F', 126.0, 'pyel.mains', 'f1', 36.599999999999994);


INSERT INTO StarRep (System_id,cluster_id,distance_clust_virt_centre,luminosity,no_planets_allowed,angle_in_radians_s,star_color,star_type,star_size)  VALUES ('U2032V2017', 'U2032V2017_0', 5.1310344827586205E10, 0.027225240825566766, 'F', 169.0, 'red_.mains', 'm5', 0.10750000000000004);


INSERT INTO StarRep (System_id,cluster_id,distance_clust_virt_centre,luminosity,no_planets_allowed,angle_in_radians_s,star_color,star_type,star_size)  VALUES ('U2032V2017', 'U2032V2017_2', 3.674074074074074E10, 233.12140405378352, 'F', 195.0, 'orng.gi.i ', 'k3', 7.053333333333334);


INSERT INTO ClusterRep (System_id,distance_sys_virt_centre,planetsAllowed,cluster_id,angle_in_radians,cluster_description,number_stars_in_cluster)  VALUES ('U2032V2017', 5.952E11, 'F', 'U2032V2017_2', 5.235987755982989, 'Cluster Number: 2 THREESTAR_TRINARY', 1);


INSERT INTO SystemRep (System_id, distance_to_galaxy_centre, ucoordinate, vcoordinate) VALUES ('U2032V2016', 3.4073897812672972E16, 2032.0, 2016.0);


INSERT INTO StarRep (System_id,cluster_id,distance_clust_virt_centre,luminosity,no_planets_allowed,angle_in_radians_s,star_color,star_type,star_size)  VALUES ('U2032V2016', 'U2032V2016_0', 3.585542168674699E10, 0.21447229822130784, 'F', 40.0, 'orng.mains', 'k4', 1.126);


INSERT INTO StarRep (System_id,cluster_id,distance_clust_virt_centre,luminosity,no_planets_allowed,angle_in_radians_s,star_color,star_type,star_size)  VALUES ('U2032V2016', 'U2032V2016_0', 5.044067796610169E10, 0.0912, 'F', 127.0, 'red_.mains', 'm0', 1.255);


INSERT INTO StarRep (System_id,cluster_id,distance_clust_virt_centre,luminosity,no_planets_allowed,angle_in_radians_s,star_color,star_type,star_size)  VALUES ('U2032V2016', 'U2032V2016_0', 3.864935064935065E10, 0.216, 'F', 324.0, 'orng.mains', 'k4', 1.126);


INSERT INTO StarRep (System_id,cluster_id,distance_clust_virt_centre,luminosity,no_planets_allowed,angle_in_radians_s,star_color,star_type,star_size)  VALUES ('U2032V2016', 'U2032V2016_2', 3.381818181818182E10, 0.333, 'F', 270.0, 'orng.mains', 'k1', 1.0615);


INSERT INTO ClusterRep (System_id,distance_sys_virt_centre,planetsAllowed,cluster_id,angle_in_radians,cluster_description,number_stars_in_cluster)  VALUES ('U2032V2016', 7.534177215189873E10, 'F', 'U2032V2016_2', 5.515240436302081, 'Cluster Number: 2 THREESTAR_TRINARY', 1);


INSERT INTO SystemRep (System_id, distance_to_galaxy_centre, ucoordinate, vcoordinate) VALUES ('U2032V2015', 3.4065514797560068E16, 2032.0, 2015.0);


INSERT INTO StarRep (System_id,cluster_id,distance_clust_virt_centre,luminosity,no_planets_allowed,angle_in_radians_s,star_color,star_type,star_size)  VALUES ('U2032V2015', 'U2032V2015_0', 6.331914893617021E10, 0.07336982768548721, 'F', 94.0, 'red_.mains', 'm1', 0.07883333333333331);


INSERT INTO StarRep (System_id,cluster_id,distance_clust_virt_centre,luminosity,no_planets_allowed,angle_in_radians_s,star_color,star_type,star_size)  VALUES ('U2032V2015', 'U2032V2015_0', 3.068041237113402E10, 0.046031501997001414, 'F', 135.0, 'red_.mains', 'm3', 0.09316666666666662);


INSERT INTO StarRep (System_id,cluster_id,distance_clust_virt_centre,luminosity,no_planets_allowed,angle_in_radians_s,star_color,star_type,star_size)  VALUES ('U2032V2015', 'U2032V2015_0', 4.021621621621622E10, 2.303080544514532, 'F', 19.0, 'pyel.mains', 'f6', 39.6);


INSERT INTO StarRep (System_id,cluster_id,distance_clust_virt_centre,luminosity,no_planets_allowed,angle_in_radians_s,star_color,star_type,star_size)  VALUES ('U2032V2015', 'U2032V2015_2', 1.1446153846153847E11, 0.32208798058518406, 'F', 288.0, 'blue.dwarf', 'do', 0.0232);


INSERT INTO ClusterRep (System_id,distance_sys_virt_centre,planetsAllowed,cluster_id,angle_in_radians,cluster_description,number_stars_in_cluster)  VALUES ('U2032V2015', 2.1257142857142856E11, 'F', 'U2032V2015_2', 0.6457718232379019, 'Cluster Number: 2 THREESTAR_TRINARY', 1);


INSERT INTO SystemRep (System_id, distance_to_galaxy_centre, ucoordinate, vcoordinate) VALUES ('U2032V2014', 3.40571338798132E16, 2032.0, 2014.0);


INSERT INTO StarRep (System_id,cluster_id,distance_clust_virt_centre,luminosity,no_planets_allowed,angle_in_radians_s,star_color,star_type,star_size)  VALUES ('U2032V2014', 'U2032V2014_0', 3.767088607594936E10, 0.216, 'F', 321.0, 'orng.mains', 'k4', 1.126);


INSERT INTO StarRep (System_id,cluster_id,distance_clust_virt_centre,luminosity,no_planets_allowed,angle_in_radians_s,star_color,star_type,star_size)  VALUES ('U2032V2014', 'U2032V2014_0', 3.5011764705882355E10, 32723.875554717757, 'F', 136.0, 'ltbl.mains', 'b1', 24.6);


INSERT INTO StarRep (System_id,cluster_id,distance_clust_virt_centre,luminosity,no_planets_allowed,angle_in_radians_s,star_color,star_type,star_size)  VALUES ('U2032V2014', 'U2032V2014_0', 3.2E10, 140966.740226707, 'F', 174.0, 'blue.mains', 'o8', 5.166666666666667);


INSERT INTO StarRep (System_id,cluster_id,distance_clust_virt_centre,luminosity,no_planets_allowed,angle_in_radians_s,star_color,star_type,star_size)  VALUES ('U2032V2014', 'U2032V2014_2', 9.018181818181818E10, 13.5, 'F', 4.0, 'whit.mains', 'a7', 34.199999999999996);


INSERT INTO ClusterRep (System_id,distance_sys_virt_centre,planetsAllowed,cluster_id,angle_in_radians,cluster_description,number_stars_in_cluster)  VALUES ('U2032V2014', 6.136082474226804E10, 'F', 'U2032V2014_2', 0.9250245035569946, 'Cluster Number: 2 THREESTAR_TRINARY', 1);


INSERT INTO SystemRep (System_id, distance_to_galaxy_centre, ucoordinate, vcoordinate) VALUES ('U2032V2013', 3.404875506098113E16, 2032.0, 2013.0);


INSERT INTO StarRep (System_id,cluster_id,distance_clust_virt_centre,luminosity,no_planets_allowed,angle_in_radians_s,star_color,star_type,star_size)  VALUES ('U2032V2013', 'U2032V2013_0', 1.984E11, 0.0134, 'F', 227.0, 'red_.mains', 'm7', 0.12183333333333335);


INSERT INTO StarRep (System_id,cluster_id,distance_clust_virt_centre,luminosity,no_planets_allowed,angle_in_radians_s,star_color,star_type,star_size)  VALUES ('U2032V2013', 'U2032V2013_0', 2.976E11, 1.0, 'F', 133.0, 'yelo.mains', 'g2', 43.199999999999996);


INSERT INTO StarRep (System_id,cluster_id,distance_clust_virt_centre,luminosity,no_planets_allowed,angle_in_radians_s,star_color,star_type,star_size)  VALUES ('U2032V2013', 'U2032V2013_0', 5.410909090909091E10, 0.21569884351706292, 'F', 224.0, 'orng.mains', 'k4', 1.126);


INSERT INTO StarRep (System_id,cluster_id,distance_clust_virt_centre,luminosity,no_planets_allowed,angle_in_radians_s,star_color,star_type,star_size)  VALUES ('U2032V2013', 'U2032V2013_2', 1.6533333333333334E11, 0.123, 'F', 213.0, 'orng.mains', 'k8', 1.2120000000000002);


INSERT INTO ClusterRep (System_id,distance_sys_virt_centre,planetsAllowed,cluster_id,angle_in_radians,cluster_description,number_stars_in_cluster)  VALUES ('U2032V2013', 1.0262068965517241E11, 'F', 'U2032V2013_2', 0.3665191429188092, 'Cluster Number: 2 THREESTAR_TRINARY', 1);


INSERT INTO SystemRep (System_id, distance_to_galaxy_centre, ucoordinate, vcoordinate) VALUES ('U2032V2012', 3.404037834261376E16, 2032.0, 2012.0);


INSERT INTO StarRep (System_id,cluster_id,distance_clust_virt_centre,luminosity,no_planets_allowed,angle_in_radians_s,star_color,star_type,star_size)  VALUES ('U2032V2012', 'U2032V2012_0', 3.815384615384615E10, 2.8E-5, 'F', 281.0, 'red_.dwarf', 'dm', 0.6413333333333334);


INSERT INTO StarRep (System_id,cluster_id,distance_clust_virt_centre,luminosity,no_planets_allowed,angle_in_radians_s,star_color,star_type,star_size)  VALUES ('U2032V2012', 'U2032V2012_0', 6.073469387755102E10, 0.33174786075402185, 'F', 141.0, 'orng.mains', 'k1', 1.0615);


INSERT INTO StarRep (System_id,cluster_id,distance_clust_virt_centre,luminosity,no_planets_allowed,angle_in_radians_s,star_color,star_type,star_size)  VALUES ('U2032V2012', 'U2032V2012_0', 5.723076923076923E10, 0.123, 'F', 280.0, 'orng.mains', 'k8', 1.2120000000000002);


INSERT INTO StarRep (System_id,cluster_id,distance_clust_virt_centre,luminosity,no_planets_allowed,angle_in_radians_s,star_color,star_type,star_size)  VALUES ('U2032V2012', 'U2032V2012_2', 5.410909090909091E10, 9780.0, 'F', 231.0, 'ltbl.gi.ii', 'b7', 51.333333333333336);


INSERT INTO ClusterRep (System_id,distance_sys_virt_centre,planetsAllowed,cluster_id,angle_in_radians,cluster_description,number_stars_in_cluster)  VALUES ('U2032V2012', 9.92E11, 'F', 'U2032V2012_2', 1.780235837034216, 'Cluster Number: 2 THREESTAR_TRINARY', 1);


INSERT INTO SystemRep (System_id, distance_to_galaxy_centre, ucoordinate, vcoordinate) VALUES ('U2032V2011', 3.403200372626214E16, 2032.0, 2011.0);


INSERT INTO StarRep (System_id,cluster_id,distance_clust_virt_centre,luminosity,no_planets_allowed,angle_in_radians_s,star_color,star_type,star_size)  VALUES ('U2032V2011', 'U2032V2011_0', 2.7054545454545456E11, 0.013384818481129225, 'F', 147.0, 'red_.mains', 'm7', 0.12183333333333335);


INSERT INTO StarRep (System_id,cluster_id,distance_clust_virt_centre,luminosity,no_planets_allowed,angle_in_radians_s,star_color,star_type,star_size)  VALUES ('U2032V2011', 'U2032V2011_0', 8.043243243243243E10, 0.2420593702118213, 'F', 142.0, 'red_.mains', 'm9', 0.13616666666666666);


INSERT INTO StarRep (System_id,cluster_id,distance_clust_virt_centre,luminosity,no_planets_allowed,angle_in_radians_s,star_color,star_type,star_size)  VALUES ('U2032V2011', 'U2032V2011_0', 4.1915492957746475E10, 2.313070003665102, 'F', 75.0, 'pyel.mains', 'f6', 39.6);


INSERT INTO StarRep (System_id,cluster_id,distance_clust_virt_centre,luminosity,no_planets_allowed,angle_in_radians_s,star_color,star_type,star_size)  VALUES ('U2032V2011', 'U2032V2011_2', 4.8E10, 0.408, 'F', 306.0, 'yelo.mains', 'g9', 47.4);


INSERT INTO ClusterRep (System_id,distance_sys_virt_centre,planetsAllowed,cluster_id,angle_in_radians,cluster_description,number_stars_in_cluster)  VALUES ('U2032V2011', 7.936E10, 'F', 'U2032V2011_2', 2.0594885173533086, 'Cluster Number: 2 THREESTAR_TRINARY', 1);


INSERT INTO SystemRep (System_id, distance_to_galaxy_centre, ucoordinate, vcoordinate) VALUES ('U2032V2010', 3.4023631213478436E16, 2032.0, 2010.0);


INSERT INTO StarRep (System_id,cluster_id,distance_clust_virt_centre,luminosity,no_planets_allowed,angle_in_radians_s,star_color,star_type,star_size)  VALUES ('U2032V2010', 'U2032V2010_0', 2.2892307692307693E11, 0.998683153341688, 'F', 187.0, 'yelo.mains', 'g2', 43.199999999999996);


INSERT INTO StarRep (System_id,cluster_id,distance_clust_virt_centre,luminosity,no_planets_allowed,angle_in_radians_s,star_color,star_type,star_size)  VALUES ('U2032V2010', 'U2032V2010_0', 4.0767123287671234E10, 0.12243564619520723, 'F', 138.0, 'orng.mains', 'k8', 1.2120000000000002);


INSERT INTO StarRep (System_id,cluster_id,distance_clust_virt_centre,luminosity,no_planets_allowed,angle_in_radians_s,star_color,star_type,star_size)  VALUES ('U2032V2010', 'U2032V2010_0', 2.2892307692307693E11, 2.6E-5, 'F', 330.0, 'red_.dwarf', 'dm', 0.676);


INSERT INTO StarRep (System_id,cluster_id,distance_clust_virt_centre,luminosity,no_planets_allowed,angle_in_radians_s,star_color,star_type,star_size)  VALUES ('U2032V2010', 'U2032V2010_2', 7.44E10, 0.216, 'F', 80.0, 'orng.mains', 'k4', 1.126);


INSERT INTO ClusterRep (System_id,distance_sys_virt_centre,planetsAllowed,cluster_id,angle_in_radians,cluster_description,number_stars_in_cluster)  VALUES ('U2032V2010', 8.883582089552238E10, 'F', 'U2032V2010_2', 1.2217304763960306, 'Cluster Number: 2 THREESTAR_TRINARY', 1);


INSERT INTO SystemRep (System_id, distance_to_galaxy_centre, ucoordinate, vcoordinate) VALUES ('U2026V2019', 3.4048430436497244E16, 2026.0, 2019.0);


INSERT INTO SystemRep (System_id, distance_to_galaxy_centre, ucoordinate, vcoordinate) VALUES ('U2026V2018', 3.40400286608575E16, 2026.0, 2018.0);


INSERT INTO StarRep (System_id,cluster_id,distance_clust_virt_centre,luminosity,no_planets_allowed,angle_in_radians_s,star_color,star_type,star_size)  VALUES ('U2026V2018', 'U2026V2018_0', 3.815384615384615E10, 2.32, 'F', 277.0, 'pyel.mains', 'f6', 39.6);


INSERT INTO ClusterRep (System_id,distance_sys_virt_centre,planetsAllowed,cluster_id,angle_in_radians,cluster_description,number_stars_in_cluster)  VALUES ('U2026V2018', 1.8036363636363635E11, 'T', 'U2026V2018_0', 0.06981317007977318, 'Cluster Number: 0 SINGLESTAR', 1);


INSERT INTO SystemRep (System_id, distance_to_galaxy_centre, ucoordinate, vcoordinate) VALUES ('U2026V2017', 3.4031628974902744E16, 2026.0, 2017.0);


INSERT INTO StarRep (System_id,cluster_id,distance_clust_virt_centre,luminosity,no_planets_allowed,angle_in_radians_s,star_color,star_type,star_size)  VALUES ('U2026V2017', 'U2026V2017_0', 7.085714285714285E10, 0.216, 'F', 330.0, 'orng.mains', 'k4', 1.126);


INSERT INTO ClusterRep (System_id,distance_sys_virt_centre,planetsAllowed,cluster_id,angle_in_radians,cluster_description,number_stars_in_cluster)  VALUES ('U2026V2017', 1.3527272727272728E11, 'T', 'U2026V2017_0', 1.4835298641951802, 'Cluster Number: 0 SINGLESTAR', 1);


INSERT INTO SystemRep (System_id, distance_to_galaxy_centre, ucoordinate, vcoordinate) VALUES ('U2026V2016', 3.402323138018069E16, 2026.0, 2016.0);


INSERT INTO StarRep (System_id,cluster_id,distance_clust_virt_centre,luminosity,no_planets_allowed,angle_in_radians_s,star_color,star_type,star_size)  VALUES ('U2026V2016', 'U2026V2016_0', 4.021621621621622E10, 0.9447150697829882, 'F', 197.0, 'yelo.mains', 'g3', 43.8);


INSERT INTO ClusterRep (System_id,distance_sys_virt_centre,planetsAllowed,cluster_id,angle_in_radians,cluster_description,number_stars_in_cluster)  VALUES ('U2026V2016', 7.002352941176471E10, 'T', 'U2026V2016_0', 1.7627825445142729, 'Cluster Number: 0 SINGLESTAR', 1);


INSERT INTO SystemRep (System_id, distance_to_galaxy_centre, ucoordinate, vcoordinate) VALUES ('U2026V2015', 3.4014835878240188E16, 2026.0, 2015.0);


INSERT INTO StarRep (System_id,cluster_id,distance_clust_virt_centre,luminosity,no_planets_allowed,angle_in_radians_s,star_color,star_type,star_size)  VALUES ('U2026V2015', 'U2026V2015_0', 3.91578947368421E10, 0.0096, 'F', 237.0, 'red_.mains', 'm9', 0.13616666666666666);


INSERT INTO ClusterRep (System_id,distance_sys_virt_centre,planetsAllowed,cluster_id,angle_in_radians,cluster_description,number_stars_in_cluster)  VALUES ('U2026V2015', 1.0088135593220338E11, 'T', 'U2026V2015_0', 0.9250245035569946, 'Cluster Number: 0 SINGLESTAR', 1);


INSERT INTO SystemRep (System_id, distance_to_galaxy_centre, ucoordinate, vcoordinate) VALUES ('U2026V2014', 3.400644247063124E16, 2026.0, 2014.0);


INSERT INTO StarRep (System_id,cluster_id,distance_clust_virt_centre,luminosity,no_planets_allowed,angle_in_radians_s,star_color,star_type,star_size)  VALUES ('U2026V2014', 'U2026V2014_0', 2.976E11, 0.21502710261060518, 'F', 104.0, 'orng.mains', 'k4', 1.126);


INSERT INTO ClusterRep (System_id,distance_sys_virt_centre,planetsAllowed,cluster_id,angle_in_radians,cluster_description,number_stars_in_cluster)  VALUES ('U2026V2014', 2.976E12, 'T', 'U2026V2014_0', 1.2042771838760873, 'Cluster Number: 0 SINGLESTAR', 1);


INSERT INTO SystemRep (System_id, distance_to_galaxy_centre, ucoordinate, vcoordinate) VALUES ('U2026V2013', 3.3998051158904976E16, 2026.0, 2013.0);


INSERT INTO StarRep (System_id,cluster_id,distance_clust_virt_centre,luminosity,no_planets_allowed,angle_in_radians_s,star_color,star_type,star_size)  VALUES ('U2026V2013', 'U2026V2013_0', 1.488E11, 0.4065066762393938, 'F', 212.0, 'yelo.mains', 'g9', 47.4);


INSERT INTO ClusterRep (System_id,distance_sys_virt_centre,planetsAllowed,cluster_id,angle_in_radians,cluster_description,number_stars_in_cluster)  VALUES ('U2026V2013', 9.757377049180328E10, 'T', 'U2026V2013_0', 5.375614096142535, 'Cluster Number: 0 SINGLESTAR', 1);


INSERT INTO SystemRep (System_id, distance_to_galaxy_centre, ucoordinate, vcoordinate) VALUES ('U2026V2012', 3.398966194461369E16, 2026.0, 2012.0);


INSERT INTO StarRep (System_id,cluster_id,distance_clust_virt_centre,luminosity,no_planets_allowed,angle_in_radians_s,star_color,star_type,star_size)  VALUES ('U2026V2012', 'U2026V2012_0', 5.5111111111111115E10, 0.027458479096955368, 'F', 119.0, 'red_.mains', 'm5', 0.10750000000000004);


INSERT INTO ClusterRep (System_id,distance_sys_virt_centre,planetsAllowed,cluster_id,angle_in_radians,cluster_description,number_stars_in_cluster)  VALUES ('U2026V2012', 7.83157894736842E10, 'T', 'U2026V2012_0', 4.817108735504349, 'Cluster Number: 0 SINGLESTAR', 1);


INSERT INTO SystemRep (System_id, distance_to_galaxy_centre, ucoordinate, vcoordinate) VALUES ('U2026V2011', 3.3981274829310804E16, 2026.0, 2011.0);


INSERT INTO StarRep (System_id,cluster_id,distance_clust_virt_centre,luminosity,no_planets_allowed,angle_in_radians_s,star_color,star_type,star_size)  VALUES ('U2026V2011', 'U2026V2011_0', 3.4604651162790695E10, 0.123, 'F', 346.0, 'orng.mains', 'k8', 1.2120000000000002);


INSERT INTO ClusterRep (System_id,distance_sys_virt_centre,planetsAllowed,cluster_id,angle_in_radians,cluster_description,number_stars_in_cluster)  VALUES ('U2026V2011', 3.132631578947368E11, 'T', 'U2026V2011_0', 5.096361415823442, 'Cluster Number: 0 SINGLESTAR', 1);


INSERT INTO SystemRep (System_id, distance_to_galaxy_centre, ucoordinate, vcoordinate) VALUES ('U2026V2010', 3.3972889814550896E16, 2026.0, 2010.0);


INSERT INTO SystemRep (System_id, distance_to_galaxy_centre, ucoordinate, vcoordinate) VALUES ('U2020V2019', 3.3997876100800416E16, 2020.0, 2019.0);


INSERT INTO StarRep (System_id,cluster_id,distance_clust_virt_centre,luminosity,no_planets_allowed,angle_in_radians_s,star_color,star_type,star_size)  VALUES ('U2020V2019', 'U2020V2019_0', 6.469565217391304E10, 0.013293350228138604, 'F', 131.0, 'red_.mains', 'm7', 0.12183333333333335);


INSERT INTO ClusterRep (System_id,distance_sys_virt_centre,planetsAllowed,cluster_id,angle_in_radians,cluster_description,number_stars_in_cluster)  VALUES ('U2020V2019', 8.383098591549295E10, 'T', 'U2020V2019_0', 2.1467549799530254, 'Cluster Number: 0 SINGLESTAR', 1);


INSERT INTO SystemRep (System_id, distance_to_galaxy_centre, ucoordinate, vcoordinate) VALUES ('U2020V2018', 3.3989461828754864E16, 2020.0, 2018.0);


INSERT INTO StarRep (System_id,cluster_id,distance_clust_virt_centre,luminosity,no_planets_allowed,angle_in_radians_s,star_color,star_type,star_size)  VALUES ('U2020V2018', 'U2020V2018_0', 3.815384615384615E10, 0.0734, 'F', 358.0, 'red_.mains', 'm1', 0.07883333333333331);


INSERT INTO ClusterRep (System_id,distance_sys_virt_centre,planetsAllowed,cluster_id,angle_in_radians,cluster_description,number_stars_in_cluster)  VALUES ('U2020V2018', 4.578461538461539E11, 'T', 'U2020V2018_0', 2.426007660272118, 'Cluster Number: 0 SINGLESTAR', 1);


INSERT INTO SystemRep (System_id, distance_to_galaxy_centre, ucoordinate, vcoordinate) VALUES ('U2020V2017', 3.398104964332067E16, 2020.0, 2017.0);


INSERT INTO StarRep (System_id,cluster_id,distance_clust_virt_centre,luminosity,no_planets_allowed,angle_in_radians_s,star_color,star_type,star_size)  VALUES ('U2020V2017', 'U2020V2017_0', 3.72E10, 10.975402530379235, 'F', 38.0, 'pyel.subgi', 'f6', 50.66666666666667);


INSERT INTO ClusterRep (System_id,distance_sys_virt_centre,planetsAllowed,cluster_id,angle_in_radians,cluster_description,number_stars_in_cluster)  VALUES ('U2020V2017', 6.920930232558139E10, 'T', 'U2020V2017_0', 1.5882496193148399, 'Cluster Number: 0 SINGLESTAR', 1);


INSERT INTO SystemRep (System_id, distance_to_galaxy_centre, ucoordinate, vcoordinate) VALUES ('U2020V2016', 3.3972639546047876E16, 2020.0, 2016.0);


INSERT INTO StarRep (System_id,cluster_id,distance_clust_virt_centre,luminosity,no_planets_allowed,angle_in_radians_s,star_color,star_type,star_size)  VALUES ('U2020V2016', 'U2020V2016_0', 3.91578947368421E10, 2690.0, 'F', 318.0, 'red_.gi.i ', 'm9', 11.959999999999999);


INSERT INTO ClusterRep (System_id,distance_sys_virt_centre,planetsAllowed,cluster_id,angle_in_radians,cluster_description,number_stars_in_cluster)  VALUES ('U2020V2016', 1.488E11, 'T', 'U2020V2016_0', 3.2812189937493397, 'Cluster Number: 0 SINGLESTAR', 1);


INSERT INTO SystemRep (System_id, distance_to_galaxy_centre, ucoordinate, vcoordinate) VALUES ('U2020V2015', 3.3964231538487664E16, 2020.0, 2015.0);


INSERT INTO StarRep (System_id,cluster_id,distance_clust_virt_centre,luminosity,no_planets_allowed,angle_in_radians_s,star_color,star_type,star_size)  VALUES ('U2020V2015', 'U2020V2015_0', 2.48E11, 2.3112920980323413, 'F', 224.0, 'pyel.mains', 'f6', 39.6);


INSERT INTO ClusterRep (System_id,distance_sys_virt_centre,planetsAllowed,cluster_id,angle_in_radians,cluster_description,number_stars_in_cluster)  VALUES ('U2020V2015', 1.0821818181818182E11, 'T', 'U2020V2015_0', 2.705260340591211, 'Cluster Number: 0 SINGLESTAR', 1);


INSERT INTO SystemRep (System_id, distance_to_galaxy_centre, ucoordinate, vcoordinate) VALUES ('U2020V2014', 3.3955825622192372E16, 2020.0, 2014.0);


INSERT INTO StarRep (System_id,cluster_id,distance_clust_virt_centre,luminosity,no_planets_allowed,angle_in_radians_s,star_color,star_type,star_size)  VALUES ('U2020V2014', 'U2020V2014_0', 6.763636363636364E10, 1.2, 'F', 91.0, 'yelo.mains', 'g0', 42.0);


INSERT INTO ClusterRep (System_id,distance_sys_virt_centre,planetsAllowed,cluster_id,angle_in_radians,cluster_description,number_stars_in_cluster)  VALUES ('U2020V2014', 6.136082474226804E10, 'T', 'U2020V2014_0', 3.0019663134302466, 'Cluster Number: 0 SINGLESTAR', 1);


INSERT INTO SystemRep (System_id, distance_to_galaxy_centre, ucoordinate, vcoordinate) VALUES ('U2020V2013', 3.3947421798715496E16, 2020.0, 2013.0);


INSERT INTO StarRep (System_id,cluster_id,distance_clust_virt_centre,luminosity,no_planets_allowed,angle_in_radians_s,star_color,star_type,star_size)  VALUES ('U2020V2013', 'U2020V2013_0', 3.72E11, 0.282, 'F', 145.0, 'orng.mains', 'k2', 1.0830000000000002);


INSERT INTO ClusterRep (System_id,distance_sys_virt_centre,planetsAllowed,cluster_id,angle_in_radians,cluster_description,number_stars_in_cluster)  VALUES ('U2020V2013', 7.44E11, 'T', 'U2020V2013_0', 4.4156830075456535, 'Cluster Number: 0 SINGLESTAR', 1);


INSERT INTO SystemRep (System_id, distance_to_galaxy_centre, ucoordinate, vcoordinate) VALUES ('U2020V2012', 3.393902006961167E16, 2020.0, 2012.0);


INSERT INTO SystemRep (System_id, distance_to_galaxy_centre, ucoordinate, vcoordinate) VALUES ('U2020V2011', 3.3930620436436704E16, 2020.0, 2011.0);


INSERT INTO StarRep (System_id,cluster_id,distance_clust_virt_centre,luminosity,no_planets_allowed,angle_in_radians_s,star_color,star_type,star_size)  VALUES ('U2020V2011', 'U2020V2011_0', 7.44E10, 1.1955656550891687, 'F', 11.0, 'yelo.mains', 'g0', 42.0);


INSERT INTO ClusterRep (System_id,distance_sys_virt_centre,planetsAllowed,cluster_id,angle_in_radians,cluster_description,number_stars_in_cluster)  VALUES ('U2020V2011', 1.1904E11, 'T', 'U2020V2011_0', 4.694935687864747, 'Cluster Number: 0 SINGLESTAR', 1);


INSERT INTO SystemRep (System_id, distance_to_galaxy_centre, ucoordinate, vcoordinate) VALUES ('U2020V2010', 3.392222290074753E16, 2020.0, 2010.0);


INSERT INTO StarRep (System_id,cluster_id,distance_clust_virt_centre,luminosity,no_planets_allowed,angle_in_radians_s,star_color,star_type,star_size)  VALUES ('U2020V2010', 'U2020V2010_0', 7.085714285714285E10, 0.0466, 'F', 51.0, 'red_.mains', 'm3', 0.09316666666666662);


INSERT INTO ClusterRep (System_id,distance_sys_virt_centre,planetsAllowed,cluster_id,angle_in_radians,cluster_description,number_stars_in_cluster)  VALUES ('U2020V2010', 2.48E11, 'T', 'U2020V2010_0', 3.839724354387525, 'Cluster Number: 0 SINGLESTAR', 1);


INSERT INTO SystemRep (System_id, distance_to_galaxy_centre, ucoordinate, vcoordinate) VALUES ('U2026V2009', 3.3964506901889684E16, 2026.0, 2009.0);


INSERT INTO StarRep (System_id,cluster_id,distance_clust_virt_centre,luminosity,no_planets_allowed,angle_in_radians_s,star_color,star_type,star_size)  VALUES ('U2026V2009', 'U2026V2009_0', 5.952E10, 0.0466, 'F', 39.0, 'red_.mains', 'm3', 0.09316666666666662);


INSERT INTO ClusterRep (System_id,distance_sys_virt_centre,planetsAllowed,cluster_id,angle_in_radians,cluster_description,number_stars_in_cluster)  VALUES ('U2026V2009', 1.984E11, 'T', 'U2026V2009_0', 0.22689280275926285, 'Cluster Number: 0 SINGLESTAR', 1);


INSERT INTO SystemRep (System_id, distance_to_galaxy_centre, ucoordinate, vcoordinate) VALUES ('U2026V2008', 3.3956126092884036E16, 2026.0, 2008.0);


INSERT INTO StarRep (System_id,cluster_id,distance_clust_virt_centre,luminosity,no_planets_allowed,angle_in_radians_s,star_color,star_type,star_size)  VALUES ('U2026V2008', 'U2026V2008_0', 4.578461538461539E10, 1920.0, 'F', 79.0, 'whit.gi.ii', 'a1', 9.899999999999999);


INSERT INTO ClusterRep (System_id,distance_sys_virt_centre,planetsAllowed,cluster_id,angle_in_radians,cluster_description,number_stars_in_cluster)  VALUES ('U2026V2008', 6.073469387755102E10, 'T', 'U2026V2008_0', 2.076941809873252, 'Cluster Number: 0 SINGLESTAR', 1);


INSERT INTO SystemRep (System_id, distance_to_galaxy_centre, ucoordinate, vcoordinate) VALUES ('U2026V2007', 3.394774738909196E16, 2026.0, 2007.0);


INSERT INTO SystemRep (System_id, distance_to_galaxy_centre, ucoordinate, vcoordinate) VALUES ('U2026V2006', 3.3939370792072616E16, 2026.0, 2006.0);


INSERT INTO StarRep (System_id,cluster_id,distance_clust_virt_centre,luminosity,no_planets_allowed,angle_in_radians_s,star_color,star_type,star_size)  VALUES ('U2026V2006', 'U2026V2006_0', 3.036734693877551E10, 3.897662628914268E-5, 'F', 306.0, 'orng.dwarf', 'dk', 0.5373333333333334);


INSERT INTO ClusterRep (System_id,distance_sys_virt_centre,planetsAllowed,cluster_id,angle_in_radians,cluster_description,number_stars_in_cluster)  VALUES ('U2026V2006', 1.488E11, 'T', 'U2026V2006_0', 2.356194490192345, 'Cluster Number: 0 SINGLESTAR', 1);


INSERT INTO SystemRep (System_id, distance_to_galaxy_centre, ucoordinate, vcoordinate) VALUES ('U2026V2005', 3.393099630338632E16, 2026.0, 2005.0);


INSERT INTO StarRep (System_id,cluster_id,distance_clust_virt_centre,luminosity,no_planets_allowed,angle_in_radians_s,star_color,star_type,star_size)  VALUES ('U2026V2005', 'U2026V2005_0', 4.8E10, 1809540.8093260836, 'F', 359.0, 'blue.sg.i ', 'o8', 116.66666666666667);


INSERT INTO ClusterRep (System_id,distance_sys_virt_centre,planetsAllowed,cluster_id,angle_in_radians,cluster_description,number_stars_in_cluster)  VALUES ('U2026V2005', 1.1670588235294118E11, 'T', 'U2026V2005_0', 3.7699111843077517, 'Cluster Number: 0 SINGLESTAR', 1);


INSERT INTO SystemRep (System_id, distance_to_galaxy_centre, ucoordinate, vcoordinate) VALUES ('U2026V2004', 3.392262392459451E16, 2026.0, 2004.0);


INSERT INTO StarRep (System_id,cluster_id,distance_clust_virt_centre,luminosity,no_planets_allowed,angle_in_radians_s,star_color,star_type,star_size)  VALUES ('U2026V2004', 'U2026V2004_0', 3.1659574468085106E10, 0.0856, 'F', 226.0, 'red_.subdw', 'm7', 0.6406);


INSERT INTO ClusterRep (System_id,distance_sys_virt_centre,planetsAllowed,cluster_id,angle_in_radians,cluster_description,number_stars_in_cluster)  VALUES ('U2026V2004', 6.4E10, 'T', 'U2026V2004_0', 4.066617157146788, 'Cluster Number: 0 SINGLESTAR', 1);


INSERT INTO SystemRep (System_id, distance_to_galaxy_centre, ucoordinate, vcoordinate) VALUES ('U2026V2003', 3.3914253657259804E16, 2026.0, 2003.0);


INSERT INTO StarRep (System_id,cluster_id,distance_clust_virt_centre,luminosity,no_planets_allowed,angle_in_radians_s,star_color,star_type,star_size)  VALUES ('U2026V2003', 'U2026V2003_0', 3.1E10, 0.4066767562989687, 'F', 266.0, 'yelo.mains', 'g9', 47.4);


INSERT INTO ClusterRep (System_id,distance_sys_virt_centre,planetsAllowed,cluster_id,angle_in_radians,cluster_description,number_stars_in_cluster)  VALUES ('U2026V2003', 8.883582089552238E10, 'T', 'U2026V2003_0', 3.211405823669566, 'Cluster Number: 0 SINGLESTAR', 1);


INSERT INTO SystemRep (System_id, distance_to_galaxy_centre, ucoordinate, vcoordinate) VALUES ('U2026V2002', 3.3905885502945944E16, 2026.0, 2002.0);


INSERT INTO StarRep (System_id,cluster_id,distance_clust_virt_centre,luminosity,no_planets_allowed,angle_in_radians_s,star_color,star_type,star_size)  VALUES ('U2026V2002', 'U2026V2002_0', 1.0262068965517241E11, 3.18, 'F', 133.0, 'pyel.mains', 'f4', 38.4);


INSERT INTO ClusterRep (System_id,distance_sys_virt_centre,planetsAllowed,cluster_id,angle_in_radians,cluster_description,number_stars_in_cluster)  VALUES ('U2026V2002', 6.613333333333334E11, 'T', 'U2026V2002_0', 3.490658503988659, 'Cluster Number: 0 SINGLESTAR', 1);


INSERT INTO SystemRep (System_id, distance_to_galaxy_centre, ucoordinate, vcoordinate) VALUES ('U2026V2001', 3.3897519463217836E16, 2026.0, 2001.0);


INSERT INTO StarRep (System_id,cluster_id,distance_clust_virt_centre,luminosity,no_planets_allowed,angle_in_radians_s,star_color,star_type,star_size)  VALUES ('U2026V2001', 'U2026V2001_0', 7.63076923076923E10, 2.9E-5, 'F', 241.0, 'red_.dwarf', 'dm', 0.624);


INSERT INTO ClusterRep (System_id,distance_sys_virt_centre,planetsAllowed,cluster_id,angle_in_radians,cluster_description,number_stars_in_cluster)  VALUES ('U2026V2001', 8.752941176470589E10, 'T', 'U2026V2001_0', 1.3788101090755203, 'Cluster Number: 0 SINGLESTAR', 1);


INSERT INTO SystemRep (System_id, distance_to_galaxy_centre, ucoordinate, vcoordinate) VALUES ('U2026V2000', 3.388915553964153E16, 2026.0, 2000.0);


INSERT INTO StarRep (System_id,cluster_id,distance_clust_virt_centre,luminosity,no_planets_allowed,angle_in_radians_s,star_color,star_type,star_size)  VALUES ('U2026V2000', 'U2026V2000_0', 4.1333333333333336E10, 0.046541005818746456, 'F', 108.0, 'red_.mains', 'm3', 0.09316666666666662);


INSERT INTO ClusterRep (System_id,distance_sys_virt_centre,planetsAllowed,cluster_id,angle_in_radians,cluster_description,number_stars_in_cluster)  VALUES ('U2026V2000', 5.410909090909091E11, 'T', 'U2026V2000_0', 1.6580627893946132, 'Cluster Number: 0 SINGLESTAR', 1);


INSERT INTO SystemRep (System_id, distance_to_galaxy_centre, ucoordinate, vcoordinate) VALUES ('U2022V2009', 3.3930712315408884E16, 2022.0, 2009.0);


INSERT INTO StarRep (System_id,cluster_id,distance_clust_virt_centre,luminosity,no_planets_allowed,angle_in_radians_s,star_color,star_type,star_size)  VALUES ('U2022V2009', 'U2022V2009_0', 3.72E11, 0.123, 'F', 5.0, 'orng.mains', 'k8', 1.2120000000000002);


INSERT INTO ClusterRep (System_id,distance_sys_virt_centre,planetsAllowed,cluster_id,angle_in_radians,cluster_description,number_stars_in_cluster)  VALUES ('U2022V2009', 6.073469387755102E10, 'T', 'U2022V2009_0', 5.585053606381854, 'Cluster Number: 0 SINGLESTAR', 1);


INSERT INTO SystemRep (System_id, distance_to_galaxy_centre, ucoordinate, vcoordinate) VALUES ('U2022V2008', 3.392232315715373E16, 2022.0, 2008.0);


INSERT INTO StarRep (System_id,cluster_id,distance_clust_virt_centre,luminosity,no_planets_allowed,angle_in_radians_s,star_color,star_type,star_size)  VALUES ('U2022V2008', 'U2022V2008_0', 2.976E11, 706796.2080828603, 'F', 45.0, 'blue.gi.i ', 'o8', 41.66666666666667);


INSERT INTO ClusterRep (System_id,distance_sys_virt_centre,planetsAllowed,cluster_id,angle_in_radians,cluster_description,number_stars_in_cluster)  VALUES ('U2022V2008', 8.383098591549295E10, 'T', 'U2022V2008_0', 4.729842272904633, 'Cluster Number: 0 SINGLESTAR', 1);


INSERT INTO SystemRep (System_id, distance_to_galaxy_centre, ucoordinate, vcoordinate) VALUES ('U2022V2007', 3.39139361020824E16, 2022.0, 2007.0);


INSERT INTO StarRep (System_id,cluster_id,distance_clust_virt_centre,luminosity,no_planets_allowed,angle_in_radians_s,star_color,star_type,star_size)  VALUES ('U2022V2007', 'U2022V2007_0', 7.085714285714285E10, 3.55E-5, 'F', 272.0, 'orng.dwarf', 'dk', 0.598);


INSERT INTO ClusterRep (System_id,distance_sys_virt_centre,planetsAllowed,cluster_id,angle_in_radians,cluster_description,number_stars_in_cluster)  VALUES ('U2022V2007', 4.251428571428571E11, 'T', 'U2022V2007_0', 5.026548245743669, 'Cluster Number: 0 SINGLESTAR', 1);


INSERT INTO SystemRep (System_id, distance_to_galaxy_centre, ucoordinate, vcoordinate) VALUES ('U2022V2006', 3.3905551151755664E16, 2022.0, 2006.0);


INSERT INTO SystemRep (System_id, distance_to_galaxy_centre, ucoordinate, vcoordinate) VALUES ('U2022V2005', 3.389716830773544E16, 2022.0, 2005.0);


INSERT INTO StarRep (System_id,cluster_id,distance_clust_virt_centre,luminosity,no_planets_allowed,angle_in_radians_s,star_color,star_type,star_size)  VALUES ('U2022V2005', 'U2022V2005_0', 5.723076923076923E10, 0.0734, 'F', 21.0, 'red_.mains', 'm1', 0.07883333333333331);


INSERT INTO ClusterRep (System_id,distance_sys_virt_centre,planetsAllowed,cluster_id,angle_in_radians,cluster_description,number_stars_in_cluster)  VALUES ('U2022V2005', 8.153424657534247E10, 'T', 'U2022V2005_0', 2.9146998508305306, 'Cluster Number: 0 SINGLESTAR', 1);


INSERT INTO SystemRep (System_id, distance_to_galaxy_centre, ucoordinate, vcoordinate) VALUES ('U2022V2004', 3.388878757158479E16, 2022.0, 2004.0);


INSERT INTO StarRep (System_id,cluster_id,distance_clust_virt_centre,luminosity,no_planets_allowed,angle_in_radians_s,star_color,star_type,star_size)  VALUES ('U2022V2004', 'U2022V2004_0', 3.5011764705882355E10, 0.21566234920206118, 'F', 247.0, 'orng.mains', 'k4', 1.126);


INSERT INTO ClusterRep (System_id,distance_sys_virt_centre,planetsAllowed,cluster_id,angle_in_radians,cluster_description,number_stars_in_cluster)  VALUES ('U2022V2004', 3.72E11, 'T', 'U2022V2004_0', 3.193952531149623, 'Cluster Number: 0 SINGLESTAR', 1);


INSERT INTO SystemRep (System_id, distance_to_galaxy_centre, ucoordinate, vcoordinate) VALUES ('U2022V2003', 3.3880408944867948E16, 2022.0, 2003.0);


INSERT INTO StarRep (System_id,cluster_id,distance_clust_virt_centre,luminosity,no_planets_allowed,angle_in_radians_s,star_color,star_type,star_size)  VALUES ('U2022V2003', 'U2022V2003_0', 3.4206896551724136E10, 2.7E-5, 'F', 287.0, 'red_.dwarf', 'dm', 0.6586666666666666);


INSERT INTO ClusterRep (System_id,distance_sys_virt_centre,planetsAllowed,cluster_id,angle_in_radians,cluster_description,number_stars_in_cluster)  VALUES ('U2022V2003', 6.687640449438202E10, 'T', 'U2022V2003_0', 2.3387411976724013, 'Cluster Number: 0 SINGLESTAR', 1);


INSERT INTO SystemRep (System_id, distance_to_galaxy_centre, ucoordinate, vcoordinate) VALUES ('U2022V2002', 3.3872032429150276E16, 2022.0, 2002.0);


INSERT INTO SystemRep (System_id, distance_to_galaxy_centre, ucoordinate, vcoordinate) VALUES ('U2022V2001', 3.386365802599831E16, 2022.0, 2001.0);


INSERT INTO StarRep (System_id,cluster_id,distance_clust_virt_centre,luminosity,no_planets_allowed,angle_in_radians_s,star_color,star_type,star_size)  VALUES ('U2022V2001', 'U2022V2001_0', 1.488E11, 0.013310806940631782, 'F', 154.0, 'red_.mains', 'm7', 0.12183333333333335);


INSERT INTO ClusterRep (System_id,distance_sys_virt_centre,planetsAllowed,cluster_id,angle_in_radians,cluster_description,number_stars_in_cluster)  VALUES ('U2022V2001', 1.92E11, 'T', 'U2022V2001_0', 2.6354471705114375, 'Cluster Number: 0 SINGLESTAR', 1);


INSERT INTO SystemRep (System_id, distance_to_galaxy_centre, ucoordinate, vcoordinate) VALUES ('U2022V2000', 3.385528573697974E16, 2022.0, 2000.0);


INSERT INTO StarRep (System_id,cluster_id,distance_clust_virt_centre,luminosity,no_planets_allowed,angle_in_radians_s,star_color,star_type,star_size)  VALUES ('U2022V2000', 'U2022V2000_0', 1.86E11, 0.0134, 'F', 74.0, 'red_.mains', 'm7', 0.12183333333333335);


INSERT INTO ClusterRep (System_id,distance_sys_virt_centre,planetsAllowed,cluster_id,angle_in_radians,cluster_description,number_stars_in_cluster)  VALUES ('U2022V2000', 7.085714285714285E10, 'T', 'U2022V2000_0', 4.328416544945937, 'Cluster Number: 0 SINGLESTAR', 1);


INSERT INTO SystemRep (System_id, distance_to_galaxy_centre, ucoordinate, vcoordinate) VALUES ('U2039V2019', 3.4158220494172584E16, 2039.0, 2019.0);


INSERT INTO StarRep (System_id,cluster_id,distance_clust_virt_centre,luminosity,no_planets_allowed,angle_in_radians_s,star_color,star_type,star_size)  VALUES ('U2039V2019', 'U2039V2019_0', 5.835294117647059E10, 0.162, 'F', 313.0, 'orng.mains', 'k6', 1.169);


INSERT INTO StarRep (System_id,cluster_id,distance_clust_virt_centre,luminosity,no_planets_allowed,angle_in_radians_s,star_color,star_type,star_size)  VALUES ('U2039V2019', 'U2039V2019_0', 4.723809523809524E10, 1.0, 'F', 286.0, 'yelo.mains', 'g2', 43.199999999999996);


INSERT INTO StarRep (System_id,cluster_id,distance_clust_virt_centre,luminosity,no_planets_allowed,angle_in_radians_s,star_color,star_type,star_size)  VALUES ('U2039V2019', 'U2039V2019_0', 9.018181818181818E10, 0.40598133934145136, 'F', 202.0, 'yelo.mains', 'g9', 47.4);


INSERT INTO StarRep (System_id,cluster_id,distance_clust_virt_centre,luminosity,no_planets_allowed,angle_in_radians_s,star_color,star_type,star_size)  VALUES ('U2039V2019', 'U2039V2019_2', 4.509090909090909E10, 0.027429865482465694, 'F', 5.0, 'red_.mains', 'm5', 0.10750000000000004);


INSERT INTO ClusterRep (System_id,distance_sys_virt_centre,planetsAllowed,cluster_id,angle_in_radians,cluster_description,number_stars_in_cluster)  VALUES ('U2039V2019', 9.018181818181818E10, 'F', 'U2039V2019_2', 4.049163864626845, 'Cluster Number: 2 THREESTAR_TRINARY', 1);


INSERT INTO SystemRep (System_id, distance_to_galaxy_centre, ucoordinate, vcoordinate) VALUES ('U2039V2018', 3.4149845729834856E16, 2039.0, 2018.0);


INSERT INTO StarRep (System_id,cluster_id,distance_clust_virt_centre,luminosity,no_planets_allowed,angle_in_radians_s,star_color,star_type,star_size)  VALUES ('U2039V2018', 'U2039V2018_0', 5.615094339622642E10, 54728.49772200001, 'F', 353.0, 'pyel.sg.ii', 'f5', 35.0);


INSERT INTO StarRep (System_id,cluster_id,distance_clust_virt_centre,luminosity,no_planets_allowed,angle_in_radians_s,star_color,star_type,star_size)  VALUES ('U2039V2018', 'U2039V2018_0', 0.0, 130014.68046412336, 'F', 282.0, 'red_.sg.ii', 'm5', 108.33333333333333);


INSERT INTO StarRep (System_id,cluster_id,distance_clust_virt_centre,luminosity,no_planets_allowed,angle_in_radians_s,star_color,star_type,star_size)  VALUES ('U2039V2018', 'U2039V2018_0', 3.968E10, 880000.0, 'F', 97.0, 'blue.sg.ii', 'o8', 36.0);


INSERT INTO StarRep (System_id,cluster_id,distance_clust_virt_centre,luminosity,no_planets_allowed,angle_in_radians_s,star_color,star_type,star_size)  VALUES ('U2039V2018', 'U2039V2018_2', 6.763636363636364E10, 0.5855634514758742, 'F', 138.0, 'yelo.subdw', 'g1', 3.6599999999999997);


INSERT INTO ClusterRep (System_id,distance_sys_virt_centre,planetsAllowed,cluster_id,angle_in_radians,cluster_description,number_stars_in_cluster)  VALUES ('U2039V2018', 1.0442105263157895E11, 'F', 'U2039V2018_2', 3.211405823669566, 'Cluster Number: 2 THREESTAR_TRINARY', 1);


INSERT INTO SystemRep (System_id, distance_to_galaxy_centre, ucoordinate, vcoordinate) VALUES ('U2039V2017', 3.4141473061731828E16, 2039.0, 2017.0);


INSERT INTO StarRep (System_id,cluster_id,distance_clust_virt_centre,luminosity,no_planets_allowed,angle_in_radians_s,star_color,star_type,star_size)  VALUES ('U2039V2017', 'U2039V2017_0', 3.5011764705882355E10, 0.0096, 'F', 220.0, 'red_.mains', 'm9', 0.13616666666666666);


INSERT INTO StarRep (System_id,cluster_id,distance_clust_virt_centre,luminosity,no_planets_allowed,angle_in_radians_s,star_color,star_type,star_size)  VALUES ('U2039V2017', 'U2039V2017_0', 3.4206896551724136E10, 2.319283423335239, 'F', 283.0, 'pyel.mains', 'f6', 39.6);


INSERT INTO StarRep (System_id,cluster_id,distance_clust_virt_centre,luminosity,no_planets_allowed,angle_in_radians_s,star_color,star_type,star_size)  VALUES ('U2039V2017', 'U2039V2017_0', 3.1659574468085106E10, 0.0134, 'F', 252.0, 'red_.mains', 'm7', 0.12183333333333335);


INSERT INTO StarRep (System_id,cluster_id,distance_clust_virt_centre,luminosity,no_planets_allowed,angle_in_radians_s,star_color,star_type,star_size)  VALUES ('U2039V2017', 'U2039V2017_2', 5.835294117647059E10, 30.0, 'F', 213.0, 'whit.mains', 'a4', 32.4);


INSERT INTO ClusterRep (System_id,distance_sys_virt_centre,planetsAllowed,cluster_id,angle_in_radians,cluster_description,number_stars_in_cluster)  VALUES ('U2039V2017', 2.2044444444444446E11, 'F', 'U2039V2017_2', 3.490658503988659, 'Cluster Number: 2 THREESTAR_TRINARY', 1);


INSERT INTO SystemRep (System_id, distance_to_galaxy_centre, ucoordinate, vcoordinate) VALUES ('U2039V2009', 3.4074567366703748E16, 2039.0, 2009.0);


INSERT INTO StarRep (System_id,cluster_id,distance_clust_virt_centre,luminosity,no_planets_allowed,angle_in_radians_s,star_color,star_type,star_size)  VALUES ('U2039V2009', 'U2039V2009_0', 2.976E12, 2.9490689737177303E-5, 'F', 178.0, 'red_.dwarf', 'dm', 0.6153333333333334);


INSERT INTO StarRep (System_id,cluster_id,distance_clust_virt_centre,luminosity,no_planets_allowed,angle_in_radians_s,star_color,star_type,star_size)  VALUES ('U2039V2009', 'U2039V2009_0', 3.674074074074074E10, 2.304108282843927, 'F', 247.0, 'pyel.mains', 'f6', 39.6);


INSERT INTO StarRep (System_id,cluster_id,distance_clust_virt_centre,luminosity,no_planets_allowed,angle_in_radians_s,star_color,star_type,star_size)  VALUES ('U2039V2009', 'U2039V2009_0', 1.0262068965517241E11, 11388.460866430294, 'F', 130.0, 'whit.sg.i ', 'a6', 13.333333333333334);


INSERT INTO StarRep (System_id,cluster_id,distance_clust_virt_centre,luminosity,no_planets_allowed,angle_in_radians_s,star_color,star_type,star_size)  VALUES ('U2039V2009', 'U2039V2009_2', 3.968E10, 9779.857777132027, 'F', 199.0, 'ltbl.gi.ii', 'b7', 51.333333333333336);


INSERT INTO ClusterRep (System_id,distance_sys_virt_centre,planetsAllowed,cluster_id,angle_in_radians,cluster_description,number_stars_in_cluster)  VALUES ('U2039V2009', 1.1022222222222223E11, 'F', 'U2039V2009_2', 2.9845130209103035, 'Cluster Number: 2 THREESTAR_TRINARY', 1);


INSERT INTO SystemRep (System_id, distance_to_galaxy_centre, ucoordinate, vcoordinate) VALUES ('U2039V2016', 3.413310249140608E16, 2039.0, 2016.0);


INSERT INTO StarRep (System_id,cluster_id,distance_clust_virt_centre,luminosity,no_planets_allowed,angle_in_radians_s,star_color,star_type,star_size)  VALUES ('U2039V2016', 'U2039V2016_0', 9.92E11, 0.2811009367240874, 'F', 218.0, 'orng.mains', 'k2', 1.0830000000000002);


INSERT INTO StarRep (System_id,cluster_id,distance_clust_virt_centre,luminosity,no_planets_allowed,angle_in_radians_s,star_color,star_type,star_size)  VALUES ('U2039V2016', 'U2039V2016_0', 1.6533333333333334E11, 2917.3238413194804, 'F', 243.0, 'orng.gi.ii', 'k6', 21.599999999999998);


INSERT INTO StarRep (System_id,cluster_id,distance_clust_virt_centre,luminosity,no_planets_allowed,angle_in_radians_s,star_color,star_type,star_size)  VALUES ('U2039V2016', 'U2039V2016_0', 4.251428571428571E10, 0.0466, 'F', 25.0, 'red_.mains', 'm3', 0.09316666666666662);


INSERT INTO StarRep (System_id,cluster_id,distance_clust_virt_centre,luminosity,no_planets_allowed,angle_in_radians_s,star_color,star_type,star_size)  VALUES ('U2039V2016', 'U2039V2016_2', 5.615094339622642E10, 13.445460199258193, 'F', 332.0, 'whit.mains', 'a7', 34.199999999999996);


INSERT INTO ClusterRep (System_id,distance_sys_virt_centre,planetsAllowed,cluster_id,angle_in_radians,cluster_description,number_stars_in_cluster)  VALUES ('U2039V2016', 1.3226666666666667E11, 'F', 'U2039V2016_2', 2.1467549799530254, 'Cluster Number: 2 THREESTAR_TRINARY', 1);


INSERT INTO SystemRep (System_id, distance_to_galaxy_centre, ucoordinate, vcoordinate) VALUES ('U2039V2008', 3.4066213634264668E16, 2039.0, 2008.0);


INSERT INTO StarRep (System_id,cluster_id,distance_clust_virt_centre,luminosity,no_planets_allowed,angle_in_radians_s,star_color,star_type,star_size)  VALUES ('U2039V2008', 'U2039V2008_0', 4.65E10, 15500.0, 'F', 232.0, 'red_.gi.ii', 'm7', 39.166666666666664);


INSERT INTO StarRep (System_id,cluster_id,distance_clust_virt_centre,luminosity,no_planets_allowed,angle_in_radians_s,star_color,star_type,star_size)  VALUES ('U2039V2008', 'U2039V2008_0', 1.488E11, 2.32, 'F', 255.0, 'pyel.mains', 'f6', 39.6);


INSERT INTO StarRep (System_id,cluster_id,distance_clust_virt_centre,luminosity,no_planets_allowed,angle_in_radians_s,star_color,star_type,star_size)  VALUES ('U2039V2008', 'U2039V2008_0', 1.1446153846153847E11, 3.7498866553418E-5, 'F', 186.0, 'orng.dwarf', 'dk', 0.5633333333333334);


INSERT INTO StarRep (System_id,cluster_id,distance_clust_virt_centre,luminosity,no_planets_allowed,angle_in_radians_s,star_color,star_type,star_size)  VALUES ('U2039V2008', 'U2039V2008_2', 2.48E11, 0.216, 'F', 217.0, 'orng.mains', 'k4', 1.126);


INSERT INTO ClusterRep (System_id,distance_sys_virt_centre,planetsAllowed,cluster_id,angle_in_radians,cluster_description,number_stars_in_cluster)  VALUES ('U2039V2008', 1.984E12, 'F', 'U2039V2008_2', 4.39822971502571, 'Cluster Number: 2 THREESTAR_TRINARY', 1);


INSERT INTO SystemRep (System_id, distance_to_galaxy_centre, ucoordinate, vcoordinate) VALUES ('U2039V2015', 3.4124734020401332E16, 2039.0, 2015.0);


INSERT INTO SystemRep (System_id, distance_to_galaxy_centre, ucoordinate, vcoordinate) VALUES ('U2039V2007', 3.4057862013536904E16, 2039.0, 2007.0);


INSERT INTO StarRep (System_id,cluster_id,distance_clust_virt_centre,luminosity,no_planets_allowed,angle_in_radians_s,star_color,star_type,star_size)  VALUES ('U2039V2007', 'U2039V2007_0', 3.036734693877551E10, 0.333, 'F', 138.0, 'orng.mains', 'k1', 1.0615);


INSERT INTO StarRep (System_id,cluster_id,distance_clust_virt_centre,luminosity,no_planets_allowed,angle_in_radians_s,star_color,star_type,star_size)  VALUES ('U2039V2007', 'U2039V2007_0', 6.763636363636364E10, 0.0912, 'F', 252.0, 'red_.mains', 'm0', 1.255);


INSERT INTO StarRep (System_id,cluster_id,distance_clust_virt_centre,luminosity,no_planets_allowed,angle_in_radians_s,star_color,star_type,star_size)  VALUES ('U2039V2007', 'U2039V2007_0', 3.4206896551724136E10, 0.408, 'F', 235.0, 'yelo.mains', 'g9', 47.4);


INSERT INTO StarRep (System_id,cluster_id,distance_clust_virt_centre,luminosity,no_planets_allowed,angle_in_radians_s,star_color,star_type,star_size)  VALUES ('U2039V2007', 'U2039V2007_2', 3.068041237113402E10, 3.749433906570811E-5, 'F', 66.0, 'orng.dwarf', 'dk', 0.5633333333333334);


INSERT INTO ClusterRep (System_id,distance_sys_virt_centre,planetsAllowed,cluster_id,angle_in_radians,cluster_description,number_stars_in_cluster)  VALUES ('U2039V2007', 9.447619047619048E10, 'F', 'U2039V2007_2', 3.839724354387525, 'Cluster Number: 2 THREESTAR_TRINARY', 1);


INSERT INTO SystemRep (System_id, distance_to_galaxy_centre, ucoordinate, vcoordinate) VALUES ('U2039V2014', 3.411636765026242E16, 2039.0, 2014.0);


INSERT INTO StarRep (System_id,cluster_id,distance_clust_virt_centre,luminosity,no_planets_allowed,angle_in_radians_s,star_color,star_type,star_size)  VALUES ('U2039V2014', 'U2039V2014_0', 8.043243243243243E10, 0.04638856102290309, 'F', 125.0, 'red_.mains', 'm3', 0.09316666666666662);


INSERT INTO StarRep (System_id,cluster_id,distance_clust_virt_centre,luminosity,no_planets_allowed,angle_in_radians_s,star_color,star_type,star_size)  VALUES ('U2039V2014', 'U2039V2014_0', 7.085714285714285E10, 2.3199467955842974, 'F', 240.0, 'pyel.mains', 'f6', 39.6);


INSERT INTO StarRep (System_id,cluster_id,distance_clust_virt_centre,luminosity,no_planets_allowed,angle_in_radians_s,star_color,star_type,star_size)  VALUES ('U2039V2014', 'U2039V2014_0', 9.3E10, 4.37, 'F', 75.0, 'orng.subgi', 'k7', 2.833333333333333);


INSERT INTO StarRep (System_id,cluster_id,distance_clust_virt_centre,luminosity,no_planets_allowed,angle_in_radians_s,star_color,star_type,star_size)  VALUES ('U2039V2014', 'U2039V2014_2', 7.63076923076923E10, 0.12273296317643416, 'F', 181.0, 'orng.mains', 'k8', 1.2120000000000002);


INSERT INTO ClusterRep (System_id,distance_sys_virt_centre,planetsAllowed,cluster_id,angle_in_radians,cluster_description,number_stars_in_cluster)  VALUES ('U2039V2014', 9.92E11, 'F', 'U2039V2014_2', 1.5882496193148399, 'Cluster Number: 2 THREESTAR_TRINARY', 1);


INSERT INTO SystemRep (System_id, distance_to_galaxy_centre, ucoordinate, vcoordinate) VALUES ('U2039V2006', 3.4049512506074324E16, 2039.0, 2006.0);


INSERT INTO StarRep (System_id,cluster_id,distance_clust_virt_centre,luminosity,no_planets_allowed,angle_in_radians_s,star_color,star_type,star_size)  VALUES ('U2039V2006', 'U2039V2006_0', 9.6E10, 1.5496350644686343, 'F', 5.0, 'pyel.mains', 'f8', 40.8);


INSERT INTO StarRep (System_id,cluster_id,distance_clust_virt_centre,luminosity,no_planets_allowed,angle_in_radians_s,star_color,star_type,star_size)  VALUES ('U2039V2006', 'U2039V2006_0', 9.3E10, 1.69E8, 'F', 253.0, 'blue.sg.ii', 'o8', 12.0);


INSERT INTO StarRep (System_id,cluster_id,distance_clust_virt_centre,luminosity,no_planets_allowed,angle_in_radians_s,star_color,star_type,star_size)  VALUES ('U2039V2006', 'U2039V2006_0', 4.251428571428571E11, 13.5, 'F', 31.0, 'whit.mains', 'a7', 34.199999999999996);


INSERT INTO StarRep (System_id,cluster_id,distance_clust_virt_centre,luminosity,no_planets_allowed,angle_in_radians_s,star_color,star_type,star_size)  VALUES ('U2039V2006', 'U2039V2006_2', 5.952E11, 1.548548519620844, 'F', 141.0, 'pyel.mains', 'f8', 40.8);


INSERT INTO ClusterRep (System_id,distance_sys_virt_centre,planetsAllowed,cluster_id,angle_in_radians,cluster_description,number_stars_in_cluster)  VALUES ('U2039V2006', 1.8036363636363635E11, 'F', 'U2039V2006_2', 4.118977034706617, 'Cluster Number: 2 THREESTAR_TRINARY', 1);


INSERT INTO SystemRep (System_id, distance_to_galaxy_centre, ucoordinate, vcoordinate) VALUES ('U2039V2013', 3.4108003382535308E16, 2039.0, 2013.0);


INSERT INTO StarRep (System_id,cluster_id,distance_clust_virt_centre,luminosity,no_planets_allowed,angle_in_radians_s,star_color,star_type,star_size)  VALUES ('U2039V2013', 'U2039V2013_0', 4.3130434782608696E10, 0.0912, 'F', 351.0, 'red_.mains', 'm0', 1.255);


INSERT INTO StarRep (System_id,cluster_id,distance_clust_virt_centre,luminosity,no_planets_allowed,angle_in_radians_s,star_color,star_type,star_size)  VALUES ('U2039V2013', 'U2039V2013_0', 9.92E10, 0.21450527287861829, 'F', 241.0, 'orng.mains', 'k4', 1.126);


INSERT INTO StarRep (System_id,cluster_id,distance_clust_virt_centre,luminosity,no_planets_allowed,angle_in_radians_s,star_color,star_type,star_size)  VALUES ('U2039V2013', 'U2039V2013_0', 5.835294117647059E10, 3.55E-5, 'F', 230.0, 'orng.dwarf', 'dk', 0.598);


INSERT INTO StarRep (System_id,cluster_id,distance_clust_virt_centre,luminosity,no_planets_allowed,angle_in_radians_s,star_color,star_type,star_size)  VALUES ('U2039V2013', 'U2039V2013_2', 6.469565217391304E10, 0.3228, 'F', 256.0, 'blue.dwarf', 'do', 0.0232);


INSERT INTO ClusterRep (System_id,distance_sys_virt_centre,planetsAllowed,cluster_id,angle_in_radians,cluster_description,number_stars_in_cluster)  VALUES ('U2039V2013', 7.936E10, 'F', 'U2039V2013_2', 1.8675022996339325, 'Cluster Number: 2 THREESTAR_TRINARY', 1);


INSERT INTO SystemRep (System_id, distance_to_galaxy_centre, ucoordinate, vcoordinate) VALUES ('U2039V2005', 3.4041165113431944E16, 2039.0, 2005.0);


INSERT INTO SystemRep (System_id, distance_to_galaxy_centre, ucoordinate, vcoordinate) VALUES ('U2039V2012', 3.4099641218767096E16, 2039.0, 2012.0);


INSERT INTO StarRep (System_id,cluster_id,distance_clust_virt_centre,luminosity,no_planets_allowed,angle_in_radians_s,star_color,star_type,star_size)  VALUES ('U2039V2012', 'U2039V2012_0', 9.018181818181818E10, 0.0466, 'F', 45.0, 'red_.mains', 'm3', 0.09316666666666662);


INSERT INTO StarRep (System_id,cluster_id,distance_clust_virt_centre,luminosity,no_planets_allowed,angle_in_radians_s,star_color,star_type,star_size)  VALUES ('U2039V2012', 'U2039V2012_0', 4.376470588235294E10, 0.046157363862225693, 'F', 249.0, 'red_.mains', 'm3', 0.09316666666666662);


INSERT INTO StarRep (System_id,cluster_id,distance_clust_virt_centre,luminosity,no_planets_allowed,angle_in_radians_s,star_color,star_type,star_size)  VALUES ('U2039V2012', 'U2039V2012_0', 6.2E10, 0.013287493216922588, 'F', 285.0, 'red_.mains', 'm7', 0.12183333333333335);


INSERT INTO StarRep (System_id,cluster_id,distance_clust_virt_centre,luminosity,no_planets_allowed,angle_in_radians_s,star_color,star_type,star_size)  VALUES ('U2039V2012', 'U2039V2012_2', 3.629268292682927E10, 0.40632598894571487, 'F', 274.0, 'yelo.mains', 'g9', 47.4);


INSERT INTO ClusterRep (System_id,distance_sys_virt_centre,planetsAllowed,cluster_id,angle_in_radians,cluster_description,number_stars_in_cluster)  VALUES ('U2039V2012', 2.48E11, 'F', 'U2039V2012_2', 3.2812189937493397, 'Cluster Number: 2 THREESTAR_TRINARY', 1);


INSERT INTO SystemRep (System_id, distance_to_galaxy_centre, ucoordinate, vcoordinate) VALUES ('U2039V2004', 3.403281983716589E16, 2039.0, 2004.0);


INSERT INTO StarRep (System_id,cluster_id,distance_clust_virt_centre,luminosity,no_planets_allowed,angle_in_radians_s,star_color,star_type,star_size)  VALUES ('U2039V2004', 'U2039V2004_0', 3.1659574468085106E10, 0.3321536800549223, 'F', 59.0, 'orng.mains', 'k1', 1.0615);


INSERT INTO StarRep (System_id,cluster_id,distance_clust_virt_centre,luminosity,no_planets_allowed,angle_in_radians_s,star_color,star_type,star_size)  VALUES ('U2039V2004', 'U2039V2004_0', 4.1915492957746475E10, 11.0, 'F', 261.0, 'pyel.subgi', 'f6', 50.66666666666667);


INSERT INTO StarRep (System_id,cluster_id,distance_clust_virt_centre,luminosity,no_planets_allowed,angle_in_radians_s,star_color,star_type,star_size)  VALUES ('U2039V2004', 'U2039V2004_0', 7.44E11, 15500.0, 'F', 86.0, 'red_.gi.ii', 'm7', 39.166666666666664);


INSERT INTO StarRep (System_id,cluster_id,distance_clust_virt_centre,luminosity,no_planets_allowed,angle_in_radians_s,star_color,star_type,star_size)  VALUES ('U2039V2004', 'U2039V2004_2', 7.258536585365854E10, 0.0466, 'F', 159.0, 'red_.mains', 'm3', 0.09316666666666662);


INSERT INTO ClusterRep (System_id,distance_sys_virt_centre,planetsAllowed,cluster_id,angle_in_radians,cluster_description,number_stars_in_cluster)  VALUES ('U2039V2004', 7.348148148148148E10, 'F', 'U2039V2004_2', 5.532693728822025, 'Cluster Number: 2 THREESTAR_TRINARY', 1);


INSERT INTO SystemRep (System_id, distance_to_galaxy_centre, ucoordinate, vcoordinate) VALUES ('U2039V2011', 3.4091281160506012E16, 2039.0, 2011.0);


INSERT INTO StarRep (System_id,cluster_id,distance_clust_virt_centre,luminosity,no_planets_allowed,angle_in_radians_s,star_color,star_type,star_size)  VALUES ('U2039V2011', 'U2039V2011_0', 4.509090909090909E10, 0.12227293460307619, 'F', 272.0, 'orng.mains', 'k8', 1.2120000000000002);


INSERT INTO StarRep (System_id,cluster_id,distance_clust_virt_centre,luminosity,no_planets_allowed,angle_in_radians_s,star_color,star_type,star_size)  VALUES ('U2039V2011', 'U2039V2011_0', 5.314285714285714E10, 13.463170895308568, 'F', 250.0, 'whit.mains', 'a7', 34.199999999999996);


INSERT INTO StarRep (System_id,cluster_id,distance_clust_virt_centre,luminosity,no_planets_allowed,angle_in_radians_s,star_color,star_type,star_size)  VALUES ('U2039V2011', 'U2039V2011_0', 4.441791044776119E10, 0.0912, 'F', 80.0, 'red_.mains', 'm0', 1.255);


INSERT INTO StarRep (System_id,cluster_id,distance_clust_virt_centre,luminosity,no_planets_allowed,angle_in_radians_s,star_color,star_type,star_size)  VALUES ('U2039V2011', 'U2039V2011_2', 3.3066666666666668E10, 0.216, 'F', 350.0, 'orng.mains', 'k4', 1.126);


INSERT INTO ClusterRep (System_id,distance_sys_virt_centre,planetsAllowed,cluster_id,angle_in_radians,cluster_description,number_stars_in_cluster)  VALUES ('U2039V2011', 6.4E10, 'F', 'U2039V2011_2', 3.560471674068432, 'Cluster Number: 2 THREESTAR_TRINARY', 1);


INSERT INTO SystemRep (System_id, distance_to_galaxy_centre, ucoordinate, vcoordinate) VALUES ('U2039V2003', 3.4024476678833428E16, 2039.0, 2003.0);


INSERT INTO StarRep (System_id,cluster_id,distance_clust_virt_centre,luminosity,no_planets_allowed,angle_in_radians_s,star_color,star_type,star_size)  VALUES ('U2039V2003', 'U2039V2003_0', 1.0262068965517241E11, 0.027044200847218532, 'F', 325.0, 'red_.mains', 'm5', 0.10750000000000004);


INSERT INTO StarRep (System_id,cluster_id,distance_clust_virt_centre,luminosity,no_planets_allowed,angle_in_radians_s,star_color,star_type,star_size)  VALUES ('U2039V2003', 'U2039V2003_0', 3.1326315789473682E10, 1.2, 'F', 258.0, 'yelo.mains', 'g0', 42.0);


INSERT INTO StarRep (System_id,cluster_id,distance_clust_virt_centre,luminosity,no_planets_allowed,angle_in_radians_s,star_color,star_type,star_size)  VALUES ('U2039V2003', 'U2039V2003_0', 4.65E10, 0.1619408648374518, 'F', 136.0, 'orng.mains', 'k6', 1.169);


INSERT INTO StarRep (System_id,cluster_id,distance_clust_virt_centre,luminosity,no_planets_allowed,angle_in_radians_s,star_color,star_type,star_size)  VALUES ('U2039V2003', 'U2039V2003_2', 1.1022222222222223E11, 10.990434887040372, 'F', 8.0, 'pyel.subgi', 'f6', 50.66666666666667);


INSERT INTO ClusterRep (System_id,distance_sys_virt_centre,planetsAllowed,cluster_id,angle_in_radians,cluster_description,number_stars_in_cluster)  VALUES ('U2039V2003', 1.417142857142857E11, 'F', 'U2039V2003_2', 4.97418836818384, 'Cluster Number: 2 THREESTAR_TRINARY', 1);


INSERT INTO SystemRep (System_id, distance_to_galaxy_centre, ucoordinate, vcoordinate) VALUES ('U2039V2010', 3.40829232093014E16, 2039.0, 2010.0);


INSERT INTO StarRep (System_id,cluster_id,distance_clust_virt_centre,luminosity,no_planets_allowed,angle_in_radians_s,star_color,star_type,star_size)  VALUES ('U2039V2010', 'U2039V2010_0', 4.441791044776119E10, 48.98453094511514, 'F', 311.0, 'pyel.gi.i ', 'f2', 4.34);


INSERT INTO StarRep (System_id,cluster_id,distance_clust_virt_centre,luminosity,no_planets_allowed,angle_in_radians_s,star_color,star_type,star_size)  VALUES ('U2039V2010', 'U2039V2010_0', 3.2E10, 3.529920400174204E-5, 'F', 246.0, 'orng.dwarf', 'dk', 0.598);


INSERT INTO StarRep (System_id,cluster_id,distance_clust_virt_centre,luminosity,no_planets_allowed,angle_in_radians_s,star_color,star_type,star_size)  VALUES ('U2039V2010', 'U2039V2010_0', 2.976E11, 1.1952759458363529, 'F', 335.0, 'yelo.mains', 'g0', 42.0);


INSERT INTO StarRep (System_id,cluster_id,distance_clust_virt_centre,luminosity,no_planets_allowed,angle_in_radians_s,star_color,star_type,star_size)  VALUES ('U2039V2010', 'U2039V2010_2', 4.376470588235294E10, 0.0466, 'F', 123.0, 'red_.mains', 'm3', 0.09316666666666662);


INSERT INTO ClusterRep (System_id,distance_sys_virt_centre,planetsAllowed,cluster_id,angle_in_radians,cluster_description,number_stars_in_cluster)  VALUES ('U2039V2010', 7.085714285714285E10, 'F', 'U2039V2010_2', 2.705260340591211, 'Cluster Number: 2 THREESTAR_TRINARY', 1);


INSERT INTO SystemRep (System_id, distance_to_galaxy_centre, ucoordinate, vcoordinate) VALUES ('U2039V2002', 3.4016135639992972E16, 2039.0, 2002.0);


INSERT INTO StarRep (System_id,cluster_id,distance_clust_virt_centre,luminosity,no_planets_allowed,angle_in_radians_s,star_color,star_type,star_size)  VALUES ('U2039V2002', 'U2039V2002_0', 4.8E10, 0.123, 'F', 192.0, 'orng.mains', 'k8', 1.2120000000000002);


INSERT INTO StarRep (System_id,cluster_id,distance_clust_virt_centre,luminosity,no_planets_allowed,angle_in_radians_s,star_color,star_type,star_size)  VALUES ('U2039V2002', 'U2039V2002_0', 3.585542168674699E10, 0.0466, 'F', 259.0, 'red_.mains', 'm3', 0.09316666666666662);


INSERT INTO StarRep (System_id,cluster_id,distance_clust_virt_centre,luminosity,no_planets_allowed,angle_in_radians_s,star_color,star_type,star_size)  VALUES ('U2039V2002', 'U2039V2002_0', 3.542857142857143E10, 1.2, 'F', 291.0, 'yelo.mains', 'g0', 42.0);


INSERT INTO StarRep (System_id,cluster_id,distance_clust_virt_centre,luminosity,no_planets_allowed,angle_in_radians_s,star_color,star_type,star_size)  VALUES ('U2039V2002', 'U2039V2002_2', 8.752941176470589E10, 0.282, 'F', 84.0, 'orng.mains', 'k2', 1.0830000000000002);


INSERT INTO ClusterRep (System_id,distance_sys_virt_centre,planetsAllowed,cluster_id,angle_in_radians,cluster_description,number_stars_in_cluster)  VALUES ('U2039V2002', 4.96E11, 'F', 'U2039V2002_2', 5.253441048502932, 'Cluster Number: 2 THREESTAR_TRINARY', 1);


INSERT INTO SystemRep (System_id, distance_to_galaxy_centre, ucoordinate, vcoordinate) VALUES ('U2039V2001', 3.400779672220404E16, 2039.0, 2001.0);


INSERT INTO StarRep (System_id,cluster_id,distance_clust_virt_centre,luminosity,no_planets_allowed,angle_in_radians_s,star_color,star_type,star_size)  VALUES ('U2039V2001', 'U2039V2001_0', 4.509090909090909E10, 0.0466, 'F', 181.0, 'red_.mains', 'm3', 0.09316666666666662);


INSERT INTO StarRep (System_id,cluster_id,distance_clust_virt_centre,luminosity,no_planets_allowed,angle_in_radians_s,star_color,star_type,star_size)  VALUES ('U2039V2001', 'U2039V2001_0', 1.417142857142857E11, 82.0, 'F', 328.0, 'yelo.gi.i ', 'g8', 5.52);


INSERT INTO StarRep (System_id,cluster_id,distance_clust_virt_centre,luminosity,no_planets_allowed,angle_in_radians_s,star_color,star_type,star_size)  VALUES ('U2039V2001', 'U2039V2001_0', 3.91578947368421E10, 2.3112085913860194, 'F', 224.0, 'pyel.mains', 'f6', 39.6);


INSERT INTO StarRep (System_id,cluster_id,distance_clust_virt_centre,luminosity,no_planets_allowed,angle_in_radians_s,star_color,star_type,star_size)  VALUES ('U2039V2001', 'U2039V2001_2', 4.1915492957746475E10, 1809444.9369952197, 'F', 322.0, 'blue.sg.i ', 'o8', 116.66666666666667);


INSERT INTO ClusterRep (System_id,distance_sys_virt_centre,planetsAllowed,cluster_id,angle_in_radians,cluster_description,number_stars_in_cluster)  VALUES ('U2039V2001', 3.5011764705882355E11, 'F', 'U2039V2001_2', 5.689773361501514, 'Cluster Number: 2 THREESTAR_TRINARY', 1);


INSERT INTO SystemRep (System_id, distance_to_galaxy_centre, ucoordinate, vcoordinate) VALUES ('U2039V2000', 3.399945992702731E16, 2039.0, 2000.0);


INSERT INTO StarRep (System_id,cluster_id,distance_clust_virt_centre,luminosity,no_planets_allowed,angle_in_radians_s,star_color,star_type,star_size)  VALUES ('U2039V2000', 'U2039V2000_0', 4.376470588235294E10, 1.1976193571963896, 'F', 221.0, 'yelo.mains', 'g0', 42.0);


INSERT INTO StarRep (System_id,cluster_id,distance_clust_virt_centre,luminosity,no_planets_allowed,angle_in_radians_s,star_color,star_type,star_size)  VALUES ('U2039V2000', 'U2039V2000_0', 5.2210526315789474E10, 0.0096, 'F', 324.0, 'red_.mains', 'm9', 0.13616666666666666);


INSERT INTO StarRep (System_id,cluster_id,distance_clust_virt_centre,luminosity,no_planets_allowed,angle_in_radians_s,star_color,star_type,star_size)  VALUES ('U2039V2000', 'U2039V2000_0', 1.6533333333333334E11, 3.9E-5, 'F', 119.0, 'orng.dwarf', 'dk', 0.5373333333333334);


INSERT INTO StarRep (System_id,cluster_id,distance_clust_virt_centre,luminosity,no_planets_allowed,angle_in_radians_s,star_color,star_type,star_size)  VALUES ('U2039V2000', 'U2039V2000_2', 6.073469387755102E10, 140879.2775833067, 'F', 95.0, 'blue.mains', 'o8', 5.166666666666667);


INSERT INTO ClusterRep (System_id,distance_sys_virt_centre,planetsAllowed,cluster_id,angle_in_radians,cluster_description,number_stars_in_cluster)  VALUES ('U2039V2000', 7.44E11, 'F', 'U2039V2000_2', 4.834562028024293, 'Cluster Number: 2 THREESTAR_TRINARY', 1);


INSERT INTO SystemRep (System_id, distance_to_galaxy_centre, ucoordinate, vcoordinate) VALUES ('U2035V2009', 3.404066557851206E16, 2035.0, 2009.0);


INSERT INTO StarRep (System_id,cluster_id,distance_clust_virt_centre,luminosity,no_planets_allowed,angle_in_radians_s,star_color,star_type,star_size)  VALUES ('U2035V2009', 'U2035V2009_0', 4.0767123287671234E10, 0.21521400513881625, 'F', 210.0, 'orng.mains', 'k4', 1.126);


INSERT INTO StarRep (System_id,cluster_id,distance_clust_virt_centre,luminosity,no_planets_allowed,angle_in_radians_s,star_color,star_type,star_size)  VALUES ('U2035V2009', 'U2035V2009_0', 3.1326315789473682E10, 141000.0, 'F', 33.0, 'blue.mains', 'o8', 5.166666666666667);


INSERT INTO ClusterRep (System_id,distance_sys_virt_centre,planetsAllowed,cluster_id,angle_in_radians,cluster_description,number_stars_in_cluster)  VALUES ('U2035V2009', 3.1812413793103447E12, 'T', 'U2035V2009_1', 0.09412678271409296, 'Cluster Number: 1 THREESTAR_BINARYPLUSONE', 0);


INSERT INTO SystemRep (System_id, distance_to_galaxy_centre, ucoordinate, vcoordinate) VALUES ('U2035V2008', 3.403230352437848E16, 2035.0, 2008.0);


INSERT INTO StarRep (System_id,cluster_id,distance_clust_virt_centre,luminosity,no_planets_allowed,angle_in_radians_s,star_color,star_type,star_size)  VALUES ('U2035V2008', 'U2035V2008_0', 4.96E11, 1.0, 'F', 77.0, 'yelo.mains', 'g2', 43.199999999999996);


INSERT INTO StarRep (System_id,cluster_id,distance_clust_virt_centre,luminosity,no_planets_allowed,angle_in_radians_s,star_color,star_type,star_size)  VALUES ('U2035V2008', 'U2035V2008_0', 3.585542168674699E10, 0.0734, 'F', 34.0, 'red_.mains', 'm1', 0.07883333333333331);


INSERT INTO ClusterRep (System_id,distance_sys_virt_centre,planetsAllowed,cluster_id,angle_in_radians,cluster_description,number_stars_in_cluster)  VALUES ('U2035V2008', 4.1664E12, 'T', 'U2035V2008_1', 0.07798205946539741, 'Cluster Number: 1 THREESTAR_BINARYPLUSONE', 0);


INSERT INTO SystemRep (System_id, distance_to_galaxy_centre, ucoordinate, vcoordinate) VALUES ('U2035V2007', 3.4023943579972972E16, 2035.0, 2007.0);


INSERT INTO StarRep (System_id,cluster_id,distance_clust_virt_centre,luminosity,no_planets_allowed,angle_in_radians_s,star_color,star_type,star_size)  VALUES ('U2035V2007', 'U2035V2007_0', 3.72E11, 0.013393582211086053, 'F', 117.0, 'red_.mains', 'm7', 0.12183333333333335);


INSERT INTO StarRep (System_id,cluster_id,distance_clust_virt_centre,luminosity,no_planets_allowed,angle_in_radians_s,star_color,star_type,star_size)  VALUES ('U2035V2007', 'U2035V2007_0', 1.488E11, 0.408, 'F', 30.0, 'yelo.mains', 'g9', 47.4);


INSERT INTO ClusterRep (System_id,distance_sys_virt_centre,planetsAllowed,cluster_id,angle_in_radians,cluster_description,number_stars_in_cluster)  VALUES ('U2035V2007', 3.1964444444444443E12, 'T', 'U2035V2007_1', 0.01705857550805568, 'Cluster Number: 1 THREESTAR_BINARYPLUSONE', 0);


INSERT INTO SystemRep (System_id, distance_to_galaxy_centre, ucoordinate, vcoordinate) VALUES ('U2035V2006', 3.4015585746851044E16, 2035.0, 2006.0);


INSERT INTO StarRep (System_id,cluster_id,distance_clust_virt_centre,luminosity,no_planets_allowed,angle_in_radians_s,star_color,star_type,star_size)  VALUES ('U2035V2006', 'U2035V2006_0', 7.44E11, 0.0134, 'F', 37.0, 'red_.mains', 'm7', 0.12183333333333335);


INSERT INTO StarRep (System_id,cluster_id,distance_clust_virt_centre,luminosity,no_planets_allowed,angle_in_radians_s,star_color,star_type,star_size)  VALUES ('U2035V2006', 'U2035V2006_0', 6.469565217391304E10, 3.75E-5, 'F', 39.0, 'orng.dwarf', 'dk', 0.5633333333333334);


INSERT INTO ClusterRep (System_id,distance_sys_virt_centre,planetsAllowed,cluster_id,angle_in_radians,cluster_description,number_stars_in_cluster)  VALUES ('U2035V2006', 3.162E12, 'T', 'U2035V2006_1', 0.02954788971931073, 'Cluster Number: 1 THREESTAR_BINARYPLUSONE', 0);


INSERT INTO SystemRep (System_id, distance_to_galaxy_centre, ucoordinate, vcoordinate) VALUES ('U2035V2005', 3.4007230026569348E16, 2035.0, 2005.0);


INSERT INTO SystemRep (System_id, distance_to_galaxy_centre, ucoordinate, vcoordinate) VALUES ('U2035V2004', 3.3998876420685668E16, 2035.0, 2004.0);


INSERT INTO SystemRep (System_id, distance_to_galaxy_centre, ucoordinate, vcoordinate) VALUES ('U2035V2003', 3.3990524930758924E16, 2035.0, 2003.0);


INSERT INTO SystemRep (System_id, distance_to_galaxy_centre, ucoordinate, vcoordinate) VALUES ('U2035V2002', 3.3982175558349176E16, 2035.0, 2002.0);


INSERT INTO SystemRep (System_id, distance_to_galaxy_centre, ucoordinate, vcoordinate) VALUES ('U2035V2001', 3.3973828305017612E16, 2035.0, 2001.0);


INSERT INTO StarRep (System_id,cluster_id,distance_clust_virt_centre,luminosity,no_planets_allowed,angle_in_radians_s,star_color,star_type,star_size)  VALUES ('U2035V2001', 'U2035V2001_0', 8.043243243243243E10, 0.07299700662777991, 'F', 264.0, 'red_.mains', 'm1', 0.07883333333333331);


INSERT INTO StarRep (System_id,cluster_id,distance_clust_virt_centre,luminosity,no_planets_allowed,angle_in_radians_s,star_color,star_type,star_size)  VALUES ('U2035V2001', 'U2035V2001_0', 8.752941176470589E10, 0.945, 'F', 40.0, 'yelo.mains', 'g3', 43.8);


INSERT INTO ClusterRep (System_id,distance_sys_virt_centre,planetsAllowed,cluster_id,angle_in_radians,cluster_description,number_stars_in_cluster)  VALUES ('U2035V2001', 3.72E12, 'T', 'U2035V2001_1', 0.013403166470615176, 'Cluster Number: 1 THREESTAR_BINARYPLUSONE', 0);


INSERT INTO SystemRep (System_id, distance_to_galaxy_centre, ucoordinate, vcoordinate) VALUES ('U2035V2000', 3.396548317232658E16, 2035.0, 2000.0);


INSERT INTO StarRep (System_id,cluster_id,distance_clust_virt_centre,luminosity,no_planets_allowed,angle_in_radians_s,star_color,star_type,star_size)  VALUES ('U2035V2000', 'U2035V2000_0', 7.63076923076923E10, 4.309953665664182, 'F', 304.0, 'red_.subgi', 'm2', 3.6666666666666665);


INSERT INTO StarRep (System_id,cluster_id,distance_clust_virt_centre,luminosity,no_planets_allowed,angle_in_radians_s,star_color,star_type,star_size)  VALUES ('U2035V2000', 'U2035V2000_0', 4.1915492957746475E10, 1120.0, 'F', 36.0, 'whit.gi.ii', 'a4', 15.3);


INSERT INTO ClusterRep (System_id,distance_sys_virt_centre,planetsAllowed,cluster_id,angle_in_radians,cluster_description,number_stars_in_cluster)  VALUES ('U2035V2000', 3.168E12, 'T', 'U2035V2000_1', 0.061837336216701844, 'Cluster Number: 1 THREESTAR_BINARYPLUSONE', 0);


INSERT INTO SystemRep (System_id, distance_to_galaxy_centre, ucoordinate, vcoordinate) VALUES ('U2031V2009', 3.4006796664712068E16, 2031.0, 2009.0);


INSERT INTO StarRep (System_id,cluster_id,distance_clust_virt_centre,luminosity,no_planets_allowed,angle_in_radians_s,star_color,star_type,star_size)  VALUES ('U2031V2009', 'U2031V2009_0', 4.441791044776119E10, 3.55E-5, 'F', 42.0, 'orng.dwarf', 'dk', 0.598);


INSERT INTO StarRep (System_id,cluster_id,distance_clust_virt_centre,luminosity,no_planets_allowed,angle_in_radians_s,star_color,star_type,star_size)  VALUES ('U2031V2009', 'U2031V2009_0', 1.0262068965517241E11, 2.7993329703455135E-5, 'F', 168.0, 'red_.dwarf', 'dm', 0.6413333333333334);


INSERT INTO StarRep (System_id,cluster_id,distance_clust_virt_centre,luminosity,no_planets_allowed,angle_in_radians_s,star_color,star_type,star_size)  VALUES ('U2031V2009', 'U2031V2009_0', 2.976E12, 0.0734, 'F', 191.0, 'red_.mains', 'm1', 0.07883333333333331);


INSERT INTO StarRep (System_id,cluster_id,distance_clust_virt_centre,luminosity,no_planets_allowed,angle_in_radians_s,star_color,star_type,star_size)  VALUES ('U2031V2009', 'U2031V2009_2', 3.4604651162790695E10, 0.4063837601387428, 'F', 152.0, 'yelo.mains', 'g9', 47.4);


INSERT INTO ClusterRep (System_id,distance_sys_virt_centre,planetsAllowed,cluster_id,angle_in_radians,cluster_description,number_stars_in_cluster)  VALUES ('U2031V2009', 9.92E10, 'F', 'U2031V2009_2', 0.5759586531581288, 'Cluster Number: 2 THREESTAR_TRINARY', 1);


INSERT INTO SystemRep (System_id, distance_to_galaxy_centre, ucoordinate, vcoordinate) VALUES ('U2031V2008', 3.3998426280379508E16, 2031.0, 2008.0);


INSERT INTO SystemRep (System_id, distance_to_galaxy_centre, ucoordinate, vcoordinate) VALUES ('U2031V2007', 3.3990058003777516E16, 2031.0, 2007.0);


INSERT INTO StarRep (System_id,cluster_id,distance_clust_virt_centre,luminosity,no_planets_allowed,angle_in_radians_s,star_color,star_type,star_size)  VALUES ('U2031V2007', 'U2031V2007_0', 4.723809523809524E10, 3.9996510691594205E-5, 'F', 322.0, 'orng.dwarf', 'dk', 0.52);


INSERT INTO StarRep (System_id,cluster_id,distance_clust_virt_centre,luminosity,no_planets_allowed,angle_in_radians_s,star_color,star_type,star_size)  VALUES ('U2031V2007', 'U2031V2007_0', 5.410909090909091E10, 0.21462602003527761, 'F', 177.0, 'orng.mains', 'k4', 1.126);


INSERT INTO StarRep (System_id,cluster_id,distance_clust_virt_centre,luminosity,no_planets_allowed,angle_in_radians_s,star_color,star_type,star_size)  VALUES ('U2031V2007', 'U2031V2007_0', 1.6533333333333334E11, 0.9438596220479198, 'F', 42.0, 'yelo.mains', 'g3', 43.8);


INSERT INTO StarRep (System_id,cluster_id,distance_clust_virt_centre,luminosity,no_planets_allowed,angle_in_radians_s,star_color,star_type,star_size)  VALUES ('U2031V2007', 'U2031V2007_2', 9.6E10, 29.884061678618348, 'F', 245.0, 'whit.mains', 'a4', 32.4);


INSERT INTO ClusterRep (System_id,distance_sys_virt_centre,planetsAllowed,cluster_id,angle_in_radians,cluster_description,number_stars_in_cluster)  VALUES ('U2031V2007', 7.63076923076923E10, 'F', 'U2031V2007_2', 2.286381320112572, 'Cluster Number: 2 THREESTAR_TRINARY', 1);


INSERT INTO SystemRep (System_id, distance_to_galaxy_centre, ucoordinate, vcoordinate) VALUES ('U2031V2006', 3.398169183646323E16, 2031.0, 2006.0);


INSERT INTO StarRep (System_id,cluster_id,distance_clust_virt_centre,luminosity,no_planets_allowed,angle_in_radians_s,star_color,star_type,star_size)  VALUES ('U2031V2006', 'U2031V2006_0', 3.1326315789473682E10, 0.0466, 'F', 189.0, 'red_.mains', 'm3', 0.09316666666666662);


INSERT INTO StarRep (System_id,cluster_id,distance_clust_virt_centre,luminosity,no_planets_allowed,angle_in_radians_s,star_color,star_type,star_size)  VALUES ('U2031V2006', 'U2031V2006_0', 6.920930232558139E10, 3.7480231872673447E-5, 'F', 178.0, 'orng.dwarf', 'dk', 0.5633333333333334);


INSERT INTO StarRep (System_id,cluster_id,distance_clust_virt_centre,luminosity,no_planets_allowed,angle_in_radians_s,star_color,star_type,star_size)  VALUES ('U2031V2006', 'U2031V2006_0', 8.043243243243243E10, 146.0, 'F', 197.0, 'orng.gi.i ', 'k1', 6.4399999999999995);


INSERT INTO StarRep (System_id,cluster_id,distance_clust_virt_centre,luminosity,no_planets_allowed,angle_in_radians_s,star_color,star_type,star_size)  VALUES ('U2031V2006', 'U2031V2006_2', 7.83157894736842E10, 2.298235782334426, 'F', 321.0, 'pyel.mains', 'f6', 39.6);


INSERT INTO ClusterRep (System_id,distance_sys_virt_centre,planetsAllowed,cluster_id,angle_in_radians,cluster_description,number_stars_in_cluster)  VALUES ('U2031V2006', 1.24E11, 'F', 'U2031V2006_2', 2.5656340004316647, 'Cluster Number: 2 THREESTAR_TRINARY', 1);


INSERT INTO SystemRep (System_id, distance_to_galaxy_centre, ucoordinate, vcoordinate) VALUES ('U2031V2005', 3.397332777999494E16, 2031.0, 2005.0);


INSERT INTO SystemRep (System_id, distance_to_galaxy_centre, ucoordinate, vcoordinate) VALUES ('U2031V2004', 3.396496583593206E16, 2031.0, 2004.0);


INSERT INTO StarRep (System_id,cluster_id,distance_clust_virt_centre,luminosity,no_planets_allowed,angle_in_radians_s,star_color,star_type,star_size)  VALUES ('U2031V2004', 'U2031V2004_0', 1.2939130434782608E11, 0.9974083445772205, 'F', 17.0, 'yelo.mains', 'g2', 43.199999999999996);


INSERT INTO StarRep (System_id,cluster_id,distance_clust_virt_centre,luminosity,no_planets_allowed,angle_in_radians_s,star_color,star_type,star_size)  VALUES ('U2031V2004', 'U2031V2004_0', 8.043243243243243E10, 2.798336865311232E-5, 'F', 232.0, 'red_.dwarf', 'dm', 0.6413333333333334);


INSERT INTO StarRep (System_id,cluster_id,distance_clust_virt_centre,luminosity,no_planets_allowed,angle_in_radians_s,star_color,star_type,star_size)  VALUES ('U2031V2004', 'U2031V2004_0', 3.72E10, 0.04639666072970481, 'F', 241.0, 'red_.mains', 'm3', 0.09316666666666662);


INSERT INTO StarRep (System_id,cluster_id,distance_clust_virt_centre,luminosity,no_planets_allowed,angle_in_radians_s,star_color,star_type,star_size)  VALUES ('U2031V2004', 'U2031V2004_2', 6.920930232558139E10, 126000.0, 'F', 17.0, 'blue.subgi', 'o8', 27.333333333333336);


INSERT INTO ClusterRep (System_id,distance_sys_virt_centre,planetsAllowed,cluster_id,angle_in_radians,cluster_description,number_stars_in_cluster)  VALUES ('U2031V2004', 1.86E11, 'F', 'U2031V2004_2', 1.4660765716752369, 'Cluster Number: 2 THREESTAR_TRINARY', 1);


INSERT INTO SystemRep (System_id, distance_to_galaxy_centre, ucoordinate, vcoordinate) VALUES ('U2031V2003', 3.395660600583515E16, 2031.0, 2003.0);


INSERT INTO StarRep (System_id,cluster_id,distance_clust_virt_centre,luminosity,no_planets_allowed,angle_in_radians_s,star_color,star_type,star_size)  VALUES ('U2031V2003', 'U2031V2003_0', 7.44E10, 0.027376789416684026, 'F', 155.0, 'red_.mains', 'm5', 0.10750000000000004);


INSERT INTO StarRep (System_id,cluster_id,distance_clust_virt_centre,luminosity,no_planets_allowed,angle_in_radians_s,star_color,star_type,star_size)  VALUES ('U2031V2003', 'U2031V2003_0', 5.044067796610169E10, 0.0466, 'F', 352.0, 'red_.mains', 'm3', 0.09316666666666662);


INSERT INTO StarRep (System_id,cluster_id,distance_clust_virt_centre,luminosity,no_planets_allowed,angle_in_radians_s,star_color,star_type,star_size)  VALUES ('U2031V2003', 'U2031V2003_0', 9.3E10, 3.167120717446141, 'F', 47.0, 'pyel.mains', 'f4', 38.4);


INSERT INTO StarRep (System_id,cluster_id,distance_clust_virt_centre,luminosity,no_planets_allowed,angle_in_radians_s,star_color,star_type,star_size)  VALUES ('U2031V2003', 'U2031V2003_2', 1.0262068965517241E11, 0.04585795716479582, 'F', 306.0, 'red_.mains', 'm3', 0.09316666666666662);


INSERT INTO ClusterRep (System_id,distance_sys_virt_centre,planetsAllowed,cluster_id,angle_in_radians,cluster_description,number_stars_in_cluster)  VALUES ('U2031V2003', 8.502857142857142E11, 'F', 'U2031V2003_2', 5.218534463463045, 'Cluster Number: 2 THREESTAR_TRINARY', 1);


INSERT INTO SystemRep (System_id, distance_to_galaxy_centre, ucoordinate, vcoordinate) VALUES ('U2031V2002', 3.394824829126593E16, 2031.0, 2002.0);


INSERT INTO StarRep (System_id,cluster_id,distance_clust_virt_centre,luminosity,no_planets_allowed,angle_in_radians_s,star_color,star_type,star_size)  VALUES ('U2031V2002', 'U2031V2002_0', 7.085714285714285E10, 2.303035427735521, 'F', 195.0, 'pyel.mains', 'f6', 39.6);


INSERT INTO StarRep (System_id,cluster_id,distance_clust_virt_centre,luminosity,no_planets_allowed,angle_in_radians_s,star_color,star_type,star_size)  VALUES ('U2031V2002', 'U2031V2002_0', 3.1326315789473682E10, 0.282, 'F', 348.0, 'orng.mains', 'k2', 1.0830000000000002);


INSERT INTO StarRep (System_id,cluster_id,distance_clust_virt_centre,luminosity,no_planets_allowed,angle_in_radians_s,star_color,star_type,star_size)  VALUES ('U2031V2002', 'U2031V2002_0', 4.0767123287671234E10, 0.528, 'F', 302.0, 'yelo.subdw', 'g5', 3.9);


INSERT INTO StarRep (System_id,cluster_id,distance_clust_virt_centre,luminosity,no_planets_allowed,angle_in_radians_s,star_color,star_type,star_size)  VALUES ('U2031V2002', 'U2031V2002_2', 4.251428571428571E11, 3.9980690450545194E-5, 'F', 79.0, 'orng.dwarf', 'dk', 0.52);


INSERT INTO ClusterRep (System_id,distance_sys_virt_centre,planetsAllowed,cluster_id,angle_in_radians,cluster_description,number_stars_in_cluster)  VALUES ('U2031V2002', 6.073469387755102E10, 'F', 'U2031V2002_2', 4.380776422505767, 'Cluster Number: 2 THREESTAR_TRINARY', 1);


INSERT INTO SystemRep (System_id, distance_to_galaxy_centre, ucoordinate, vcoordinate) VALUES ('U2031V2001', 3.393989269378723E16, 2031.0, 2001.0);


INSERT INTO StarRep (System_id,cluster_id,distance_clust_virt_centre,luminosity,no_planets_allowed,angle_in_radians_s,star_color,star_type,star_size)  VALUES ('U2031V2001', 'U2031V2001_0', 4.021621621621622E10, 6700.0, 'F', 62.0, 'ltbl.gi.i ', 'b5', 54.166666666666664);


INSERT INTO StarRep (System_id,cluster_id,distance_clust_virt_centre,luminosity,no_planets_allowed,angle_in_radians_s,star_color,star_type,star_size)  VALUES ('U2031V2001', 'U2031V2001_0', 3.585542168674699E10, 0.0096, 'F', 349.0, 'red_.mains', 'm9', 0.13616666666666666);


INSERT INTO StarRep (System_id,cluster_id,distance_clust_virt_centre,luminosity,no_planets_allowed,angle_in_radians_s,star_color,star_type,star_size)  VALUES ('U2031V2001', 'U2031V2001_0', 3.234782608695652E10, 0.216, 'F', 97.0, 'orng.mains', 'k4', 1.126);


INSERT INTO StarRep (System_id,cluster_id,distance_clust_virt_centre,luminosity,no_planets_allowed,angle_in_radians_s,star_color,star_type,star_size)  VALUES ('U2031V2001', 'U2031V2001_2', 1.984E11, 7.597869783448966, 'F', 155.0, 'pyel.mains', 'f1', 36.599999999999994);


INSERT INTO ClusterRep (System_id,distance_sys_virt_centre,planetsAllowed,cluster_id,angle_in_radians,cluster_description,number_stars_in_cluster)  VALUES ('U2031V2001', 8.752941176470589E10, 'F', 'U2031V2001_2', 4.6600291028248595, 'Cluster Number: 2 THREESTAR_TRINARY', 1);


INSERT INTO SystemRep (System_id, distance_to_galaxy_centre, ucoordinate, vcoordinate) VALUES ('U2031V2000', 3.393153921496306E16, 2031.0, 2000.0);


INSERT INTO StarRep (System_id,cluster_id,distance_clust_virt_centre,luminosity,no_planets_allowed,angle_in_radians_s,star_color,star_type,star_size)  VALUES ('U2031V2000', 'U2031V2000_0', 4.251428571428571E10, 510.23089691120043, 'F', 342.0, 'pyel.gi.ii', 'f5', 9.0);


INSERT INTO StarRep (System_id,cluster_id,distance_clust_virt_centre,luminosity,no_planets_allowed,angle_in_radians_s,star_color,star_type,star_size)  VALUES ('U2031V2000', 'U2031V2000_0', 2.976E11, 0.408, 'F', 358.0, 'yelo.mains', 'g9', 47.4);


INSERT INTO StarRep (System_id,cluster_id,distance_clust_virt_centre,luminosity,no_planets_allowed,angle_in_radians_s,star_color,star_type,star_size)  VALUES ('U2031V2000', 'U2031V2000_0', 2.976E11, 2.32, 'F', 307.0, 'pyel.mains', 'f6', 39.6);


INSERT INTO StarRep (System_id,cluster_id,distance_clust_virt_centre,luminosity,no_planets_allowed,angle_in_radians_s,star_color,star_type,star_size)  VALUES ('U2031V2000', 'U2031V2000_2', 5.1310344827586205E10, 2.797597761153005E-5, 'F', 248.0, 'red_.dwarf', 'dm', 0.6413333333333334);


INSERT INTO ClusterRep (System_id,distance_sys_virt_centre,planetsAllowed,cluster_id,angle_in_radians,cluster_description,number_stars_in_cluster)  VALUES ('U2031V2000', 7.002352941176471E10, 'F', 'U2031V2000_2', 0.06981317007977318, 'Cluster Number: 2 THREESTAR_TRINARY', 1);


