-- MySQL dump 10.13  Distrib 5.1.37, for debian-linux-gnu (i486)
--
-- Host: localhost    Database: cosmos
-- ------------------------------------------------------
-- Server version	5.1.37-1ubuntu5-log

/*!40101 SET @OLD_CHARACTER_SET_CLIENT=@@CHARACTER_SET_CLIENT */;
/*!40101 SET @OLD_CHARACTER_SET_RESULTS=@@CHARACTER_SET_RESULTS */;
/*!40101 SET @OLD_COLLATION_CONNECTION=@@COLLATION_CONNECTION */;
/*!40101 SET NAMES utf8 */;
/*!40103 SET @OLD_TIME_ZONE=@@TIME_ZONE */;
/*!40103 SET TIME_ZONE='+00:00' */;
/*!40014 SET @OLD_UNIQUE_CHECKS=@@UNIQUE_CHECKS, UNIQUE_CHECKS=0 */;
/*!40014 SET @OLD_FOREIGN_KEY_CHECKS=@@FOREIGN_KEY_CHECKS, FOREIGN_KEY_CHECKS=0 */;
/*!40101 SET @OLD_SQL_MODE=@@SQL_MODE, SQL_MODE='NO_AUTO_VALUE_ON_ZERO' */;
/*!40111 SET @OLD_SQL_NOTES=@@SQL_NOTES, SQL_NOTES=0 */;

--
-- Dumping data for table `ClusterRep`
--

LOCK TABLES `ClusterRep` WRITE;
/*!40000 ALTER TABLE `ClusterRep` DISABLE KEYS */;
INSERT INTO `ClusterRep` VALUES ('U100007V100008',192000000000,'T','U100007V100008_0',4.34586983746588,'Cluster Number: 0 SINGLESTAR',1,'2009-12-26 22:54:32'),('U100005V100008',94476190476.1905,'T','U100005V100008_0',4.60766922526503,'Cluster Number: 0 SINGLESTAR',1,'2009-12-26 22:54:32');
/*!40000 ALTER TABLE `ClusterRep` ENABLE KEYS */;
UNLOCK TABLES;

--
-- Dumping data for table `Planetoid`
--

LOCK TABLES `Planetoid` WRITE;
/*!40000 ALTER TABLE `Planetoid` DISABLE KEYS */;
INSERT INTO `Planetoid` VALUES ('U100007V100008_0_0',5065.51035307195,0.359306895653563,169.971809584623,38.512087253661,0,'2009-12-26 22:59:43'),('U100007V100008_0_1',3995.32273235344,0.623513249229621,251.048108539494,29.2352619650661,0,'2009-12-26 22:59:43'),('U100005V100008_0_0',2010.81671822747,0.456236848451256,155.866674323042,2250.47460148756,0,'2009-12-26 22:59:45'),('U100005V100008_0_1',2097.93353469821,0.669704808790428,288.284192879517,1857.49471400791,0,'2009-12-26 22:59:45'),('U100005V100008_0_2',2855.84050645369,1.9336757246044,149.985121519495,1093.14424485509,0,'2009-12-26 22:59:45');
/*!40000 ALTER TABLE `Planetoid` ENABLE KEYS */;
UNLOCK TABLES;

--
-- Dumping data for table `PlanetoidAtmosphere`
--

LOCK TABLES `PlanetoidAtmosphere` WRITE;
/*!40000 ALTER TABLE `PlanetoidAtmosphere` DISABLE KEYS */;
INSERT INTO `PlanetoidAtmosphere` VALUES ('U100007V100008_0_0','residue',1.62540750842291,'2009-12-26 22:59:44'),('U100007V100008_0_0','methane_ch(4)',56.1737790790951,'2009-12-26 22:59:44'),('U100007V100008_0_0','carbon_dioxide_co[1]',40.2745331301139,'2009-12-26 22:59:44'),('U100007V100008_0_0','nitrogen_n[1]',1.76980025669822,'2009-12-26 22:59:44'),('U100007V100008_0_0','nitrogen_dioxide_no[1]',0.165436386972565,'2009-12-26 22:59:44'),('U100007V100008_0_0','oxygen_o[1]',0.0210436386972565,'2009-12-26 22:59:44'),('U100007V100008_0_0','water_h[2]o',0.005,'2009-12-26 22:59:44'),('U100007V100008_0_1','residue',0.0183209004928733,'2009-12-26 22:59:44'),('U100007V100008_0_1','methane_ch(4)',33.3139116824297,'2009-12-26 22:59:44'),('U100007V100008_0_1','carbon_dioxide_co[1]',33.3738557346477,'2009-12-26 22:59:44'),('U100007V100008_0_1','oxygen_o[1]',0.0116604502464367,'2009-12-26 22:59:44'),('U100007V100008_0_1','water_h[2]o',33.3072512321833,'2009-12-26 22:59:44'),('U100005V100008_0_0','residue',100.005,'2009-12-26 22:59:45'),('U100005V100008_0_1','residue',100.005,'2009-12-26 22:59:45'),('U100005V100008_0_2','residue',100.005,'2009-12-26 22:59:45');
/*!40000 ALTER TABLE `PlanetoidAtmosphere` ENABLE KEYS */;
UNLOCK TABLES;

--
-- Dumping data for table `PlanetoidRep`
--

LOCK TABLES `PlanetoidRep` WRITE;
/*!40000 ALTER TABLE `PlanetoidRep` DISABLE KEYS */;
INSERT INTO `PlanetoidRep` VALUES ('U100007V100008','U100007V100008_0','U100007V100008_0_0',NULL,'2009-12-26 22:59:43'),('U100007V100008','U100007V100008_0','U100007V100008_0_1',NULL,'2009-12-26 22:59:43'),('U100005V100008','U100005V100008_0','U100005V100008_0_0',NULL,'2009-12-26 22:59:45'),('U100005V100008','U100005V100008_0','U100005V100008_0_1',NULL,'2009-12-26 22:59:45'),('U100005V100008','U100005V100008_0','U100005V100008_0_2',NULL,'2009-12-26 22:59:45');
/*!40000 ALTER TABLE `PlanetoidRep` ENABLE KEYS */;
UNLOCK TABLES;

--
-- Dumping data for table `StarRep`
--

LOCK TABLES `StarRep` WRITE;
/*!40000 ALTER TABLE `StarRep` DISABLE KEYS */;
INSERT INTO `StarRep` VALUES ('U100007V100008','U100007V100008_0',35855421686.747,3.75e-05,'F',48,'orng.dwarf','dk','2009-12-26 22:54:32',0.563333333333333),('U100005V100008','U100005V100008_0',106285714285.714,705,'F',125,'ltbl.subgi','b8','2009-12-26 22:54:32',38.6666666666667);
/*!40000 ALTER TABLE `StarRep` ENABLE KEYS */;
UNLOCK TABLES;

--
-- Dumping data for table `SystemRep`
--

LOCK TABLES `SystemRep` WRITE;
/*!40000 ALTER TABLE `SystemRep` DISABLE KEYS */;
INSERT INTO `SystemRep` VALUES ('U100004V100008',1.68358083377509e+18,100004,100008,'2009-12-26 22:54:32'),('U100006V100008',1.68359766832083e+18,100006,100008,'2009-12-26 22:54:32'),('U100007V100008',1.68360608565682e+18,100007,100008,'2009-12-26 22:54:32'),('U100003V100008',1.68357241656535e+18,100003,100008,'2009-12-26 22:54:32'),('U100005V100008',1.68358925102691e+18,100005,100008,'2009-12-26 22:54:32');
/*!40000 ALTER TABLE `SystemRep` ENABLE KEYS */;
UNLOCK TABLES;
/*!40103 SET TIME_ZONE=@OLD_TIME_ZONE */;

/*!40101 SET SQL_MODE=@OLD_SQL_MODE */;
/*!40014 SET FOREIGN_KEY_CHECKS=@OLD_FOREIGN_KEY_CHECKS */;
/*!40014 SET UNIQUE_CHECKS=@OLD_UNIQUE_CHECKS */;
/*!40101 SET CHARACTER_SET_CLIENT=@OLD_CHARACTER_SET_CLIENT */;
/*!40101 SET CHARACTER_SET_RESULTS=@OLD_CHARACTER_SET_RESULTS */;
/*!40101 SET COLLATION_CONNECTION=@OLD_COLLATION_CONNECTION */;
/*!40111 SET SQL_NOTES=@OLD_SQL_NOTES */;

-- Dump completed on 2009-12-26 15:02:06
